mode: atomic
github.com/selectel/mks-go/pkg/v2/mksclient/client.gen.go:50.70,56.25 2 0
github.com/selectel/mks-go/pkg/v2/mksclient/client.gen.go:56.25,57.36 1 0
github.com/selectel/mks-go/pkg/v2/mksclient/client.gen.go:57.36,59.4 1 0
github.com/selectel/mks-go/pkg/v2/mksclient/client.gen.go:62.2,62.44 1 0
github.com/selectel/mks-go/pkg/v2/mksclient/client.gen.go:62.44,64.3 1 0
github.com/selectel/mks-go/pkg/v2/mksclient/client.gen.go:66.2,66.26 1 0
github.com/selectel/mks-go/pkg/v2/mksclient/client.gen.go:66.26,68.3 1 0
github.com/selectel/mks-go/pkg/v2/mksclient/client.gen.go:69.2,69.21 1 0
github.com/selectel/mks-go/pkg/v2/mksclient/client.gen.go:74.56,75.31 1 0
github.com/selectel/mks-go/pkg/v2/mksclient/client.gen.go:75.31,78.3 2 0
github.com/selectel/mks-go/pkg/v2/mksclient/client.gen.go:83.59,84.31 1 0
github.com/selectel/mks-go/pkg/v2/mksclient/client.gen.go:84.31,87.3 2 0
github.com/selectel/mks-go/pkg/v2/mksclient/client.gen.go:203.121,205.16 2 0
github.com/selectel/mks-go/pkg/v2/mksclient/client.gen.go:205.16,207.3 1 0
github.com/selectel/mks-go/pkg/v2/mksclient/client.gen.go:208.2,209.61 2 0
github.com/selectel/mks-go/pkg/v2/mksclient/client.gen.go:209.61,211.3 1 0
github.com/selectel/mks-go/pkg/v2/mksclient/client.gen.go:212.2,212.25 1 0
github.com/selectel/mks-go/pkg/v2/mksclient/client.gen.go:215.109,217.16 2 0
github.com/selectel/mks-go/pkg/v2/mksclient/client.gen.go:217.16,219.3 1 0
github.com/selectel/mks-go/pkg/v2/mksclient/client.gen.go:220.2,221.61 2 0
github.com/selectel/mks-go/pkg/v2/mksclient/client.gen.go:221.61,223.3 1 0
github.com/selectel/mks-go/pkg/v2/mksclient/client.gen.go:224.2,224.25 1 0
github.com/selectel/mks-go/pkg/v2/mksclient/client.gen.go:227.154,229.16 2 0
github.com/selectel/mks-go/pkg/v2/mksclient/client.gen.go:229.16,231.3 1 0
github.com/selectel/mks-go/pkg/v2/mksclient/client.gen.go:232.2,233.61 2 0
github.com/selectel/mks-go/pkg/v2/mksclient/client.gen.go:233.61,235.3 1 0
github.com/selectel/mks-go/pkg/v2/mksclient/client.gen.go:236.2,236.25 1 0
github.com/selectel/mks-go/pkg/v2/mksclient/client.gen.go:239.147,241.16 2 0
github.com/selectel/mks-go/pkg/v2/mksclient/client.gen.go:241.16,243.3 1 0
github.com/selectel/mks-go/pkg/v2/mksclient/client.gen.go:244.2,245.61 2 0
github.com/selectel/mks-go/pkg/v2/mksclient/client.gen.go:245.61,247.3 1 0
github.com/selectel/mks-go/pkg/v2/mksclient/client.gen.go:248.2,248.25 1 0
github.com/selectel/mks-go/pkg/v2/mksclient/client.gen.go:251.131,253.16 2 0
github.com/selectel/mks-go/pkg/v2/mksclient/client.gen.go:253.16,255.3 1 0
github.com/selectel/mks-go/pkg/v2/mksclient/client.gen.go:256.2,257.61 2 0
github.com/selectel/mks-go/pkg/v2/mksclient/client.gen.go:257.61,259.3 1 0
github.com/selectel/mks-go/pkg/v2/mksclient/client.gen.go:260.2,260.25 1 0
github.com/selectel/mks-go/pkg/v2/mksclient/client.gen.go:263.128,265.16 2 0
github.com/selectel/mks-go/pkg/v2/mksclient/client.gen.go:265.16,267.3 1 0
github.com/selectel/mks-go/pkg/v2/mksclient/client.gen.go:268.2,269.61 2 0
github.com/selectel/mks-go/pkg/v2/mksclient/client.gen.go:269.61,271.3 1 0
github.com/selectel/mks-go/pkg/v2/mksclient/client.gen.go:272.2,272.25 1 0
github.com/selectel/mks-go/pkg/v2/mksclient/client.gen.go:275.175,277.16 2 0
github.com/selectel/mks-go/pkg/v2/mksclient/client.gen.go:277.16,279.3 1 0
github.com/selectel/mks-go/pkg/v2/mksclient/client.gen.go:280.2,281.61 2 0
github.com/selectel/mks-go/pkg/v2/mksclient/client.gen.go:281.61,283.3 1 0
github.com/selectel/mks-go/pkg/v2/mksclient/client.gen.go:284.2,284.25 1 0
github.com/selectel/mks-go/pkg/v2/mksclient/client.gen.go:287.168,289.16 2 0
github.com/selectel/mks-go/pkg/v2/mksclient/client.gen.go:289.16,291.3 1 0
github.com/selectel/mks-go/pkg/v2/mksclient/client.gen.go:292.2,293.61 2 0
github.com/selectel/mks-go/pkg/v2/mksclient/client.gen.go:293.61,295.3 1 0
github.com/selectel/mks-go/pkg/v2/mksclient/client.gen.go:296.2,296.25 1 0
github.com/selectel/mks-go/pkg/v2/mksclient/client.gen.go:299.170,301.16 2 0
github.com/selectel/mks-go/pkg/v2/mksclient/client.gen.go:301.16,303.3 1 0
github.com/selectel/mks-go/pkg/v2/mksclient/client.gen.go:304.2,305.61 2 0
github.com/selectel/mks-go/pkg/v2/mksclient/client.gen.go:305.61,307.3 1 0
github.com/selectel/mks-go/pkg/v2/mksclient/client.gen.go:308.2,308.25 1 0
github.com/selectel/mks-go/pkg/v2/mksclient/client.gen.go:311.138,313.16 2 0
github.com/selectel/mks-go/pkg/v2/mksclient/client.gen.go:313.16,315.3 1 0
github.com/selectel/mks-go/pkg/v2/mksclient/client.gen.go:316.2,317.61 2 0
github.com/selectel/mks-go/pkg/v2/mksclient/client.gen.go:317.61,319.3 1 0
github.com/selectel/mks-go/pkg/v2/mksclient/client.gen.go:320.2,320.25 1 0
github.com/selectel/mks-go/pkg/v2/mksclient/client.gen.go:323.132,325.16 2 0
github.com/selectel/mks-go/pkg/v2/mksclient/client.gen.go:325.16,327.3 1 0
github.com/selectel/mks-go/pkg/v2/mksclient/client.gen.go:328.2,329.61 2 0
github.com/selectel/mks-go/pkg/v2/mksclient/client.gen.go:329.61,331.3 1 0
github.com/selectel/mks-go/pkg/v2/mksclient/client.gen.go:332.2,332.25 1 0
github.com/selectel/mks-go/pkg/v2/mksclient/client.gen.go:335.178,337.16 2 0
github.com/selectel/mks-go/pkg/v2/mksclient/client.gen.go:337.16,339.3 1 0
github.com/selectel/mks-go/pkg/v2/mksclient/client.gen.go:340.2,341.61 2 0
github.com/selectel/mks-go/pkg/v2/mksclient/client.gen.go:341.61,343.3 1 0
github.com/selectel/mks-go/pkg/v2/mksclient/client.gen.go:344.2,344.25 1 0
github.com/selectel/mks-go/pkg/v2/mksclient/client.gen.go:347.174,349.16 2 0
github.com/selectel/mks-go/pkg/v2/mksclient/client.gen.go:349.16,351.3 1 0
github.com/selectel/mks-go/pkg/v2/mksclient/client.gen.go:352.2,353.61 2 0
github.com/selectel/mks-go/pkg/v2/mksclient/client.gen.go:353.61,355.3 1 0
github.com/selectel/mks-go/pkg/v2/mksclient/client.gen.go:356.2,356.25 1 0
github.com/selectel/mks-go/pkg/v2/mksclient/client.gen.go:359.158,361.16 2 0
github.com/selectel/mks-go/pkg/v2/mksclient/client.gen.go:361.16,363.3 1 0
github.com/selectel/mks-go/pkg/v2/mksclient/client.gen.go:364.2,365.61 2 0
github.com/selectel/mks-go/pkg/v2/mksclient/client.gen.go:365.61,367.3 1 0
github.com/selectel/mks-go/pkg/v2/mksclient/client.gen.go:368.2,368.25 1 0
github.com/selectel/mks-go/pkg/v2/mksclient/client.gen.go:371.155,373.16 2 0
github.com/selectel/mks-go/pkg/v2/mksclient/client.gen.go:373.16,375.3 1 0
github.com/selectel/mks-go/pkg/v2/mksclient/client.gen.go:376.2,377.61 2 0
github.com/selectel/mks-go/pkg/v2/mksclient/client.gen.go:377.61,379.3 1 0
github.com/selectel/mks-go/pkg/v2/mksclient/client.gen.go:380.2,380.25 1 0
github.com/selectel/mks-go/pkg/v2/mksclient/client.gen.go:383.202,385.16 2 0
github.com/selectel/mks-go/pkg/v2/mksclient/client.gen.go:385.16,387.3 1 0
github.com/selectel/mks-go/pkg/v2/mksclient/client.gen.go:388.2,389.61 2 0
github.com/selectel/mks-go/pkg/v2/mksclient/client.gen.go:389.61,391.3 1 0
github.com/selectel/mks-go/pkg/v2/mksclient/client.gen.go:392.2,392.25 1 0
github.com/selectel/mks-go/pkg/v2/mksclient/client.gen.go:395.197,397.16 2 0
github.com/selectel/mks-go/pkg/v2/mksclient/client.gen.go:397.16,399.3 1 0
github.com/selectel/mks-go/pkg/v2/mksclient/client.gen.go:400.2,401.61 2 0
github.com/selectel/mks-go/pkg/v2/mksclient/client.gen.go:401.61,403.3 1 0
github.com/selectel/mks-go/pkg/v2/mksclient/client.gen.go:404.2,404.25 1 0
github.com/selectel/mks-go/pkg/v2/mksclient/client.gen.go:407.199,409.16 2 0
github.com/selectel/mks-go/pkg/v2/mksclient/client.gen.go:409.16,411.3 1 0
github.com/selectel/mks-go/pkg/v2/mksclient/client.gen.go:412.2,413.61 2 0
github.com/selectel/mks-go/pkg/v2/mksclient/client.gen.go:413.61,415.3 1 0
github.com/selectel/mks-go/pkg/v2/mksclient/client.gen.go:416.2,416.25 1 0
github.com/selectel/mks-go/pkg/v2/mksclient/client.gen.go:419.168,421.16 2 0
github.com/selectel/mks-go/pkg/v2/mksclient/client.gen.go:421.16,423.3 1 0
github.com/selectel/mks-go/pkg/v2/mksclient/client.gen.go:424.2,425.61 2 0
github.com/selectel/mks-go/pkg/v2/mksclient/client.gen.go:425.61,427.3 1 0
github.com/selectel/mks-go/pkg/v2/mksclient/client.gen.go:428.2,428.25 1 0
github.com/selectel/mks-go/pkg/v2/mksclient/client.gen.go:431.165,433.16 2 0
github.com/selectel/mks-go/pkg/v2/mksclient/client.gen.go:433.16,435.3 1 0
github.com/selectel/mks-go/pkg/v2/mksclient/client.gen.go:436.2,437.61 2 0
github.com/selectel/mks-go/pkg/v2/mksclient/client.gen.go:437.61,439.3 1 0
github.com/selectel/mks-go/pkg/v2/mksclient/client.gen.go:440.2,440.25 1 0
github.com/selectel/mks-go/pkg/v2/mksclient/client.gen.go:443.171,445.16 2 0
github.com/selectel/mks-go/pkg/v2/mksclient/client.gen.go:445.16,447.3 1 0
github.com/selectel/mks-go/pkg/v2/mksclient/client.gen.go:448.2,449.61 2 0
github.com/selectel/mks-go/pkg/v2/mksclient/client.gen.go:449.61,451.3 1 0
github.com/selectel/mks-go/pkg/v2/mksclient/client.gen.go:452.2,452.25 1 0
github.com/selectel/mks-go/pkg/v2/mksclient/client.gen.go:455.202,457.16 2 0
github.com/selectel/mks-go/pkg/v2/mksclient/client.gen.go:457.16,459.3 1 0
github.com/selectel/mks-go/pkg/v2/mksclient/client.gen.go:460.2,461.61 2 0
github.com/selectel/mks-go/pkg/v2/mksclient/client.gen.go:461.61,463.3 1 0
github.com/selectel/mks-go/pkg/v2/mksclient/client.gen.go:464.2,464.25 1 0
github.com/selectel/mks-go/pkg/v2/mksclient/client.gen.go:467.197,469.16 2 0
github.com/selectel/mks-go/pkg/v2/mksclient/client.gen.go:469.16,471.3 1 0
github.com/selectel/mks-go/pkg/v2/mksclient/client.gen.go:472.2,473.61 2 0
github.com/selectel/mks-go/pkg/v2/mksclient/client.gen.go:473.61,475.3 1 0
github.com/selectel/mks-go/pkg/v2/mksclient/client.gen.go:476.2,476.25 1 0
github.com/selectel/mks-go/pkg/v2/mksclient/client.gen.go:479.134,481.16 2 0
github.com/selectel/mks-go/pkg/v2/mksclient/client.gen.go:481.16,483.3 1 0
github.com/selectel/mks-go/pkg/v2/mksclient/client.gen.go:484.2,485.61 2 0
github.com/selectel/mks-go/pkg/v2/mksclient/client.gen.go:485.61,487.3 1 0
github.com/selectel/mks-go/pkg/v2/mksclient/client.gen.go:488.2,488.25 1 0
github.com/selectel/mks-go/pkg/v2/mksclient/client.gen.go:491.131,493.16 2 0
github.com/selectel/mks-go/pkg/v2/mksclient/client.gen.go:493.16,495.3 1 0
github.com/selectel/mks-go/pkg/v2/mksclient/client.gen.go:496.2,497.61 2 0
github.com/selectel/mks-go/pkg/v2/mksclient/client.gen.go:497.61,499.3 1 0
github.com/selectel/mks-go/pkg/v2/mksclient/client.gen.go:500.2,500.25 1 0
github.com/selectel/mks-go/pkg/v2/mksclient/client.gen.go:503.178,505.16 2 0
github.com/selectel/mks-go/pkg/v2/mksclient/client.gen.go:505.16,507.3 1 0
github.com/selectel/mks-go/pkg/v2/mksclient/client.gen.go:508.2,509.61 2 0
github.com/selectel/mks-go/pkg/v2/mksclient/client.gen.go:509.61,511.3 1 0
github.com/selectel/mks-go/pkg/v2/mksclient/client.gen.go:512.2,512.25 1 0
github.com/selectel/mks-go/pkg/v2/mksclient/client.gen.go:515.174,517.16 2 0
github.com/selectel/mks-go/pkg/v2/mksclient/client.gen.go:517.16,519.3 1 0
github.com/selectel/mks-go/pkg/v2/mksclient/client.gen.go:520.2,521.61 2 0
github.com/selectel/mks-go/pkg/v2/mksclient/client.gen.go:521.61,523.3 1 0
github.com/selectel/mks-go/pkg/v2/mksclient/client.gen.go:524.2,524.25 1 0
github.com/selectel/mks-go/pkg/v2/mksclient/client.gen.go:527.178,529.16 2 0
github.com/selectel/mks-go/pkg/v2/mksclient/client.gen.go:529.16,531.3 1 0
github.com/selectel/mks-go/pkg/v2/mksclient/client.gen.go:532.2,533.61 2 0
github.com/selectel/mks-go/pkg/v2/mksclient/client.gen.go:533.61,535.3 1 0
github.com/selectel/mks-go/pkg/v2/mksclient/client.gen.go:536.2,536.25 1 0
github.com/selectel/mks-go/pkg/v2/mksclient/client.gen.go:539.174,541.16 2 0
github.com/selectel/mks-go/pkg/v2/mksclient/client.gen.go:541.16,543.3 1 0
github.com/selectel/mks-go/pkg/v2/mksclient/client.gen.go:544.2,545.61 2 0
github.com/selectel/mks-go/pkg/v2/mksclient/client.gen.go:545.61,547.3 1 0
github.com/selectel/mks-go/pkg/v2/mksclient/client.gen.go:548.2,548.25 1 0
github.com/selectel/mks-go/pkg/v2/mksclient/client.gen.go:551.155,553.16 2 0
github.com/selectel/mks-go/pkg/v2/mksclient/client.gen.go:553.16,555.3 1 0
github.com/selectel/mks-go/pkg/v2/mksclient/client.gen.go:556.2,557.61 2 0
github.com/selectel/mks-go/pkg/v2/mksclient/client.gen.go:557.61,559.3 1 0
github.com/selectel/mks-go/pkg/v2/mksclient/client.gen.go:560.2,560.25 1 0
github.com/selectel/mks-go/pkg/v2/mksclient/client.gen.go:563.136,565.16 2 0
github.com/selectel/mks-go/pkg/v2/mksclient/client.gen.go:565.16,567.3 1 0
github.com/selectel/mks-go/pkg/v2/mksclient/client.gen.go:568.2,569.61 2 0
github.com/selectel/mks-go/pkg/v2/mksclient/client.gen.go:569.61,571.3 1 0
github.com/selectel/mks-go/pkg/v2/mksclient/client.gen.go:572.2,572.25 1 0
github.com/selectel/mks-go/pkg/v2/mksclient/client.gen.go:575.154,577.16 2 0
github.com/selectel/mks-go/pkg/v2/mksclient/client.gen.go:577.16,579.3 1 0
github.com/selectel/mks-go/pkg/v2/mksclient/client.gen.go:580.2,581.61 2 0
github.com/selectel/mks-go/pkg/v2/mksclient/client.gen.go:581.61,583.3 1 0
github.com/selectel/mks-go/pkg/v2/mksclient/client.gen.go:584.2,584.25 1 0
github.com/selectel/mks-go/pkg/v2/mksclient/client.gen.go:587.165,589.16 2 0
github.com/selectel/mks-go/pkg/v2/mksclient/client.gen.go:589.16,591.3 1 0
github.com/selectel/mks-go/pkg/v2/mksclient/client.gen.go:592.2,593.61 2 0
github.com/selectel/mks-go/pkg/v2/mksclient/client.gen.go:593.61,595.3 1 0
github.com/selectel/mks-go/pkg/v2/mksclient/client.gen.go:596.2,596.25 1 0
github.com/selectel/mks-go/pkg/v2/mksclient/client.gen.go:599.137,601.16 2 0
github.com/selectel/mks-go/pkg/v2/mksclient/client.gen.go:601.16,603.3 1 0
github.com/selectel/mks-go/pkg/v2/mksclient/client.gen.go:604.2,605.61 2 0
github.com/selectel/mks-go/pkg/v2/mksclient/client.gen.go:605.61,607.3 1 0
github.com/selectel/mks-go/pkg/v2/mksclient/client.gen.go:608.2,608.25 1 0
github.com/selectel/mks-go/pkg/v2/mksclient/client.gen.go:611.137,613.16 2 0
github.com/selectel/mks-go/pkg/v2/mksclient/client.gen.go:613.16,615.3 1 0
github.com/selectel/mks-go/pkg/v2/mksclient/client.gen.go:616.2,617.61 2 0
github.com/selectel/mks-go/pkg/v2/mksclient/client.gen.go:617.61,619.3 1 0
github.com/selectel/mks-go/pkg/v2/mksclient/client.gen.go:620.2,620.25 1 0
github.com/selectel/mks-go/pkg/v2/mksclient/client.gen.go:623.133,625.16 2 0
github.com/selectel/mks-go/pkg/v2/mksclient/client.gen.go:625.16,627.3 1 0
github.com/selectel/mks-go/pkg/v2/mksclient/client.gen.go:628.2,629.61 2 0
github.com/selectel/mks-go/pkg/v2/mksclient/client.gen.go:629.61,631.3 1 0
github.com/selectel/mks-go/pkg/v2/mksclient/client.gen.go:632.2,632.25 1 0
github.com/selectel/mks-go/pkg/v2/mksclient/client.gen.go:635.105,637.16 2 0
github.com/selectel/mks-go/pkg/v2/mksclient/client.gen.go:637.16,639.3 1 0
github.com/selectel/mks-go/pkg/v2/mksclient/client.gen.go:640.2,641.61 2 0
github.com/selectel/mks-go/pkg/v2/mksclient/client.gen.go:641.61,643.3 1 0
github.com/selectel/mks-go/pkg/v2/mksclient/client.gen.go:644.2,644.25 1 0
github.com/selectel/mks-go/pkg/v2/mksclient/client.gen.go:647.113,649.16 2 0
github.com/selectel/mks-go/pkg/v2/mksclient/client.gen.go:649.16,651.3 1 0
github.com/selectel/mks-go/pkg/v2/mksclient/client.gen.go:652.2,653.61 2 0
github.com/selectel/mks-go/pkg/v2/mksclient/client.gen.go:653.61,655.3 1 0
github.com/selectel/mks-go/pkg/v2/mksclient/client.gen.go:656.2,656.25 1 0
github.com/selectel/mks-go/pkg/v2/mksclient/client.gen.go:659.113,661.16 2 0
github.com/selectel/mks-go/pkg/v2/mksclient/client.gen.go:661.16,663.3 1 0
github.com/selectel/mks-go/pkg/v2/mksclient/client.gen.go:664.2,665.61 2 0
github.com/selectel/mks-go/pkg/v2/mksclient/client.gen.go:665.61,667.3 1 0
github.com/selectel/mks-go/pkg/v2/mksclient/client.gen.go:668.2,668.25 1 0
github.com/selectel/mks-go/pkg/v2/mksclient/client.gen.go:672.81,676.16 3 0
github.com/selectel/mks-go/pkg/v2/mksclient/client.gen.go:676.16,678.3 1 0
github.com/selectel/mks-go/pkg/v2/mksclient/client.gen.go:680.2,681.29 2 0
github.com/selectel/mks-go/pkg/v2/mksclient/client.gen.go:681.29,683.3 1 0
github.com/selectel/mks-go/pkg/v2/mksclient/client.gen.go:685.2,686.16 2 0
github.com/selectel/mks-go/pkg/v2/mksclient/client.gen.go:686.16,688.3 1 0
github.com/selectel/mks-go/pkg/v2/mksclient/client.gen.go:690.2,691.16 2 0
github.com/selectel/mks-go/pkg/v2/mksclient/client.gen.go:691.16,693.3 1 0
github.com/selectel/mks-go/pkg/v2/mksclient/client.gen.go:695.2,695.17 1 0
github.com/selectel/mks-go/pkg/v2/mksclient/client.gen.go:699.69,703.16 3 0
github.com/selectel/mks-go/pkg/v2/mksclient/client.gen.go:703.16,705.3 1 0
github.com/selectel/mks-go/pkg/v2/mksclient/client.gen.go:707.2,708.29 2 0
github.com/selectel/mks-go/pkg/v2/mksclient/client.gen.go:708.29,710.3 1 0
github.com/selectel/mks-go/pkg/v2/mksclient/client.gen.go:712.2,713.16 2 0
github.com/selectel/mks-go/pkg/v2/mksclient/client.gen.go:713.16,715.3 1 0
github.com/selectel/mks-go/pkg/v2/mksclient/client.gen.go:717.2,718.16 2 0
github.com/selectel/mks-go/pkg/v2/mksclient/client.gen.go:718.16,720.3 1 0
github.com/selectel/mks-go/pkg/v2/mksclient/client.gen.go:722.2,722.17 1 0
github.com/selectel/mks-go/pkg/v2/mksclient/client.gen.go:726.107,729.16 3 0
github.com/selectel/mks-go/pkg/v2/mksclient/client.gen.go:729.16,731.3 1 0
github.com/selectel/mks-go/pkg/v2/mksclient/client.gen.go:732.2,733.82 2 0
github.com/selectel/mks-go/pkg/v2/mksclient/client.gen.go:737.114,741.16 3 0
github.com/selectel/mks-go/pkg/v2/mksclient/client.gen.go:741.16,743.3 1 0
github.com/selectel/mks-go/pkg/v2/mksclient/client.gen.go:745.2,746.29 2 0
github.com/selectel/mks-go/pkg/v2/mksclient/client.gen.go:746.29,748.3 1 0
github.com/selectel/mks-go/pkg/v2/mksclient/client.gen.go:750.2,751.16 2 0
github.com/selectel/mks-go/pkg/v2/mksclient/client.gen.go:751.16,753.3 1 0
github.com/selectel/mks-go/pkg/v2/mksclient/client.gen.go:755.2,756.16 2 0
github.com/selectel/mks-go/pkg/v2/mksclient/client.gen.go:756.16,758.3 1 0
github.com/selectel/mks-go/pkg/v2/mksclient/client.gen.go:760.2,762.17 2 0
github.com/selectel/mks-go/pkg/v2/mksclient/client.gen.go:766.91,772.16 4 0
github.com/selectel/mks-go/pkg/v2/mksclient/client.gen.go:772.16,774.3 1 0
github.com/selectel/mks-go/pkg/v2/mksclient/client.gen.go:776.2,777.16 2 0
github.com/selectel/mks-go/pkg/v2/mksclient/client.gen.go:777.16,779.3 1 0
github.com/selectel/mks-go/pkg/v2/mksclient/client.gen.go:781.2,782.29 2 0
github.com/selectel/mks-go/pkg/v2/mksclient/client.gen.go:782.29,784.3 1 0
github.com/selectel/mks-go/pkg/v2/mksclient/client.gen.go:786.2,787.16 2 0
github.com/selectel/mks-go/pkg/v2/mksclient/client.gen.go:787.16,789.3 1 0
github.com/selectel/mks-go/pkg/v2/mksclient/client.gen.go:791.2,792.16 2 0
github.com/selectel/mks-go/pkg/v2/mksclient/client.gen.go:792.16,794.3 1 0
github.com/selectel/mks-go/pkg/v2/mksclient/client.gen.go:796.2,796.17 1 0
github.com/selectel/mks-go/pkg/v2/mksclient/client.gen.go:800.88,806.16 4 0
github.com/selectel/mks-go/pkg/v2/mksclient/client.gen.go:806.16,808.3 1 0
github.com/selectel/mks-go/pkg/v2/mksclient/client.gen.go:810.2,811.16 2 0
github.com/selectel/mks-go/pkg/v2/mksclient/client.gen.go:811.16,813.3 1 0
github.com/selectel/mks-go/pkg/v2/mksclient/client.gen.go:815.2,816.29 2 0
github.com/selectel/mks-go/pkg/v2/mksclient/client.gen.go:816.29,818.3 1 0
github.com/selectel/mks-go/pkg/v2/mksclient/client.gen.go:820.2,821.16 2 0
github.com/selectel/mks-go/pkg/v2/mksclient/client.gen.go:821.16,823.3 1 0
github.com/selectel/mks-go/pkg/v2/mksclient/client.gen.go:825.2,826.16 2 0
github.com/selectel/mks-go/pkg/v2/mksclient/client.gen.go:826.16,828.3 1 0
github.com/selectel/mks-go/pkg/v2/mksclient/client.gen.go:830.2,830.17 1 0
github.com/selectel/mks-go/pkg/v2/mksclient/client.gen.go:834.128,837.16 3 0
github.com/selectel/mks-go/pkg/v2/mksclient/client.gen.go:837.16,839.3 1 0
github.com/selectel/mks-go/pkg/v2/mksclient/client.gen.go:840.2,841.93 2 0
github.com/selectel/mks-go/pkg/v2/mksclient/client.gen.go:845.135,851.16 4 0
github.com/selectel/mks-go/pkg/v2/mksclient/client.gen.go:851.16,853.3 1 0
github.com/selectel/mks-go/pkg/v2/mksclient/client.gen.go:855.2,856.16 2 0
github.com/selectel/mks-go/pkg/v2/mksclient/client.gen.go:856.16,858.3 1 0
github.com/selectel/mks-go/pkg/v2/mksclient/client.gen.go:860.2,861.29 2 0
github.com/selectel/mks-go/pkg/v2/mksclient/client.gen.go:861.29,863.3 1 0
github.com/selectel/mks-go/pkg/v2/mksclient/client.gen.go:865.2,866.16 2 0
github.com/selectel/mks-go/pkg/v2/mksclient/client.gen.go:866.16,868.3 1 0
github.com/selectel/mks-go/pkg/v2/mksclient/client.gen.go:870.2,871.16 2 0
github.com/selectel/mks-go/pkg/v2/mksclient/client.gen.go:871.16,873.3 1 0
github.com/selectel/mks-go/pkg/v2/mksclient/client.gen.go:875.2,877.17 2 0
github.com/selectel/mks-go/pkg/v2/mksclient/client.gen.go:881.130,887.16 4 0
github.com/selectel/mks-go/pkg/v2/mksclient/client.gen.go:887.16,889.3 1 0
github.com/selectel/mks-go/pkg/v2/mksclient/client.gen.go:891.2,892.16 2 0
github.com/selectel/mks-go/pkg/v2/mksclient/client.gen.go:892.16,894.3 1 0
github.com/selectel/mks-go/pkg/v2/mksclient/client.gen.go:896.2,897.29 2 0
github.com/selectel/mks-go/pkg/v2/mksclient/client.gen.go:897.29,899.3 1 0
github.com/selectel/mks-go/pkg/v2/mksclient/client.gen.go:901.2,902.16 2 0
github.com/selectel/mks-go/pkg/v2/mksclient/client.gen.go:902.16,904.3 1 0
github.com/selectel/mks-go/pkg/v2/mksclient/client.gen.go:906.2,906.19 1 0
github.com/selectel/mks-go/pkg/v2/mksclient/client.gen.go:906.19,909.25 2 0
github.com/selectel/mks-go/pkg/v2/mksclient/client.gen.go:909.25,911.201 1 0
github.com/selectel/mks-go/pkg/v2/mksclient/client.gen.go:911.201,913.5 1 0
github.com/selectel/mks-go/pkg/v2/mksclient/client.gen.go:913.10,913.67 1 0
github.com/selectel/mks-go/pkg/v2/mksclient/client.gen.go:913.67,915.5 1 0
github.com/selectel/mks-go/pkg/v2/mksclient/client.gen.go:915.10,916.30 1 0
github.com/selectel/mks-go/pkg/v2/mksclient/client.gen.go:916.30,917.27 1 0
github.com/selectel/mks-go/pkg/v2/mksclient/client.gen.go:917.27,919.7 1 0
github.com/selectel/mks-go/pkg/v2/mksclient/client.gen.go:925.3,925.43 1 0
github.com/selectel/mks-go/pkg/v2/mksclient/client.gen.go:928.2,929.16 2 0
github.com/selectel/mks-go/pkg/v2/mksclient/client.gen.go:929.16,931.3 1 0
github.com/selectel/mks-go/pkg/v2/mksclient/client.gen.go:933.2,933.17 1 0
github.com/selectel/mks-go/pkg/v2/mksclient/client.gen.go:937.98,943.16 4 0
github.com/selectel/mks-go/pkg/v2/mksclient/client.gen.go:943.16,945.3 1 0
github.com/selectel/mks-go/pkg/v2/mksclient/client.gen.go:947.2,948.16 2 0
github.com/selectel/mks-go/pkg/v2/mksclient/client.gen.go:948.16,950.3 1 0
github.com/selectel/mks-go/pkg/v2/mksclient/client.gen.go:952.2,953.29 2 0
github.com/selectel/mks-go/pkg/v2/mksclient/client.gen.go:953.29,955.3 1 0
github.com/selectel/mks-go/pkg/v2/mksclient/client.gen.go:957.2,958.16 2 0
github.com/selectel/mks-go/pkg/v2/mksclient/client.gen.go:958.16,960.3 1 0
github.com/selectel/mks-go/pkg/v2/mksclient/client.gen.go:962.2,963.16 2 0
github.com/selectel/mks-go/pkg/v2/mksclient/client.gen.go:963.16,965.3 1 0
github.com/selectel/mks-go/pkg/v2/mksclient/client.gen.go:967.2,967.17 1 0
github.com/selectel/mks-go/pkg/v2/mksclient/client.gen.go:971.92,977.16 4 0
github.com/selectel/mks-go/pkg/v2/mksclient/client.gen.go:977.16,979.3 1 0
github.com/selectel/mks-go/pkg/v2/mksclient/client.gen.go:981.2,982.16 2 0
github.com/selectel/mks-go/pkg/v2/mksclient/client.gen.go:982.16,984.3 1 0
github.com/selectel/mks-go/pkg/v2/mksclient/client.gen.go:986.2,987.29 2 0
github.com/selectel/mks-go/pkg/v2/mksclient/client.gen.go:987.29,989.3 1 0
github.com/selectel/mks-go/pkg/v2/mksclient/client.gen.go:991.2,992.16 2 0
github.com/selectel/mks-go/pkg/v2/mksclient/client.gen.go:992.16,994.3 1 0
github.com/selectel/mks-go/pkg/v2/mksclient/client.gen.go:996.2,997.16 2 0
github.com/selectel/mks-go/pkg/v2/mksclient/client.gen.go:997.16,999.3 1 0
github.com/selectel/mks-go/pkg/v2/mksclient/client.gen.go:1001.2,1001.17 1 0
github.com/selectel/mks-go/pkg/v2/mksclient/client.gen.go:1005.134,1008.16 3 0
github.com/selectel/mks-go/pkg/v2/mksclient/client.gen.go:1008.16,1010.3 1 0
github.com/selectel/mks-go/pkg/v2/mksclient/client.gen.go:1011.2,1012.96 2 0
github.com/selectel/mks-go/pkg/v2/mksclient/client.gen.go:1016.138,1022.16 4 0
github.com/selectel/mks-go/pkg/v2/mksclient/client.gen.go:1022.16,1024.3 1 0
github.com/selectel/mks-go/pkg/v2/mksclient/client.gen.go:1026.2,1027.16 2 0
github.com/selectel/mks-go/pkg/v2/mksclient/client.gen.go:1027.16,1029.3 1 0
github.com/selectel/mks-go/pkg/v2/mksclient/client.gen.go:1031.2,1032.29 2 0
github.com/selectel/mks-go/pkg/v2/mksclient/client.gen.go:1032.29,1034.3 1 0
github.com/selectel/mks-go/pkg/v2/mksclient/client.gen.go:1036.2,1037.16 2 0
github.com/selectel/mks-go/pkg/v2/mksclient/client.gen.go:1037.16,1039.3 1 0
github.com/selectel/mks-go/pkg/v2/mksclient/client.gen.go:1041.2,1042.16 2 0
github.com/selectel/mks-go/pkg/v2/mksclient/client.gen.go:1042.16,1044.3 1 0
github.com/selectel/mks-go/pkg/v2/mksclient/client.gen.go:1046.2,1048.17 2 0
github.com/selectel/mks-go/pkg/v2/mksclient/client.gen.go:1052.118,1058.16 4 0
github.com/selectel/mks-go/pkg/v2/mksclient/client.gen.go:1058.16,1060.3 1 0
github.com/selectel/mks-go/pkg/v2/mksclient/client.gen.go:1062.2,1065.16 3 0
github.com/selectel/mks-go/pkg/v2/mksclient/client.gen.go:1065.16,1067.3 1 0
github.com/selectel/mks-go/pkg/v2/mksclient/client.gen.go:1069.2,1070.16 2 0
github.com/selectel/mks-go/pkg/v2/mksclient/client.gen.go:1070.16,1072.3 1 0
github.com/selectel/mks-go/pkg/v2/mksclient/client.gen.go:1074.2,1075.29 2 0
github.com/selectel/mks-go/pkg/v2/mksclient/client.gen.go:1075.29,1077.3 1 0
github.com/selectel/mks-go/pkg/v2/mksclient/client.gen.go:1079.2,1080.16 2 0
github.com/selectel/mks-go/pkg/v2/mksclient/client.gen.go:1080.16,1082.3 1 0
github.com/selectel/mks-go/pkg/v2/mksclient/client.gen.go:1084.2,1085.16 2 0
github.com/selectel/mks-go/pkg/v2/mksclient/client.gen.go:1085.16,1087.3 1 0
github.com/selectel/mks-go/pkg/v2/mksclient/client.gen.go:1089.2,1089.17 1 0
github.com/selectel/mks-go/pkg/v2/mksclient/client.gen.go:1093.115,1099.16 4 0
github.com/selectel/mks-go/pkg/v2/mksclient/client.gen.go:1099.16,1101.3 1 0
github.com/selectel/mks-go/pkg/v2/mksclient/client.gen.go:1103.2,1106.16 3 0
github.com/selectel/mks-go/pkg/v2/mksclient/client.gen.go:1106.16,1108.3 1 0
github.com/selectel/mks-go/pkg/v2/mksclient/client.gen.go:1110.2,1111.16 2 0
github.com/selectel/mks-go/pkg/v2/mksclient/client.gen.go:1111.16,1113.3 1 0
github.com/selectel/mks-go/pkg/v2/mksclient/client.gen.go:1115.2,1116.29 2 0
github.com/selectel/mks-go/pkg/v2/mksclient/client.gen.go:1116.29,1118.3 1 0
github.com/selectel/mks-go/pkg/v2/mksclient/client.gen.go:1120.2,1121.16 2 0
github.com/selectel/mks-go/pkg/v2/mksclient/client.gen.go:1121.16,1123.3 1 0
github.com/selectel/mks-go/pkg/v2/mksclient/client.gen.go:1125.2,1126.16 2 0
github.com/selectel/mks-go/pkg/v2/mksclient/client.gen.go:1126.16,1128.3 1 0
github.com/selectel/mks-go/pkg/v2/mksclient/client.gen.go:1130.2,1130.17 1 0
github.com/selectel/mks-go/pkg/v2/mksclient/client.gen.go:1134.157,1137.16 3 0
github.com/selectel/mks-go/pkg/v2/mksclient/client.gen.go:1137.16,1139.3 1 0
github.com/selectel/mks-go/pkg/v2/mksclient/client.gen.go:1140.2,1141.108 2 0
github.com/selectel/mks-go/pkg/v2/mksclient/client.gen.go:1145.162,1151.16 4 0
github.com/selectel/mks-go/pkg/v2/mksclient/client.gen.go:1151.16,1153.3 1 0
github.com/selectel/mks-go/pkg/v2/mksclient/client.gen.go:1155.2,1158.16 3 0
github.com/selectel/mks-go/pkg/v2/mksclient/client.gen.go:1158.16,1160.3 1 0
github.com/selectel/mks-go/pkg/v2/mksclient/client.gen.go:1162.2,1163.16 2 0
github.com/selectel/mks-go/pkg/v2/mksclient/client.gen.go:1163.16,1165.3 1 0
github.com/selectel/mks-go/pkg/v2/mksclient/client.gen.go:1167.2,1168.29 2 0
github.com/selectel/mks-go/pkg/v2/mksclient/client.gen.go:1168.29,1170.3 1 0
github.com/selectel/mks-go/pkg/v2/mksclient/client.gen.go:1172.2,1173.16 2 0
github.com/selectel/mks-go/pkg/v2/mksclient/client.gen.go:1173.16,1175.3 1 0
github.com/selectel/mks-go/pkg/v2/mksclient/client.gen.go:1177.2,1178.16 2 0
github.com/selectel/mks-go/pkg/v2/mksclient/client.gen.go:1178.16,1180.3 1 0
github.com/selectel/mks-go/pkg/v2/mksclient/client.gen.go:1182.2,1184.17 2 0
github.com/selectel/mks-go/pkg/v2/mksclient/client.gen.go:1188.159,1194.16 4 0
github.com/selectel/mks-go/pkg/v2/mksclient/client.gen.go:1194.16,1196.3 1 0
github.com/selectel/mks-go/pkg/v2/mksclient/client.gen.go:1198.2,1201.16 3 0
github.com/selectel/mks-go/pkg/v2/mksclient/client.gen.go:1201.16,1203.3 1 0
github.com/selectel/mks-go/pkg/v2/mksclient/client.gen.go:1205.2,1206.16 2 0
github.com/selectel/mks-go/pkg/v2/mksclient/client.gen.go:1206.16,1208.3 1 0
github.com/selectel/mks-go/pkg/v2/mksclient/client.gen.go:1210.2,1211.29 2 0
github.com/selectel/mks-go/pkg/v2/mksclient/client.gen.go:1211.29,1213.3 1 0
github.com/selectel/mks-go/pkg/v2/mksclient/client.gen.go:1215.2,1216.16 2 0
github.com/selectel/mks-go/pkg/v2/mksclient/client.gen.go:1216.16,1218.3 1 0
github.com/selectel/mks-go/pkg/v2/mksclient/client.gen.go:1220.2,1220.19 1 0
github.com/selectel/mks-go/pkg/v2/mksclient/client.gen.go:1220.19,1223.25 2 0
github.com/selectel/mks-go/pkg/v2/mksclient/client.gen.go:1223.25,1225.201 1 0
github.com/selectel/mks-go/pkg/v2/mksclient/client.gen.go:1225.201,1227.5 1 0
github.com/selectel/mks-go/pkg/v2/mksclient/client.gen.go:1227.10,1227.67 1 0
github.com/selectel/mks-go/pkg/v2/mksclient/client.gen.go:1227.67,1229.5 1 0
github.com/selectel/mks-go/pkg/v2/mksclient/client.gen.go:1229.10,1230.30 1 0
github.com/selectel/mks-go/pkg/v2/mksclient/client.gen.go:1230.30,1231.27 1 0
github.com/selectel/mks-go/pkg/v2/mksclient/client.gen.go:1231.27,1233.7 1 0
github.com/selectel/mks-go/pkg/v2/mksclient/client.gen.go:1239.3,1239.43 1 0
github.com/selectel/mks-go/pkg/v2/mksclient/client.gen.go:1242.2,1243.16 2 0
github.com/selectel/mks-go/pkg/v2/mksclient/client.gen.go:1243.16,1245.3 1 0
github.com/selectel/mks-go/pkg/v2/mksclient/client.gen.go:1247.2,1247.17 1 0
github.com/selectel/mks-go/pkg/v2/mksclient/client.gen.go:1251.128,1257.16 4 0
github.com/selectel/mks-go/pkg/v2/mksclient/client.gen.go:1257.16,1259.3 1 0
github.com/selectel/mks-go/pkg/v2/mksclient/client.gen.go:1261.2,1264.16 3 0
github.com/selectel/mks-go/pkg/v2/mksclient/client.gen.go:1264.16,1266.3 1 0
github.com/selectel/mks-go/pkg/v2/mksclient/client.gen.go:1268.2,1271.16 3 0
github.com/selectel/mks-go/pkg/v2/mksclient/client.gen.go:1271.16,1273.3 1 0
github.com/selectel/mks-go/pkg/v2/mksclient/client.gen.go:1275.2,1276.16 2 0
github.com/selectel/mks-go/pkg/v2/mksclient/client.gen.go:1276.16,1278.3 1 0
github.com/selectel/mks-go/pkg/v2/mksclient/client.gen.go:1280.2,1281.29 2 0
github.com/selectel/mks-go/pkg/v2/mksclient/client.gen.go:1281.29,1283.3 1 0
github.com/selectel/mks-go/pkg/v2/mksclient/client.gen.go:1285.2,1286.16 2 0
github.com/selectel/mks-go/pkg/v2/mksclient/client.gen.go:1286.16,1288.3 1 0
github.com/selectel/mks-go/pkg/v2/mksclient/client.gen.go:1290.2,1291.16 2 0
github.com/selectel/mks-go/pkg/v2/mksclient/client.gen.go:1291.16,1293.3 1 0
github.com/selectel/mks-go/pkg/v2/mksclient/client.gen.go:1295.2,1295.17 1 0
github.com/selectel/mks-go/pkg/v2/mksclient/client.gen.go:1299.125,1305.16 4 0
github.com/selectel/mks-go/pkg/v2/mksclient/client.gen.go:1305.16,1307.3 1 0
github.com/selectel/mks-go/pkg/v2/mksclient/client.gen.go:1309.2,1312.16 3 0
github.com/selectel/mks-go/pkg/v2/mksclient/client.gen.go:1312.16,1314.3 1 0
github.com/selectel/mks-go/pkg/v2/mksclient/client.gen.go:1316.2,1319.16 3 0
github.com/selectel/mks-go/pkg/v2/mksclient/client.gen.go:1319.16,1321.3 1 0
github.com/selectel/mks-go/pkg/v2/mksclient/client.gen.go:1323.2,1324.16 2 0
github.com/selectel/mks-go/pkg/v2/mksclient/client.gen.go:1324.16,1326.3 1 0
github.com/selectel/mks-go/pkg/v2/mksclient/client.gen.go:1328.2,1329.29 2 0
github.com/selectel/mks-go/pkg/v2/mksclient/client.gen.go:1329.29,1331.3 1 0
github.com/selectel/mks-go/pkg/v2/mksclient/client.gen.go:1333.2,1334.16 2 0
github.com/selectel/mks-go/pkg/v2/mksclient/client.gen.go:1334.16,1336.3 1 0
github.com/selectel/mks-go/pkg/v2/mksclient/client.gen.go:1338.2,1339.16 2 0
github.com/selectel/mks-go/pkg/v2/mksclient/client.gen.go:1339.16,1341.3 1 0
github.com/selectel/mks-go/pkg/v2/mksclient/client.gen.go:1343.2,1343.17 1 0
github.com/selectel/mks-go/pkg/v2/mksclient/client.gen.go:1347.131,1353.16 4 0
github.com/selectel/mks-go/pkg/v2/mksclient/client.gen.go:1353.16,1355.3 1 0
github.com/selectel/mks-go/pkg/v2/mksclient/client.gen.go:1357.2,1360.16 3 0
github.com/selectel/mks-go/pkg/v2/mksclient/client.gen.go:1360.16,1362.3 1 0
github.com/selectel/mks-go/pkg/v2/mksclient/client.gen.go:1364.2,1367.16 3 0
github.com/selectel/mks-go/pkg/v2/mksclient/client.gen.go:1367.16,1369.3 1 0
github.com/selectel/mks-go/pkg/v2/mksclient/client.gen.go:1371.2,1372.16 2 0
github.com/selectel/mks-go/pkg/v2/mksclient/client.gen.go:1372.16,1374.3 1 0
github.com/selectel/mks-go/pkg/v2/mksclient/client.gen.go:1376.2,1377.29 2 0
github.com/selectel/mks-go/pkg/v2/mksclient/client.gen.go:1377.29,1379.3 1 0
github.com/selectel/mks-go/pkg/v2/mksclient/client.gen.go:1381.2,1382.16 2 0
github.com/selectel/mks-go/pkg/v2/mksclient/client.gen.go:1382.16,1384.3 1 0
github.com/selectel/mks-go/pkg/v2/mksclient/client.gen.go:1386.2,1387.16 2 0
github.com/selectel/mks-go/pkg/v2/mksclient/client.gen.go:1387.16,1389.3 1 0
github.com/selectel/mks-go/pkg/v2/mksclient/client.gen.go:1391.2,1391.17 1 0
github.com/selectel/mks-go/pkg/v2/mksclient/client.gen.go:1395.157,1398.16 3 0
github.com/selectel/mks-go/pkg/v2/mksclient/client.gen.go:1398.16,1400.3 1 0
github.com/selectel/mks-go/pkg/v2/mksclient/client.gen.go:1401.2,1402.108 2 0
github.com/selectel/mks-go/pkg/v2/mksclient/client.gen.go:1406.162,1412.16 4 0
github.com/selectel/mks-go/pkg/v2/mksclient/client.gen.go:1412.16,1414.3 1 0
github.com/selectel/mks-go/pkg/v2/mksclient/client.gen.go:1416.2,1419.16 3 0
github.com/selectel/mks-go/pkg/v2/mksclient/client.gen.go:1419.16,1421.3 1 0
github.com/selectel/mks-go/pkg/v2/mksclient/client.gen.go:1423.2,1424.16 2 0
github.com/selectel/mks-go/pkg/v2/mksclient/client.gen.go:1424.16,1426.3 1 0
github.com/selectel/mks-go/pkg/v2/mksclient/client.gen.go:1428.2,1429.29 2 0
github.com/selectel/mks-go/pkg/v2/mksclient/client.gen.go:1429.29,1431.3 1 0
github.com/selectel/mks-go/pkg/v2/mksclient/client.gen.go:1433.2,1434.16 2 0
github.com/selectel/mks-go/pkg/v2/mksclient/client.gen.go:1434.16,1436.3 1 0
github.com/selectel/mks-go/pkg/v2/mksclient/client.gen.go:1438.2,1439.16 2 0
github.com/selectel/mks-go/pkg/v2/mksclient/client.gen.go:1439.16,1441.3 1 0
github.com/selectel/mks-go/pkg/v2/mksclient/client.gen.go:1443.2,1445.17 2 0
github.com/selectel/mks-go/pkg/v2/mksclient/client.gen.go:1449.94,1455.16 4 0
github.com/selectel/mks-go/pkg/v2/mksclient/client.gen.go:1455.16,1457.3 1 0
github.com/selectel/mks-go/pkg/v2/mksclient/client.gen.go:1459.2,1460.16 2 0
github.com/selectel/mks-go/pkg/v2/mksclient/client.gen.go:1460.16,1462.3 1 0
github.com/selectel/mks-go/pkg/v2/mksclient/client.gen.go:1464.2,1465.29 2 0
github.com/selectel/mks-go/pkg/v2/mksclient/client.gen.go:1465.29,1467.3 1 0
github.com/selectel/mks-go/pkg/v2/mksclient/client.gen.go:1469.2,1470.16 2 0
github.com/selectel/mks-go/pkg/v2/mksclient/client.gen.go:1470.16,1472.3 1 0
github.com/selectel/mks-go/pkg/v2/mksclient/client.gen.go:1474.2,1475.16 2 0
github.com/selectel/mks-go/pkg/v2/mksclient/client.gen.go:1475.16,1477.3 1 0
github.com/selectel/mks-go/pkg/v2/mksclient/client.gen.go:1479.2,1479.17 1 0
github.com/selectel/mks-go/pkg/v2/mksclient/client.gen.go:1483.91,1489.16 4 0
github.com/selectel/mks-go/pkg/v2/mksclient/client.gen.go:1489.16,1491.3 1 0
github.com/selectel/mks-go/pkg/v2/mksclient/client.gen.go:1493.2,1494.16 2 0
github.com/selectel/mks-go/pkg/v2/mksclient/client.gen.go:1494.16,1496.3 1 0
github.com/selectel/mks-go/pkg/v2/mksclient/client.gen.go:1498.2,1499.29 2 0
github.com/selectel/mks-go/pkg/v2/mksclient/client.gen.go:1499.29,1501.3 1 0
github.com/selectel/mks-go/pkg/v2/mksclient/client.gen.go:1503.2,1504.16 2 0
github.com/selectel/mks-go/pkg/v2/mksclient/client.gen.go:1504.16,1506.3 1 0
github.com/selectel/mks-go/pkg/v2/mksclient/client.gen.go:1508.2,1509.16 2 0
github.com/selectel/mks-go/pkg/v2/mksclient/client.gen.go:1509.16,1511.3 1 0
github.com/selectel/mks-go/pkg/v2/mksclient/client.gen.go:1513.2,1513.17 1 0
github.com/selectel/mks-go/pkg/v2/mksclient/client.gen.go:1517.134,1520.16 3 0
github.com/selectel/mks-go/pkg/v2/mksclient/client.gen.go:1520.16,1522.3 1 0
github.com/selectel/mks-go/pkg/v2/mksclient/client.gen.go:1523.2,1524.96 2 0
github.com/selectel/mks-go/pkg/v2/mksclient/client.gen.go:1528.138,1534.16 4 0
github.com/selectel/mks-go/pkg/v2/mksclient/client.gen.go:1534.16,1536.3 1 0
github.com/selectel/mks-go/pkg/v2/mksclient/client.gen.go:1538.2,1539.16 2 0
github.com/selectel/mks-go/pkg/v2/mksclient/client.gen.go:1539.16,1541.3 1 0
github.com/selectel/mks-go/pkg/v2/mksclient/client.gen.go:1543.2,1544.29 2 0
github.com/selectel/mks-go/pkg/v2/mksclient/client.gen.go:1544.29,1546.3 1 0
github.com/selectel/mks-go/pkg/v2/mksclient/client.gen.go:1548.2,1549.16 2 0
github.com/selectel/mks-go/pkg/v2/mksclient/client.gen.go:1549.16,1551.3 1 0
github.com/selectel/mks-go/pkg/v2/mksclient/client.gen.go:1553.2,1554.16 2 0
github.com/selectel/mks-go/pkg/v2/mksclient/client.gen.go:1554.16,1556.3 1 0
github.com/selectel/mks-go/pkg/v2/mksclient/client.gen.go:1558.2,1560.17 2 0
github.com/selectel/mks-go/pkg/v2/mksclient/client.gen.go:1564.134,1567.16 3 0
github.com/selectel/mks-go/pkg/v2/mksclient/client.gen.go:1567.16,1569.3 1 0
github.com/selectel/mks-go/pkg/v2/mksclient/client.gen.go:1570.2,1571.96 2 0
github.com/selectel/mks-go/pkg/v2/mksclient/client.gen.go:1575.138,1581.16 4 0
github.com/selectel/mks-go/pkg/v2/mksclient/client.gen.go:1581.16,1583.3 1 0
github.com/selectel/mks-go/pkg/v2/mksclient/client.gen.go:1585.2,1586.16 2 0
github.com/selectel/mks-go/pkg/v2/mksclient/client.gen.go:1586.16,1588.3 1 0
github.com/selectel/mks-go/pkg/v2/mksclient/client.gen.go:1590.2,1591.29 2 0
github.com/selectel/mks-go/pkg/v2/mksclient/client.gen.go:1591.29,1593.3 1 0
github.com/selectel/mks-go/pkg/v2/mksclient/client.gen.go:1595.2,1596.16 2 0
github.com/selectel/mks-go/pkg/v2/mksclient/client.gen.go:1596.16,1598.3 1 0
github.com/selectel/mks-go/pkg/v2/mksclient/client.gen.go:1600.2,1601.16 2 0
github.com/selectel/mks-go/pkg/v2/mksclient/client.gen.go:1601.16,1603.3 1 0
github.com/selectel/mks-go/pkg/v2/mksclient/client.gen.go:1605.2,1607.17 2 0
github.com/selectel/mks-go/pkg/v2/mksclient/client.gen.go:1611.115,1617.16 4 0
github.com/selectel/mks-go/pkg/v2/mksclient/client.gen.go:1617.16,1619.3 1 0
github.com/selectel/mks-go/pkg/v2/mksclient/client.gen.go:1621.2,1624.16 3 0
github.com/selectel/mks-go/pkg/v2/mksclient/client.gen.go:1624.16,1626.3 1 0
github.com/selectel/mks-go/pkg/v2/mksclient/client.gen.go:1628.2,1629.16 2 0
github.com/selectel/mks-go/pkg/v2/mksclient/client.gen.go:1629.16,1631.3 1 0
github.com/selectel/mks-go/pkg/v2/mksclient/client.gen.go:1633.2,1634.29 2 0
github.com/selectel/mks-go/pkg/v2/mksclient/client.gen.go:1634.29,1636.3 1 0
github.com/selectel/mks-go/pkg/v2/mksclient/client.gen.go:1638.2,1639.16 2 0
github.com/selectel/mks-go/pkg/v2/mksclient/client.gen.go:1639.16,1641.3 1 0
github.com/selectel/mks-go/pkg/v2/mksclient/client.gen.go:1643.2,1644.16 2 0
github.com/selectel/mks-go/pkg/v2/mksclient/client.gen.go:1644.16,1646.3 1 0
github.com/selectel/mks-go/pkg/v2/mksclient/client.gen.go:1648.2,1648.17 1 0
github.com/selectel/mks-go/pkg/v2/mksclient/client.gen.go:1652.96,1658.16 4 0
github.com/selectel/mks-go/pkg/v2/mksclient/client.gen.go:1658.16,1660.3 1 0
github.com/selectel/mks-go/pkg/v2/mksclient/client.gen.go:1662.2,1663.16 2 0
github.com/selectel/mks-go/pkg/v2/mksclient/client.gen.go:1663.16,1665.3 1 0
github.com/selectel/mks-go/pkg/v2/mksclient/client.gen.go:1667.2,1668.29 2 0
github.com/selectel/mks-go/pkg/v2/mksclient/client.gen.go:1668.29,1670.3 1 0
github.com/selectel/mks-go/pkg/v2/mksclient/client.gen.go:1672.2,1673.16 2 0
github.com/selectel/mks-go/pkg/v2/mksclient/client.gen.go:1673.16,1675.3 1 0
github.com/selectel/mks-go/pkg/v2/mksclient/client.gen.go:1677.2,1678.16 2 0
github.com/selectel/mks-go/pkg/v2/mksclient/client.gen.go:1678.16,1680.3 1 0
github.com/selectel/mks-go/pkg/v2/mksclient/client.gen.go:1682.2,1682.17 1 0
github.com/selectel/mks-go/pkg/v2/mksclient/client.gen.go:1686.114,1692.16 4 0
github.com/selectel/mks-go/pkg/v2/mksclient/client.gen.go:1692.16,1694.3 1 0
github.com/selectel/mks-go/pkg/v2/mksclient/client.gen.go:1696.2,1697.16 2 0
github.com/selectel/mks-go/pkg/v2/mksclient/client.gen.go:1697.16,1699.3 1 0
github.com/selectel/mks-go/pkg/v2/mksclient/client.gen.go:1701.2,1702.29 2 0
github.com/selectel/mks-go/pkg/v2/mksclient/client.gen.go:1702.29,1704.3 1 0
github.com/selectel/mks-go/pkg/v2/mksclient/client.gen.go:1706.2,1707.16 2 0
github.com/selectel/mks-go/pkg/v2/mksclient/client.gen.go:1707.16,1709.3 1 0
github.com/selectel/mks-go/pkg/v2/mksclient/client.gen.go:1711.2,1711.19 1 0
github.com/selectel/mks-go/pkg/v2/mksclient/client.gen.go:1711.19,1714.26 2 0
github.com/selectel/mks-go/pkg/v2/mksclient/client.gen.go:1714.26,1716.210 1 0
github.com/selectel/mks-go/pkg/v2/mksclient/client.gen.go:1716.210,1718.5 1 0
github.com/selectel/mks-go/pkg/v2/mksclient/client.gen.go:1718.10,1718.67 1 0
github.com/selectel/mks-go/pkg/v2/mksclient/client.gen.go:1718.67,1720.5 1 0
github.com/selectel/mks-go/pkg/v2/mksclient/client.gen.go:1720.10,1721.30 1 0
github.com/selectel/mks-go/pkg/v2/mksclient/client.gen.go:1721.30,1722.27 1 0
github.com/selectel/mks-go/pkg/v2/mksclient/client.gen.go:1722.27,1724.7 1 0
github.com/selectel/mks-go/pkg/v2/mksclient/client.gen.go:1730.3,1730.27 1 0
github.com/selectel/mks-go/pkg/v2/mksclient/client.gen.go:1730.27,1732.212 1 0
github.com/selectel/mks-go/pkg/v2/mksclient/client.gen.go:1732.212,1734.5 1 0
github.com/selectel/mks-go/pkg/v2/mksclient/client.gen.go:1734.10,1734.67 1 0
github.com/selectel/mks-go/pkg/v2/mksclient/client.gen.go:1734.67,1736.5 1 0
github.com/selectel/mks-go/pkg/v2/mksclient/client.gen.go:1736.10,1737.30 1 0
github.com/selectel/mks-go/pkg/v2/mksclient/client.gen.go:1737.30,1738.27 1 0
github.com/selectel/mks-go/pkg/v2/mksclient/client.gen.go:1738.27,1740.7 1 0
github.com/selectel/mks-go/pkg/v2/mksclient/client.gen.go:1746.3,1746.37 1 0
github.com/selectel/mks-go/pkg/v2/mksclient/client.gen.go:1746.37,1748.228 1 0
github.com/selectel/mks-go/pkg/v2/mksclient/client.gen.go:1748.228,1750.5 1 0
github.com/selectel/mks-go/pkg/v2/mksclient/client.gen.go:1750.10,1750.67 1 0
github.com/selectel/mks-go/pkg/v2/mksclient/client.gen.go:1750.67,1752.5 1 0
github.com/selectel/mks-go/pkg/v2/mksclient/client.gen.go:1752.10,1753.30 1 0
github.com/selectel/mks-go/pkg/v2/mksclient/client.gen.go:1753.30,1754.27 1 0
github.com/selectel/mks-go/pkg/v2/mksclient/client.gen.go:1754.27,1756.7 1 0
github.com/selectel/mks-go/pkg/v2/mksclient/client.gen.go:1762.3,1762.43 1 0
github.com/selectel/mks-go/pkg/v2/mksclient/client.gen.go:1765.2,1766.16 2 0
github.com/selectel/mks-go/pkg/v2/mksclient/client.gen.go:1766.16,1768.3 1 0
github.com/selectel/mks-go/pkg/v2/mksclient/client.gen.go:1770.2,1770.17 1 0
github.com/selectel/mks-go/pkg/v2/mksclient/client.gen.go:1774.125,1780.16 4 0
github.com/selectel/mks-go/pkg/v2/mksclient/client.gen.go:1780.16,1782.3 1 0
github.com/selectel/mks-go/pkg/v2/mksclient/client.gen.go:1784.2,1787.16 3 0
github.com/selectel/mks-go/pkg/v2/mksclient/client.gen.go:1787.16,1789.3 1 0
github.com/selectel/mks-go/pkg/v2/mksclient/client.gen.go:1791.2,1792.16 2 0
github.com/selectel/mks-go/pkg/v2/mksclient/client.gen.go:1792.16,1794.3 1 0
github.com/selectel/mks-go/pkg/v2/mksclient/client.gen.go:1796.2,1797.29 2 0
github.com/selectel/mks-go/pkg/v2/mksclient/client.gen.go:1797.29,1799.3 1 0
github.com/selectel/mks-go/pkg/v2/mksclient/client.gen.go:1801.2,1802.16 2 0
github.com/selectel/mks-go/pkg/v2/mksclient/client.gen.go:1802.16,1804.3 1 0
github.com/selectel/mks-go/pkg/v2/mksclient/client.gen.go:1806.2,1806.19 1 0
github.com/selectel/mks-go/pkg/v2/mksclient/client.gen.go:1806.19,1809.37 2 0
github.com/selectel/mks-go/pkg/v2/mksclient/client.gen.go:1809.37,1811.228 1 0
github.com/selectel/mks-go/pkg/v2/mksclient/client.gen.go:1811.228,1813.5 1 0
github.com/selectel/mks-go/pkg/v2/mksclient/client.gen.go:1813.10,1813.67 1 0
github.com/selectel/mks-go/pkg/v2/mksclient/client.gen.go:1813.67,1815.5 1 0
github.com/selectel/mks-go/pkg/v2/mksclient/client.gen.go:1815.10,1816.30 1 0
github.com/selectel/mks-go/pkg/v2/mksclient/client.gen.go:1816.30,1817.27 1 0
github.com/selectel/mks-go/pkg/v2/mksclient/client.gen.go:1817.27,1819.7 1 0
github.com/selectel/mks-go/pkg/v2/mksclient/client.gen.go:1825.3,1825.43 1 0
github.com/selectel/mks-go/pkg/v2/mksclient/client.gen.go:1828.2,1829.16 2 0
github.com/selectel/mks-go/pkg/v2/mksclient/client.gen.go:1829.16,1831.3 1 0
github.com/selectel/mks-go/pkg/v2/mksclient/client.gen.go:1833.2,1833.17 1 0
github.com/selectel/mks-go/pkg/v2/mksclient/client.gen.go:1837.97,1843.16 4 0
github.com/selectel/mks-go/pkg/v2/mksclient/client.gen.go:1843.16,1845.3 1 0
github.com/selectel/mks-go/pkg/v2/mksclient/client.gen.go:1847.2,1848.16 2 0
github.com/selectel/mks-go/pkg/v2/mksclient/client.gen.go:1848.16,1850.3 1 0
github.com/selectel/mks-go/pkg/v2/mksclient/client.gen.go:1852.2,1853.29 2 0
github.com/selectel/mks-go/pkg/v2/mksclient/client.gen.go:1853.29,1855.3 1 0
github.com/selectel/mks-go/pkg/v2/mksclient/client.gen.go:1857.2,1858.16 2 0
github.com/selectel/mks-go/pkg/v2/mksclient/client.gen.go:1858.16,1860.3 1 0
github.com/selectel/mks-go/pkg/v2/mksclient/client.gen.go:1862.2,1863.16 2 0
github.com/selectel/mks-go/pkg/v2/mksclient/client.gen.go:1863.16,1865.3 1 0
github.com/selectel/mks-go/pkg/v2/mksclient/client.gen.go:1867.2,1867.17 1 0
github.com/selectel/mks-go/pkg/v2/mksclient/client.gen.go:1871.97,1877.16 4 0
github.com/selectel/mks-go/pkg/v2/mksclient/client.gen.go:1877.16,1879.3 1 0
github.com/selectel/mks-go/pkg/v2/mksclient/client.gen.go:1881.2,1882.16 2 0
github.com/selectel/mks-go/pkg/v2/mksclient/client.gen.go:1882.16,1884.3 1 0
github.com/selectel/mks-go/pkg/v2/mksclient/client.gen.go:1886.2,1887.29 2 0
github.com/selectel/mks-go/pkg/v2/mksclient/client.gen.go:1887.29,1889.3 1 0
github.com/selectel/mks-go/pkg/v2/mksclient/client.gen.go:1891.2,1892.16 2 0
github.com/selectel/mks-go/pkg/v2/mksclient/client.gen.go:1892.16,1894.3 1 0
github.com/selectel/mks-go/pkg/v2/mksclient/client.gen.go:1896.2,1897.16 2 0
github.com/selectel/mks-go/pkg/v2/mksclient/client.gen.go:1897.16,1899.3 1 0
github.com/selectel/mks-go/pkg/v2/mksclient/client.gen.go:1901.2,1901.17 1 0
github.com/selectel/mks-go/pkg/v2/mksclient/client.gen.go:1905.93,1909.16 3 0
github.com/selectel/mks-go/pkg/v2/mksclient/client.gen.go:1909.16,1911.3 1 0
github.com/selectel/mks-go/pkg/v2/mksclient/client.gen.go:1913.2,1914.29 2 0
github.com/selectel/mks-go/pkg/v2/mksclient/client.gen.go:1914.29,1916.3 1 0
github.com/selectel/mks-go/pkg/v2/mksclient/client.gen.go:1918.2,1919.16 2 0
github.com/selectel/mks-go/pkg/v2/mksclient/client.gen.go:1919.16,1921.3 1 0
github.com/selectel/mks-go/pkg/v2/mksclient/client.gen.go:1923.2,1923.19 1 0
github.com/selectel/mks-go/pkg/v2/mksclient/client.gen.go:1923.19,1926.32 2 0
github.com/selectel/mks-go/pkg/v2/mksclient/client.gen.go:1926.32,1928.216 1 0
github.com/selectel/mks-go/pkg/v2/mksclient/client.gen.go:1928.216,1930.5 1 0
github.com/selectel/mks-go/pkg/v2/mksclient/client.gen.go:1930.10,1930.67 1 0
github.com/selectel/mks-go/pkg/v2/mksclient/client.gen.go:1930.67,1932.5 1 0
github.com/selectel/mks-go/pkg/v2/mksclient/client.gen.go:1932.10,1933.30 1 0
github.com/selectel/mks-go/pkg/v2/mksclient/client.gen.go:1933.30,1934.27 1 0
github.com/selectel/mks-go/pkg/v2/mksclient/client.gen.go:1934.27,1936.7 1 0
github.com/selectel/mks-go/pkg/v2/mksclient/client.gen.go:1942.3,1942.43 1 0
github.com/selectel/mks-go/pkg/v2/mksclient/client.gen.go:1945.2,1946.16 2 0
github.com/selectel/mks-go/pkg/v2/mksclient/client.gen.go:1946.16,1948.3 1 0
github.com/selectel/mks-go/pkg/v2/mksclient/client.gen.go:1950.2,1950.17 1 0
github.com/selectel/mks-go/pkg/v2/mksclient/client.gen.go:1954.65,1958.16 3 0
github.com/selectel/mks-go/pkg/v2/mksclient/client.gen.go:1958.16,1960.3 1 0
github.com/selectel/mks-go/pkg/v2/mksclient/client.gen.go:1962.2,1963.29 2 0
github.com/selectel/mks-go/pkg/v2/mksclient/client.gen.go:1963.29,1965.3 1 0
github.com/selectel/mks-go/pkg/v2/mksclient/client.gen.go:1967.2,1968.16 2 0
github.com/selectel/mks-go/pkg/v2/mksclient/client.gen.go:1968.16,1970.3 1 0
github.com/selectel/mks-go/pkg/v2/mksclient/client.gen.go:1972.2,1973.16 2 0
github.com/selectel/mks-go/pkg/v2/mksclient/client.gen.go:1973.16,1975.3 1 0
github.com/selectel/mks-go/pkg/v2/mksclient/client.gen.go:1977.2,1977.17 1 0
github.com/selectel/mks-go/pkg/v2/mksclient/client.gen.go:1981.73,1985.16 3 0
github.com/selectel/mks-go/pkg/v2/mksclient/client.gen.go:1985.16,1987.3 1 0
github.com/selectel/mks-go/pkg/v2/mksclient/client.gen.go:1989.2,1990.29 2 0
github.com/selectel/mks-go/pkg/v2/mksclient/client.gen.go:1990.29,1992.3 1 0
github.com/selectel/mks-go/pkg/v2/mksclient/client.gen.go:1994.2,1995.16 2 0
github.com/selectel/mks-go/pkg/v2/mksclient/client.gen.go:1995.16,1997.3 1 0
github.com/selectel/mks-go/pkg/v2/mksclient/client.gen.go:1999.2,2000.16 2 0
github.com/selectel/mks-go/pkg/v2/mksclient/client.gen.go:2000.16,2002.3 1 0
github.com/selectel/mks-go/pkg/v2/mksclient/client.gen.go:2004.2,2004.17 1 0
github.com/selectel/mks-go/pkg/v2/mksclient/client.gen.go:2008.73,2012.16 3 0
github.com/selectel/mks-go/pkg/v2/mksclient/client.gen.go:2012.16,2014.3 1 0
github.com/selectel/mks-go/pkg/v2/mksclient/client.gen.go:2016.2,2017.29 2 0
github.com/selectel/mks-go/pkg/v2/mksclient/client.gen.go:2017.29,2019.3 1 0
github.com/selectel/mks-go/pkg/v2/mksclient/client.gen.go:2021.2,2022.16 2 0
github.com/selectel/mks-go/pkg/v2/mksclient/client.gen.go:2022.16,2024.3 1 0
github.com/selectel/mks-go/pkg/v2/mksclient/client.gen.go:2026.2,2027.16 2 0
github.com/selectel/mks-go/pkg/v2/mksclient/client.gen.go:2027.16,2029.3 1 0
github.com/selectel/mks-go/pkg/v2/mksclient/client.gen.go:2031.2,2031.17 1 0
github.com/selectel/mks-go/pkg/v2/mksclient/client.gen.go:2034.114,2035.37 1 0
github.com/selectel/mks-go/pkg/v2/mksclient/client.gen.go:2035.37,2036.37 1 0
github.com/selectel/mks-go/pkg/v2/mksclient/client.gen.go:2036.37,2038.4 1 0
github.com/selectel/mks-go/pkg/v2/mksclient/client.gen.go:2040.2,2040.38 1 0
github.com/selectel/mks-go/pkg/v2/mksclient/client.gen.go:2040.38,2041.37 1 0
github.com/selectel/mks-go/pkg/v2/mksclient/client.gen.go:2041.37,2043.4 1 0
github.com/selectel/mks-go/pkg/v2/mksclient/client.gen.go:2045.2,2045.12 1 0
github.com/selectel/mks-go/pkg/v2/mksclient/client.gen.go:2055.96,2057.16 2 0
github.com/selectel/mks-go/pkg/v2/mksclient/client.gen.go:2057.16,2059.3 1 0
github.com/selectel/mks-go/pkg/v2/mksclient/client.gen.go:2060.2,2060.42 1 0
github.com/selectel/mks-go/pkg/v2/mksclient/client.gen.go:2064.47,2065.31 1 0
github.com/selectel/mks-go/pkg/v2/mksclient/client.gen.go:2065.31,2067.17 2 0
github.com/selectel/mks-go/pkg/v2/mksclient/client.gen.go:2067.17,2069.4 1 0
github.com/selectel/mks-go/pkg/v2/mksclient/client.gen.go:2070.3,2071.13 2 0
github.com/selectel/mks-go/pkg/v2/mksclient/client.gen.go:2196.61,2197.27 1 0
github.com/selectel/mks-go/pkg/v2/mksclient/client.gen.go:2197.27,2199.3 1 0
github.com/selectel/mks-go/pkg/v2/mksclient/client.gen.go:2200.2,2200.27 1 0
github.com/selectel/mks-go/pkg/v2/mksclient/client.gen.go:2204.62,2205.27 1 0
github.com/selectel/mks-go/pkg/v2/mksclient/client.gen.go:2205.27,2207.3 1 0
github.com/selectel/mks-go/pkg/v2/mksclient/client.gen.go:2208.2,2208.10 1 0
github.com/selectel/mks-go/pkg/v2/mksclient/client.gen.go:2219.49,2220.27 1 0
github.com/selectel/mks-go/pkg/v2/mksclient/client.gen.go:2220.27,2222.3 1 0
github.com/selectel/mks-go/pkg/v2/mksclient/client.gen.go:2223.2,2223.27 1 0
github.com/selectel/mks-go/pkg/v2/mksclient/client.gen.go:2227.50,2228.27 1 0
github.com/selectel/mks-go/pkg/v2/mksclient/client.gen.go:2228.27,2230.3 1 0
github.com/selectel/mks-go/pkg/v2/mksclient/client.gen.go:2231.2,2231.10 1 0
github.com/selectel/mks-go/pkg/v2/mksclient/client.gen.go:2242.50,2243.27 1 0
github.com/selectel/mks-go/pkg/v2/mksclient/client.gen.go:2243.27,2245.3 1 0
github.com/selectel/mks-go/pkg/v2/mksclient/client.gen.go:2246.2,2246.27 1 0
github.com/selectel/mks-go/pkg/v2/mksclient/client.gen.go:2250.51,2251.27 1 0
github.com/selectel/mks-go/pkg/v2/mksclient/client.gen.go:2251.27,2253.3 1 0
github.com/selectel/mks-go/pkg/v2/mksclient/client.gen.go:2254.2,2254.10 1 0
github.com/selectel/mks-go/pkg/v2/mksclient/client.gen.go:2266.50,2267.27 1 0
github.com/selectel/mks-go/pkg/v2/mksclient/client.gen.go:2267.27,2269.3 1 0
github.com/selectel/mks-go/pkg/v2/mksclient/client.gen.go:2270.2,2270.27 1 0
github.com/selectel/mks-go/pkg/v2/mksclient/client.gen.go:2274.51,2275.27 1 0
github.com/selectel/mks-go/pkg/v2/mksclient/client.gen.go:2275.27,2277.3 1 0
github.com/selectel/mks-go/pkg/v2/mksclient/client.gen.go:2278.2,2278.10 1 0
github.com/selectel/mks-go/pkg/v2/mksclient/client.gen.go:2290.47,2291.27 1 0
github.com/selectel/mks-go/pkg/v2/mksclient/client.gen.go:2291.27,2293.3 1 0
github.com/selectel/mks-go/pkg/v2/mksclient/client.gen.go:2294.2,2294.27 1 0
github.com/selectel/mks-go/pkg/v2/mksclient/client.gen.go:2298.48,2299.27 1 0
github.com/selectel/mks-go/pkg/v2/mksclient/client.gen.go:2299.27,2301.3 1 0
github.com/selectel/mks-go/pkg/v2/mksclient/client.gen.go:2302.2,2302.10 1 0
github.com/selectel/mks-go/pkg/v2/mksclient/client.gen.go:2313.50,2314.27 1 0
github.com/selectel/mks-go/pkg/v2/mksclient/client.gen.go:2314.27,2316.3 1 0
github.com/selectel/mks-go/pkg/v2/mksclient/client.gen.go:2317.2,2317.27 1 0
github.com/selectel/mks-go/pkg/v2/mksclient/client.gen.go:2321.51,2322.27 1 0
github.com/selectel/mks-go/pkg/v2/mksclient/client.gen.go:2322.27,2324.3 1 0
github.com/selectel/mks-go/pkg/v2/mksclient/client.gen.go:2325.2,2325.10 1 0
github.com/selectel/mks-go/pkg/v2/mksclient/client.gen.go:2337.54,2338.27 1 0
github.com/selectel/mks-go/pkg/v2/mksclient/client.gen.go:2338.27,2340.3 1 0
github.com/selectel/mks-go/pkg/v2/mksclient/client.gen.go:2341.2,2341.27 1 0
github.com/selectel/mks-go/pkg/v2/mksclient/client.gen.go:2345.55,2346.27 1 0
github.com/selectel/mks-go/pkg/v2/mksclient/client.gen.go:2346.27,2348.3 1 0
github.com/selectel/mks-go/pkg/v2/mksclient/client.gen.go:2349.2,2349.10 1 0
github.com/selectel/mks-go/pkg/v2/mksclient/client.gen.go:2360.57,2361.27 1 0
github.com/selectel/mks-go/pkg/v2/mksclient/client.gen.go:2361.27,2363.3 1 0
github.com/selectel/mks-go/pkg/v2/mksclient/client.gen.go:2364.2,2364.27 1 0
github.com/selectel/mks-go/pkg/v2/mksclient/client.gen.go:2368.58,2369.27 1 0
github.com/selectel/mks-go/pkg/v2/mksclient/client.gen.go:2369.27,2371.3 1 0
github.com/selectel/mks-go/pkg/v2/mksclient/client.gen.go:2372.2,2372.10 1 0
github.com/selectel/mks-go/pkg/v2/mksclient/client.gen.go:2385.51,2386.27 1 0
github.com/selectel/mks-go/pkg/v2/mksclient/client.gen.go:2386.27,2388.3 1 0
github.com/selectel/mks-go/pkg/v2/mksclient/client.gen.go:2389.2,2389.27 1 0
github.com/selectel/mks-go/pkg/v2/mksclient/client.gen.go:2393.52,2394.27 1 0
github.com/selectel/mks-go/pkg/v2/mksclient/client.gen.go:2394.27,2396.3 1 0
github.com/selectel/mks-go/pkg/v2/mksclient/client.gen.go:2397.2,2397.10 1 0
github.com/selectel/mks-go/pkg/v2/mksclient/client.gen.go:2411.53,2412.27 1 0
github.com/selectel/mks-go/pkg/v2/mksclient/client.gen.go:2412.27,2414.3 1 0
github.com/selectel/mks-go/pkg/v2/mksclient/client.gen.go:2415.2,2415.27 1 0
github.com/selectel/mks-go/pkg/v2/mksclient/client.gen.go:2419.54,2420.27 1 0
github.com/selectel/mks-go/pkg/v2/mksclient/client.gen.go:2420.27,2422.3 1 0
github.com/selectel/mks-go/pkg/v2/mksclient/client.gen.go:2423.2,2423.10 1 0
github.com/selectel/mks-go/pkg/v2/mksclient/client.gen.go:2437.52,2438.27 1 0
github.com/selectel/mks-go/pkg/v2/mksclient/client.gen.go:2438.27,2440.3 1 0
github.com/selectel/mks-go/pkg/v2/mksclient/client.gen.go:2441.2,2441.27 1 0
github.com/selectel/mks-go/pkg/v2/mksclient/client.gen.go:2445.53,2446.27 1 0
github.com/selectel/mks-go/pkg/v2/mksclient/client.gen.go:2446.27,2448.3 1 0
github.com/selectel/mks-go/pkg/v2/mksclient/client.gen.go:2449.2,2449.10 1 0
github.com/selectel/mks-go/pkg/v2/mksclient/client.gen.go:2462.49,2463.27 1 0
github.com/selectel/mks-go/pkg/v2/mksclient/client.gen.go:2463.27,2465.3 1 0
github.com/selectel/mks-go/pkg/v2/mksclient/client.gen.go:2466.2,2466.27 1 0
github.com/selectel/mks-go/pkg/v2/mksclient/client.gen.go:2470.50,2471.27 1 0
github.com/selectel/mks-go/pkg/v2/mksclient/client.gen.go:2471.27,2473.3 1 0
github.com/selectel/mks-go/pkg/v2/mksclient/client.gen.go:2474.2,2474.10 1 0
github.com/selectel/mks-go/pkg/v2/mksclient/client.gen.go:2488.52,2489.27 1 0
github.com/selectel/mks-go/pkg/v2/mksclient/client.gen.go:2489.27,2491.3 1 0
github.com/selectel/mks-go/pkg/v2/mksclient/client.gen.go:2492.2,2492.27 1 0
github.com/selectel/mks-go/pkg/v2/mksclient/client.gen.go:2496.53,2497.27 1 0
github.com/selectel/mks-go/pkg/v2/mksclient/client.gen.go:2497.27,2499.3 1 0
github.com/selectel/mks-go/pkg/v2/mksclient/client.gen.go:2500.2,2500.10 1 0
github.com/selectel/mks-go/pkg/v2/mksclient/client.gen.go:2514.56,2515.27 1 0
github.com/selectel/mks-go/pkg/v2/mksclient/client.gen.go:2515.27,2517.3 1 0
github.com/selectel/mks-go/pkg/v2/mksclient/client.gen.go:2518.2,2518.27 1 0
github.com/selectel/mks-go/pkg/v2/mksclient/client.gen.go:2522.57,2523.27 1 0
github.com/selectel/mks-go/pkg/v2/mksclient/client.gen.go:2523.27,2525.3 1 0
github.com/selectel/mks-go/pkg/v2/mksclient/client.gen.go:2526.2,2526.10 1 0
github.com/selectel/mks-go/pkg/v2/mksclient/client.gen.go:2540.47,2541.27 1 0
github.com/selectel/mks-go/pkg/v2/mksclient/client.gen.go:2541.27,2543.3 1 0
github.com/selectel/mks-go/pkg/v2/mksclient/client.gen.go:2544.2,2544.27 1 0
github.com/selectel/mks-go/pkg/v2/mksclient/client.gen.go:2548.48,2549.27 1 0
github.com/selectel/mks-go/pkg/v2/mksclient/client.gen.go:2549.27,2551.3 1 0
github.com/selectel/mks-go/pkg/v2/mksclient/client.gen.go:2552.2,2552.10 1 0
github.com/selectel/mks-go/pkg/v2/mksclient/client.gen.go:2564.44,2565.27 1 0
github.com/selectel/mks-go/pkg/v2/mksclient/client.gen.go:2565.27,2567.3 1 0
github.com/selectel/mks-go/pkg/v2/mksclient/client.gen.go:2568.2,2568.27 1 0
github.com/selectel/mks-go/pkg/v2/mksclient/client.gen.go:2572.45,2573.27 1 0
github.com/selectel/mks-go/pkg/v2/mksclient/client.gen.go:2573.27,2575.3 1 0
github.com/selectel/mks-go/pkg/v2/mksclient/client.gen.go:2576.2,2576.10 1 0
github.com/selectel/mks-go/pkg/v2/mksclient/client.gen.go:2590.50,2591.27 1 0
github.com/selectel/mks-go/pkg/v2/mksclient/client.gen.go:2591.27,2593.3 1 0
github.com/selectel/mks-go/pkg/v2/mksclient/client.gen.go:2594.2,2594.27 1 0
github.com/selectel/mks-go/pkg/v2/mksclient/client.gen.go:2598.51,2599.27 1 0
github.com/selectel/mks-go/pkg/v2/mksclient/client.gen.go:2599.27,2601.3 1 0
github.com/selectel/mks-go/pkg/v2/mksclient/client.gen.go:2602.2,2602.10 1 0
github.com/selectel/mks-go/pkg/v2/mksclient/client.gen.go:2616.52,2617.27 1 0
github.com/selectel/mks-go/pkg/v2/mksclient/client.gen.go:2617.27,2619.3 1 0
github.com/selectel/mks-go/pkg/v2/mksclient/client.gen.go:2620.2,2620.27 1 0
github.com/selectel/mks-go/pkg/v2/mksclient/client.gen.go:2624.53,2625.27 1 0
github.com/selectel/mks-go/pkg/v2/mksclient/client.gen.go:2625.27,2627.3 1 0
github.com/selectel/mks-go/pkg/v2/mksclient/client.gen.go:2628.2,2628.10 1 0
github.com/selectel/mks-go/pkg/v2/mksclient/client.gen.go:2641.53,2642.27 1 0
github.com/selectel/mks-go/pkg/v2/mksclient/client.gen.go:2642.27,2644.3 1 0
github.com/selectel/mks-go/pkg/v2/mksclient/client.gen.go:2645.2,2645.27 1 0
github.com/selectel/mks-go/pkg/v2/mksclient/client.gen.go:2649.54,2650.27 1 0
github.com/selectel/mks-go/pkg/v2/mksclient/client.gen.go:2650.27,2652.3 1 0
github.com/selectel/mks-go/pkg/v2/mksclient/client.gen.go:2653.2,2653.10 1 0
github.com/selectel/mks-go/pkg/v2/mksclient/client.gen.go:2666.50,2667.27 1 0
github.com/selectel/mks-go/pkg/v2/mksclient/client.gen.go:2667.27,2669.3 1 0
github.com/selectel/mks-go/pkg/v2/mksclient/client.gen.go:2670.2,2670.27 1 0
github.com/selectel/mks-go/pkg/v2/mksclient/client.gen.go:2674.51,2675.27 1 0
github.com/selectel/mks-go/pkg/v2/mksclient/client.gen.go:2675.27,2677.3 1 0
github.com/selectel/mks-go/pkg/v2/mksclient/client.gen.go:2678.2,2678.10 1 0
github.com/selectel/mks-go/pkg/v2/mksclient/client.gen.go:2691.53,2692.27 1 0
github.com/selectel/mks-go/pkg/v2/mksclient/client.gen.go:2692.27,2694.3 1 0
github.com/selectel/mks-go/pkg/v2/mksclient/client.gen.go:2695.2,2695.27 1 0
github.com/selectel/mks-go/pkg/v2/mksclient/client.gen.go:2699.54,2700.27 1 0
github.com/selectel/mks-go/pkg/v2/mksclient/client.gen.go:2700.27,2702.3 1 0
github.com/selectel/mks-go/pkg/v2/mksclient/client.gen.go:2703.2,2703.10 1 0
github.com/selectel/mks-go/pkg/v2/mksclient/client.gen.go:2716.53,2717.27 1 0
github.com/selectel/mks-go/pkg/v2/mksclient/client.gen.go:2717.27,2719.3 1 0
github.com/selectel/mks-go/pkg/v2/mksclient/client.gen.go:2720.2,2720.27 1 0
github.com/selectel/mks-go/pkg/v2/mksclient/client.gen.go:2724.54,2725.27 1 0
github.com/selectel/mks-go/pkg/v2/mksclient/client.gen.go:2725.27,2727.3 1 0
github.com/selectel/mks-go/pkg/v2/mksclient/client.gen.go:2728.2,2728.10 1 0
github.com/selectel/mks-go/pkg/v2/mksclient/client.gen.go:2741.51,2742.27 1 0
github.com/selectel/mks-go/pkg/v2/mksclient/client.gen.go:2742.27,2744.3 1 0
github.com/selectel/mks-go/pkg/v2/mksclient/client.gen.go:2745.2,2745.27 1 0
github.com/selectel/mks-go/pkg/v2/mksclient/client.gen.go:2749.52,2750.27 1 0
github.com/selectel/mks-go/pkg/v2/mksclient/client.gen.go:2750.27,2752.3 1 0
github.com/selectel/mks-go/pkg/v2/mksclient/client.gen.go:2753.2,2753.10 1 0
github.com/selectel/mks-go/pkg/v2/mksclient/client.gen.go:2765.55,2766.27 1 0
github.com/selectel/mks-go/pkg/v2/mksclient/client.gen.go:2766.27,2768.3 1 0
github.com/selectel/mks-go/pkg/v2/mksclient/client.gen.go:2769.2,2769.27 1 0
github.com/selectel/mks-go/pkg/v2/mksclient/client.gen.go:2773.56,2774.27 1 0
github.com/selectel/mks-go/pkg/v2/mksclient/client.gen.go:2774.27,2776.3 1 0
github.com/selectel/mks-go/pkg/v2/mksclient/client.gen.go:2777.2,2777.10 1 0
github.com/selectel/mks-go/pkg/v2/mksclient/client.gen.go:2789.46,2790.27 1 0
github.com/selectel/mks-go/pkg/v2/mksclient/client.gen.go:2790.27,2792.3 1 0
github.com/selectel/mks-go/pkg/v2/mksclient/client.gen.go:2793.2,2793.27 1 0
github.com/selectel/mks-go/pkg/v2/mksclient/client.gen.go:2797.47,2798.27 1 0
github.com/selectel/mks-go/pkg/v2/mksclient/client.gen.go:2798.27,2800.3 1 0
github.com/selectel/mks-go/pkg/v2/mksclient/client.gen.go:2801.2,2801.10 1 0
github.com/selectel/mks-go/pkg/v2/mksclient/client.gen.go:2813.44,2814.27 1 0
github.com/selectel/mks-go/pkg/v2/mksclient/client.gen.go:2814.27,2816.3 1 0
github.com/selectel/mks-go/pkg/v2/mksclient/client.gen.go:2817.2,2817.27 1 0
github.com/selectel/mks-go/pkg/v2/mksclient/client.gen.go:2821.45,2822.27 1 0
github.com/selectel/mks-go/pkg/v2/mksclient/client.gen.go:2822.27,2824.3 1 0
github.com/selectel/mks-go/pkg/v2/mksclient/client.gen.go:2825.2,2825.10 1 0
github.com/selectel/mks-go/pkg/v2/mksclient/client.gen.go:2837.56,2838.27 1 0
github.com/selectel/mks-go/pkg/v2/mksclient/client.gen.go:2838.27,2840.3 1 0
github.com/selectel/mks-go/pkg/v2/mksclient/client.gen.go:2841.2,2841.27 1 0
github.com/selectel/mks-go/pkg/v2/mksclient/client.gen.go:2845.57,2846.27 1 0
github.com/selectel/mks-go/pkg/v2/mksclient/client.gen.go:2846.27,2848.3 1 0
github.com/selectel/mks-go/pkg/v2/mksclient/client.gen.go:2849.2,2849.10 1 0
github.com/selectel/mks-go/pkg/v2/mksclient/client.gen.go:2861.56,2862.27 1 0
github.com/selectel/mks-go/pkg/v2/mksclient/client.gen.go:2862.27,2864.3 1 0
github.com/selectel/mks-go/pkg/v2/mksclient/client.gen.go:2865.2,2865.27 1 0
github.com/selectel/mks-go/pkg/v2/mksclient/client.gen.go:2869.57,2870.27 1 0
github.com/selectel/mks-go/pkg/v2/mksclient/client.gen.go:2870.27,2872.3 1 0
github.com/selectel/mks-go/pkg/v2/mksclient/client.gen.go:2873.2,2873.10 1 0
github.com/selectel/mks-go/pkg/v2/mksclient/client.gen.go:2884.46,2885.27 1 0
github.com/selectel/mks-go/pkg/v2/mksclient/client.gen.go:2885.27,2887.3 1 0
github.com/selectel/mks-go/pkg/v2/mksclient/client.gen.go:2888.2,2888.27 1 0
github.com/selectel/mks-go/pkg/v2/mksclient/client.gen.go:2892.47,2893.27 1 0
github.com/selectel/mks-go/pkg/v2/mksclient/client.gen.go:2893.27,2895.3 1 0
github.com/selectel/mks-go/pkg/v2/mksclient/client.gen.go:2896.2,2896.10 1 0
github.com/selectel/mks-go/pkg/v2/mksclient/client.gen.go:2907.45,2908.27 1 0
github.com/selectel/mks-go/pkg/v2/mksclient/client.gen.go:2908.27,2910.3 1 0
github.com/selectel/mks-go/pkg/v2/mksclient/client.gen.go:2911.2,2911.27 1 0
github.com/selectel/mks-go/pkg/v2/mksclient/client.gen.go:2915.46,2916.27 1 0
github.com/selectel/mks-go/pkg/v2/mksclient/client.gen.go:2916.27,2918.3 1 0
github.com/selectel/mks-go/pkg/v2/mksclient/client.gen.go:2919.2,2919.10 1 0
github.com/selectel/mks-go/pkg/v2/mksclient/client.gen.go:2930.53,2931.27 1 0
github.com/selectel/mks-go/pkg/v2/mksclient/client.gen.go:2931.27,2933.3 1 0
github.com/selectel/mks-go/pkg/v2/mksclient/client.gen.go:2934.2,2934.27 1 0
github.com/selectel/mks-go/pkg/v2/mksclient/client.gen.go:2938.54,2939.27 1 0
github.com/selectel/mks-go/pkg/v2/mksclient/client.gen.go:2939.27,2941.3 1 0
github.com/selectel/mks-go/pkg/v2/mksclient/client.gen.go:2942.2,2942.10 1 0
github.com/selectel/mks-go/pkg/v2/mksclient/client.gen.go:2953.53,2954.27 1 0
github.com/selectel/mks-go/pkg/v2/mksclient/client.gen.go:2954.27,2956.3 1 0
github.com/selectel/mks-go/pkg/v2/mksclient/client.gen.go:2957.2,2957.27 1 0
github.com/selectel/mks-go/pkg/v2/mksclient/client.gen.go:2961.54,2962.27 1 0
github.com/selectel/mks-go/pkg/v2/mksclient/client.gen.go:2962.27,2964.3 1 0
github.com/selectel/mks-go/pkg/v2/mksclient/client.gen.go:2965.2,2965.10 1 0
github.com/selectel/mks-go/pkg/v2/mksclient/client.gen.go:2969.167,2971.16 2 0
github.com/selectel/mks-go/pkg/v2/mksclient/client.gen.go:2971.16,2973.3 1 0
github.com/selectel/mks-go/pkg/v2/mksclient/client.gen.go:2974.2,2974.53 1 0
github.com/selectel/mks-go/pkg/v2/mksclient/client.gen.go:2978.143,2980.16 2 0
github.com/selectel/mks-go/pkg/v2/mksclient/client.gen.go:2980.16,2982.3 1 0
github.com/selectel/mks-go/pkg/v2/mksclient/client.gen.go:2983.2,2983.41 1 0
github.com/selectel/mks-go/pkg/v2/mksclient/client.gen.go:2987.189,2989.16 2 0
github.com/selectel/mks-go/pkg/v2/mksclient/client.gen.go:2989.16,2991.3 1 0
github.com/selectel/mks-go/pkg/v2/mksclient/client.gen.go:2992.2,2992.42 1 0
github.com/selectel/mks-go/pkg/v2/mksclient/client.gen.go:2995.182,2997.16 2 0
github.com/selectel/mks-go/pkg/v2/mksclient/client.gen.go:2997.16,2999.3 1 0
github.com/selectel/mks-go/pkg/v2/mksclient/client.gen.go:3000.2,3000.42 1 0
github.com/selectel/mks-go/pkg/v2/mksclient/client.gen.go:3004.166,3006.16 2 0
github.com/selectel/mks-go/pkg/v2/mksclient/client.gen.go:3006.16,3008.3 1 0
github.com/selectel/mks-go/pkg/v2/mksclient/client.gen.go:3009.2,3009.42 1 0
github.com/selectel/mks-go/pkg/v2/mksclient/client.gen.go:3013.160,3015.16 2 0
github.com/selectel/mks-go/pkg/v2/mksclient/client.gen.go:3015.16,3017.3 1 0
github.com/selectel/mks-go/pkg/v2/mksclient/client.gen.go:3018.2,3018.39 1 0
github.com/selectel/mks-go/pkg/v2/mksclient/client.gen.go:3022.210,3024.16 2 0
github.com/selectel/mks-go/pkg/v2/mksclient/client.gen.go:3024.16,3026.3 1 0
github.com/selectel/mks-go/pkg/v2/mksclient/client.gen.go:3027.2,3027.42 1 0
github.com/selectel/mks-go/pkg/v2/mksclient/client.gen.go:3030.203,3032.16 2 0
github.com/selectel/mks-go/pkg/v2/mksclient/client.gen.go:3032.16,3034.3 1 0
github.com/selectel/mks-go/pkg/v2/mksclient/client.gen.go:3035.2,3035.42 1 0
github.com/selectel/mks-go/pkg/v2/mksclient/client.gen.go:3039.209,3041.16 2 0
github.com/selectel/mks-go/pkg/v2/mksclient/client.gen.go:3041.16,3043.3 1 0
github.com/selectel/mks-go/pkg/v2/mksclient/client.gen.go:3044.2,3044.46 1 0
github.com/selectel/mks-go/pkg/v2/mksclient/client.gen.go:3048.180,3050.16 2 0
github.com/selectel/mks-go/pkg/v2/mksclient/client.gen.go:3050.16,3052.3 1 0
github.com/selectel/mks-go/pkg/v2/mksclient/client.gen.go:3053.2,3053.49 1 0
github.com/selectel/mks-go/pkg/v2/mksclient/client.gen.go:3057.168,3059.16 2 0
github.com/selectel/mks-go/pkg/v2/mksclient/client.gen.go:3059.16,3061.3 1 0
github.com/selectel/mks-go/pkg/v2/mksclient/client.gen.go:3062.2,3062.43 1 0
github.com/selectel/mks-go/pkg/v2/mksclient/client.gen.go:3066.216,3068.16 2 0
github.com/selectel/mks-go/pkg/v2/mksclient/client.gen.go:3068.16,3070.3 1 0
github.com/selectel/mks-go/pkg/v2/mksclient/client.gen.go:3071.2,3071.45 1 0
github.com/selectel/mks-go/pkg/v2/mksclient/client.gen.go:3074.212,3076.16 2 0
github.com/selectel/mks-go/pkg/v2/mksclient/client.gen.go:3076.16,3078.3 1 0
github.com/selectel/mks-go/pkg/v2/mksclient/client.gen.go:3079.2,3079.45 1 0
github.com/selectel/mks-go/pkg/v2/mksclient/client.gen.go:3083.195,3085.16 2 0
github.com/selectel/mks-go/pkg/v2/mksclient/client.gen.go:3085.16,3087.3 1 0
github.com/selectel/mks-go/pkg/v2/mksclient/client.gen.go:3088.2,3088.44 1 0
github.com/selectel/mks-go/pkg/v2/mksclient/client.gen.go:3092.189,3094.16 2 0
github.com/selectel/mks-go/pkg/v2/mksclient/client.gen.go:3094.16,3096.3 1 0
github.com/selectel/mks-go/pkg/v2/mksclient/client.gen.go:3097.2,3097.41 1 0
github.com/selectel/mks-go/pkg/v2/mksclient/client.gen.go:3101.239,3103.16 2 0
github.com/selectel/mks-go/pkg/v2/mksclient/client.gen.go:3103.16,3105.3 1 0
github.com/selectel/mks-go/pkg/v2/mksclient/client.gen.go:3106.2,3106.44 1 0
github.com/selectel/mks-go/pkg/v2/mksclient/client.gen.go:3109.234,3111.16 2 0
github.com/selectel/mks-go/pkg/v2/mksclient/client.gen.go:3111.16,3113.3 1 0
github.com/selectel/mks-go/pkg/v2/mksclient/client.gen.go:3114.2,3114.44 1 0
github.com/selectel/mks-go/pkg/v2/mksclient/client.gen.go:3118.240,3120.16 2 0
github.com/selectel/mks-go/pkg/v2/mksclient/client.gen.go:3120.16,3122.3 1 0
github.com/selectel/mks-go/pkg/v2/mksclient/client.gen.go:3123.2,3123.48 1 0
github.com/selectel/mks-go/pkg/v2/mksclient/client.gen.go:3127.200,3129.16 2 0
github.com/selectel/mks-go/pkg/v2/mksclient/client.gen.go:3129.16,3131.3 1 0
github.com/selectel/mks-go/pkg/v2/mksclient/client.gen.go:3132.2,3132.39 1 0
github.com/selectel/mks-go/pkg/v2/mksclient/client.gen.go:3136.194,3138.16 2 0
github.com/selectel/mks-go/pkg/v2/mksclient/client.gen.go:3138.16,3140.3 1 0
github.com/selectel/mks-go/pkg/v2/mksclient/client.gen.go:3141.2,3141.36 1 0
github.com/selectel/mks-go/pkg/v2/mksclient/client.gen.go:3145.206,3147.16 2 0
github.com/selectel/mks-go/pkg/v2/mksclient/client.gen.go:3147.16,3149.3 1 0
github.com/selectel/mks-go/pkg/v2/mksclient/client.gen.go:3150.2,3150.42 1 0
github.com/selectel/mks-go/pkg/v2/mksclient/client.gen.go:3154.239,3156.16 2 0
github.com/selectel/mks-go/pkg/v2/mksclient/client.gen.go:3156.16,3158.3 1 0
github.com/selectel/mks-go/pkg/v2/mksclient/client.gen.go:3159.2,3159.44 1 0
github.com/selectel/mks-go/pkg/v2/mksclient/client.gen.go:3162.234,3164.16 2 0
github.com/selectel/mks-go/pkg/v2/mksclient/client.gen.go:3164.16,3166.3 1 0
github.com/selectel/mks-go/pkg/v2/mksclient/client.gen.go:3167.2,3167.44 1 0
github.com/selectel/mks-go/pkg/v2/mksclient/client.gen.go:3171.172,3173.16 2 0
github.com/selectel/mks-go/pkg/v2/mksclient/client.gen.go:3173.16,3175.3 1 0
github.com/selectel/mks-go/pkg/v2/mksclient/client.gen.go:3176.2,3176.45 1 0
github.com/selectel/mks-go/pkg/v2/mksclient/client.gen.go:3180.166,3182.16 2 0
github.com/selectel/mks-go/pkg/v2/mksclient/client.gen.go:3182.16,3184.3 1 0
github.com/selectel/mks-go/pkg/v2/mksclient/client.gen.go:3185.2,3185.42 1 0
github.com/selectel/mks-go/pkg/v2/mksclient/client.gen.go:3189.216,3191.16 2 0
github.com/selectel/mks-go/pkg/v2/mksclient/client.gen.go:3191.16,3193.3 1 0
github.com/selectel/mks-go/pkg/v2/mksclient/client.gen.go:3194.2,3194.45 1 0
github.com/selectel/mks-go/pkg/v2/mksclient/client.gen.go:3197.212,3199.16 2 0
github.com/selectel/mks-go/pkg/v2/mksclient/client.gen.go:3199.16,3201.3 1 0
github.com/selectel/mks-go/pkg/v2/mksclient/client.gen.go:3202.2,3202.45 1 0
github.com/selectel/mks-go/pkg/v2/mksclient/client.gen.go:3206.216,3208.16 2 0
github.com/selectel/mks-go/pkg/v2/mksclient/client.gen.go:3208.16,3210.3 1 0
github.com/selectel/mks-go/pkg/v2/mksclient/client.gen.go:3211.2,3211.45 1 0
github.com/selectel/mks-go/pkg/v2/mksclient/client.gen.go:3214.212,3216.16 2 0
github.com/selectel/mks-go/pkg/v2/mksclient/client.gen.go:3216.16,3218.3 1 0
github.com/selectel/mks-go/pkg/v2/mksclient/client.gen.go:3219.2,3219.45 1 0
github.com/selectel/mks-go/pkg/v2/mksclient/client.gen.go:3223.191,3225.16 2 0
github.com/selectel/mks-go/pkg/v2/mksclient/client.gen.go:3225.16,3227.3 1 0
github.com/selectel/mks-go/pkg/v2/mksclient/client.gen.go:3228.2,3228.43 1 0
github.com/selectel/mks-go/pkg/v2/mksclient/client.gen.go:3232.176,3234.16 2 0
github.com/selectel/mks-go/pkg/v2/mksclient/client.gen.go:3234.16,3236.3 1 0
github.com/selectel/mks-go/pkg/v2/mksclient/client.gen.go:3237.2,3237.47 1 0
github.com/selectel/mks-go/pkg/v2/mksclient/client.gen.go:3241.185,3243.16 2 0
github.com/selectel/mks-go/pkg/v2/mksclient/client.gen.go:3243.16,3245.3 1 0
github.com/selectel/mks-go/pkg/v2/mksclient/client.gen.go:3246.2,3246.38 1 0
github.com/selectel/mks-go/pkg/v2/mksclient/client.gen.go:3250.194,3252.16 2 0
github.com/selectel/mks-go/pkg/v2/mksclient/client.gen.go:3252.16,3254.3 1 0
github.com/selectel/mks-go/pkg/v2/mksclient/client.gen.go:3255.2,3255.36 1 0
github.com/selectel/mks-go/pkg/v2/mksclient/client.gen.go:3259.178,3261.16 2 0
github.com/selectel/mks-go/pkg/v2/mksclient/client.gen.go:3261.16,3263.3 1 0
github.com/selectel/mks-go/pkg/v2/mksclient/client.gen.go:3264.2,3264.48 1 0
github.com/selectel/mks-go/pkg/v2/mksclient/client.gen.go:3268.178,3270.16 2 0
github.com/selectel/mks-go/pkg/v2/mksclient/client.gen.go:3270.16,3272.3 1 0
github.com/selectel/mks-go/pkg/v2/mksclient/client.gen.go:3273.2,3273.48 1 0
github.com/selectel/mks-go/pkg/v2/mksclient/client.gen.go:3277.164,3279.16 2 0
github.com/selectel/mks-go/pkg/v2/mksclient/client.gen.go:3279.16,3281.3 1 0
github.com/selectel/mks-go/pkg/v2/mksclient/client.gen.go:3282.2,3282.38 1 0
github.com/selectel/mks-go/pkg/v2/mksclient/client.gen.go:3286.135,3288.16 2 0
github.com/selectel/mks-go/pkg/v2/mksclient/client.gen.go:3288.16,3290.3 1 0
github.com/selectel/mks-go/pkg/v2/mksclient/client.gen.go:3291.2,3291.37 1 0
github.com/selectel/mks-go/pkg/v2/mksclient/client.gen.go:3295.151,3297.16 2 0
github.com/selectel/mks-go/pkg/v2/mksclient/client.gen.go:3297.16,3299.3 1 0
github.com/selectel/mks-go/pkg/v2/mksclient/client.gen.go:3300.2,3300.45 1 0
github.com/selectel/mks-go/pkg/v2/mksclient/client.gen.go:3304.151,3306.16 2 0
github.com/selectel/mks-go/pkg/v2/mksclient/client.gen.go:3306.16,3308.3 1 0
github.com/selectel/mks-go/pkg/v2/mksclient/client.gen.go:3309.2,3309.45 1 0
github.com/selectel/mks-go/pkg/v2/mksclient/client.gen.go:3313.111,3315.15 2 0
github.com/selectel/mks-go/pkg/v2/mksclient/client.gen.go:3315.15,3315.39 1 0
github.com/selectel/mks-go/pkg/v2/mksclient/client.gen.go:3316.2,3316.16 1 0
github.com/selectel/mks-go/pkg/v2/mksclient/client.gen.go:3316.16,3318.3 1 0
github.com/selectel/mks-go/pkg/v2/mksclient/client.gen.go:3320.2,3325.9 2 0
github.com/selectel/mks-go/pkg/v2/mksclient/client.gen.go:3326.89,3328.58 2 0
github.com/selectel/mks-go/pkg/v2/mksclient/client.gen.go:3328.58,3330.4 1 0
github.com/selectel/mks-go/pkg/v2/mksclient/client.gen.go:3331.3,3331.27 1 0
github.com/selectel/mks-go/pkg/v2/mksclient/client.gen.go:3333.89,3335.58 2 0
github.com/selectel/mks-go/pkg/v2/mksclient/client.gen.go:3335.58,3337.4 1 0
github.com/selectel/mks-go/pkg/v2/mksclient/client.gen.go:3338.3,3338.27 1 0
github.com/selectel/mks-go/pkg/v2/mksclient/client.gen.go:3342.2,3342.22 1 0
github.com/selectel/mks-go/pkg/v2/mksclient/client.gen.go:3346.87,3348.15 2 0
github.com/selectel/mks-go/pkg/v2/mksclient/client.gen.go:3348.15,3348.39 1 0
github.com/selectel/mks-go/pkg/v2/mksclient/client.gen.go:3349.2,3349.16 1 0
github.com/selectel/mks-go/pkg/v2/mksclient/client.gen.go:3349.16,3351.3 1 0
github.com/selectel/mks-go/pkg/v2/mksclient/client.gen.go:3353.2,3358.9 2 0
github.com/selectel/mks-go/pkg/v2/mksclient/client.gen.go:3359.89,3361.58 2 0
github.com/selectel/mks-go/pkg/v2/mksclient/client.gen.go:3361.58,3363.4 1 0
github.com/selectel/mks-go/pkg/v2/mksclient/client.gen.go:3364.3,3364.27 1 0
github.com/selectel/mks-go/pkg/v2/mksclient/client.gen.go:3366.89,3368.58 2 0
github.com/selectel/mks-go/pkg/v2/mksclient/client.gen.go:3368.58,3370.4 1 0
github.com/selectel/mks-go/pkg/v2/mksclient/client.gen.go:3371.3,3371.27 1 0
github.com/selectel/mks-go/pkg/v2/mksclient/client.gen.go:3375.2,3375.22 1 0
github.com/selectel/mks-go/pkg/v2/mksclient/client.gen.go:3379.89,3381.15 2 0
github.com/selectel/mks-go/pkg/v2/mksclient/client.gen.go:3381.15,3381.39 1 0
github.com/selectel/mks-go/pkg/v2/mksclient/client.gen.go:3382.2,3382.16 1 0
github.com/selectel/mks-go/pkg/v2/mksclient/client.gen.go:3382.16,3384.3 1 0
github.com/selectel/mks-go/pkg/v2/mksclient/client.gen.go:3386.2,3391.9 2 0
github.com/selectel/mks-go/pkg/v2/mksclient/client.gen.go:3392.89,3394.58 2 0
github.com/selectel/mks-go/pkg/v2/mksclient/client.gen.go:3394.58,3396.4 1 0
github.com/selectel/mks-go/pkg/v2/mksclient/client.gen.go:3397.3,3397.27 1 0
github.com/selectel/mks-go/pkg/v2/mksclient/client.gen.go:3399.89,3401.58 2 0
github.com/selectel/mks-go/pkg/v2/mksclient/client.gen.go:3401.58,3403.4 1 0
github.com/selectel/mks-go/pkg/v2/mksclient/client.gen.go:3404.3,3404.27 1 0
github.com/selectel/mks-go/pkg/v2/mksclient/client.gen.go:3408.2,3408.22 1 0
github.com/selectel/mks-go/pkg/v2/mksclient/client.gen.go:3412.89,3414.15 2 0
github.com/selectel/mks-go/pkg/v2/mksclient/client.gen.go:3414.15,3414.39 1 0
github.com/selectel/mks-go/pkg/v2/mksclient/client.gen.go:3415.2,3415.16 1 0
github.com/selectel/mks-go/pkg/v2/mksclient/client.gen.go:3415.16,3417.3 1 0
github.com/selectel/mks-go/pkg/v2/mksclient/client.gen.go:3419.2,3424.9 2 0
github.com/selectel/mks-go/pkg/v2/mksclient/client.gen.go:3425.89,3427.58 2 0
github.com/selectel/mks-go/pkg/v2/mksclient/client.gen.go:3427.58,3429.4 1 0
github.com/selectel/mks-go/pkg/v2/mksclient/client.gen.go:3430.3,3430.27 1 0
github.com/selectel/mks-go/pkg/v2/mksclient/client.gen.go:3432.89,3434.58 2 0
github.com/selectel/mks-go/pkg/v2/mksclient/client.gen.go:3434.58,3436.4 1 0
github.com/selectel/mks-go/pkg/v2/mksclient/client.gen.go:3437.3,3437.27 1 0
github.com/selectel/mks-go/pkg/v2/mksclient/client.gen.go:3439.89,3441.58 2 0
github.com/selectel/mks-go/pkg/v2/mksclient/client.gen.go:3441.58,3443.4 1 0
github.com/selectel/mks-go/pkg/v2/mksclient/client.gen.go:3444.3,3444.27 1 0
github.com/selectel/mks-go/pkg/v2/mksclient/client.gen.go:3448.2,3448.22 1 0
github.com/selectel/mks-go/pkg/v2/mksclient/client.gen.go:3452.83,3454.15 2 0
github.com/selectel/mks-go/pkg/v2/mksclient/client.gen.go:3454.15,3454.39 1 0
github.com/selectel/mks-go/pkg/v2/mksclient/client.gen.go:3455.2,3455.16 1 0
github.com/selectel/mks-go/pkg/v2/mksclient/client.gen.go:3455.16,3457.3 1 0
github.com/selectel/mks-go/pkg/v2/mksclient/client.gen.go:3459.2,3464.9 2 0
github.com/selectel/mks-go/pkg/v2/mksclient/client.gen.go:3465.89,3467.58 2 0
github.com/selectel/mks-go/pkg/v2/mksclient/client.gen.go:3467.58,3469.4 1 0
github.com/selectel/mks-go/pkg/v2/mksclient/client.gen.go:3470.3,3470.27 1 0
github.com/selectel/mks-go/pkg/v2/mksclient/client.gen.go:3472.89,3474.58 2 0
github.com/selectel/mks-go/pkg/v2/mksclient/client.gen.go:3474.58,3476.4 1 0
github.com/selectel/mks-go/pkg/v2/mksclient/client.gen.go:3477.3,3477.27 1 0
github.com/selectel/mks-go/pkg/v2/mksclient/client.gen.go:3479.89,3481.58 2 0
github.com/selectel/mks-go/pkg/v2/mksclient/client.gen.go:3481.58,3483.4 1 0
github.com/selectel/mks-go/pkg/v2/mksclient/client.gen.go:3484.3,3484.27 1 0
github.com/selectel/mks-go/pkg/v2/mksclient/client.gen.go:3488.2,3488.22 1 0
github.com/selectel/mks-go/pkg/v2/mksclient/client.gen.go:3492.89,3494.15 2 0
github.com/selectel/mks-go/pkg/v2/mksclient/client.gen.go:3494.15,3494.39 1 0
github.com/selectel/mks-go/pkg/v2/mksclient/client.gen.go:3495.2,3495.16 1 0
github.com/selectel/mks-go/pkg/v2/mksclient/client.gen.go:3495.16,3497.3 1 0
github.com/selectel/mks-go/pkg/v2/mksclient/client.gen.go:3499.2,3504.9 2 0
github.com/selectel/mks-go/pkg/v2/mksclient/client.gen.go:3505.89,3507.58 2 0
github.com/selectel/mks-go/pkg/v2/mksclient/client.gen.go:3507.58,3509.4 1 0
github.com/selectel/mks-go/pkg/v2/mksclient/client.gen.go:3510.3,3510.27 1 0
github.com/selectel/mks-go/pkg/v2/mksclient/client.gen.go:3512.89,3514.58 2 0
github.com/selectel/mks-go/pkg/v2/mksclient/client.gen.go:3514.58,3516.4 1 0
github.com/selectel/mks-go/pkg/v2/mksclient/client.gen.go:3517.3,3517.27 1 0
github.com/selectel/mks-go/pkg/v2/mksclient/client.gen.go:3521.2,3521.22 1 0
github.com/selectel/mks-go/pkg/v2/mksclient/client.gen.go:3525.97,3527.15 2 0
github.com/selectel/mks-go/pkg/v2/mksclient/client.gen.go:3527.15,3527.39 1 0
github.com/selectel/mks-go/pkg/v2/mksclient/client.gen.go:3528.2,3528.16 1 0
github.com/selectel/mks-go/pkg/v2/mksclient/client.gen.go:3528.16,3530.3 1 0
github.com/selectel/mks-go/pkg/v2/mksclient/client.gen.go:3532.2,3537.9 2 0
github.com/selectel/mks-go/pkg/v2/mksclient/client.gen.go:3538.89,3540.58 2 0
github.com/selectel/mks-go/pkg/v2/mksclient/client.gen.go:3540.58,3542.4 1 0
github.com/selectel/mks-go/pkg/v2/mksclient/client.gen.go:3543.3,3543.27 1 0
github.com/selectel/mks-go/pkg/v2/mksclient/client.gen.go:3545.89,3547.58 2 0
github.com/selectel/mks-go/pkg/v2/mksclient/client.gen.go:3547.58,3549.4 1 0
github.com/selectel/mks-go/pkg/v2/mksclient/client.gen.go:3550.3,3550.27 1 0
github.com/selectel/mks-go/pkg/v2/mksclient/client.gen.go:3552.89,3554.58 2 0
github.com/selectel/mks-go/pkg/v2/mksclient/client.gen.go:3554.58,3556.4 1 0
github.com/selectel/mks-go/pkg/v2/mksclient/client.gen.go:3557.3,3557.27 1 0
github.com/selectel/mks-go/pkg/v2/mksclient/client.gen.go:3561.2,3561.22 1 0
github.com/selectel/mks-go/pkg/v2/mksclient/client.gen.go:3565.103,3567.15 2 0
github.com/selectel/mks-go/pkg/v2/mksclient/client.gen.go:3567.15,3567.39 1 0
github.com/selectel/mks-go/pkg/v2/mksclient/client.gen.go:3568.2,3568.16 1 0
github.com/selectel/mks-go/pkg/v2/mksclient/client.gen.go:3568.16,3570.3 1 0
github.com/selectel/mks-go/pkg/v2/mksclient/client.gen.go:3572.2,3577.9 2 0
github.com/selectel/mks-go/pkg/v2/mksclient/client.gen.go:3578.89,3580.58 2 0
github.com/selectel/mks-go/pkg/v2/mksclient/client.gen.go:3580.58,3582.4 1 0
github.com/selectel/mks-go/pkg/v2/mksclient/client.gen.go:3583.3,3583.27 1 0
github.com/selectel/mks-go/pkg/v2/mksclient/client.gen.go:3585.89,3587.58 2 0
github.com/selectel/mks-go/pkg/v2/mksclient/client.gen.go:3587.58,3589.4 1 0
github.com/selectel/mks-go/pkg/v2/mksclient/client.gen.go:3590.3,3590.27 1 0
github.com/selectel/mks-go/pkg/v2/mksclient/client.gen.go:3594.2,3594.22 1 0
github.com/selectel/mks-go/pkg/v2/mksclient/client.gen.go:3598.91,3600.15 2 0
github.com/selectel/mks-go/pkg/v2/mksclient/client.gen.go:3600.15,3600.39 1 0
github.com/selectel/mks-go/pkg/v2/mksclient/client.gen.go:3601.2,3601.16 1 0
github.com/selectel/mks-go/pkg/v2/mksclient/client.gen.go:3601.16,3603.3 1 0
github.com/selectel/mks-go/pkg/v2/mksclient/client.gen.go:3605.2,3610.9 2 0
github.com/selectel/mks-go/pkg/v2/mksclient/client.gen.go:3611.89,3613.58 2 0
github.com/selectel/mks-go/pkg/v2/mksclient/client.gen.go:3613.58,3615.4 1 0
github.com/selectel/mks-go/pkg/v2/mksclient/client.gen.go:3616.3,3616.27 1 0
github.com/selectel/mks-go/pkg/v2/mksclient/client.gen.go:3618.89,3620.58 2 0
github.com/selectel/mks-go/pkg/v2/mksclient/client.gen.go:3620.58,3622.4 1 0
github.com/selectel/mks-go/pkg/v2/mksclient/client.gen.go:3623.3,3623.27 1 0
github.com/selectel/mks-go/pkg/v2/mksclient/client.gen.go:3625.89,3627.58 2 0
github.com/selectel/mks-go/pkg/v2/mksclient/client.gen.go:3627.58,3629.4 1 0
github.com/selectel/mks-go/pkg/v2/mksclient/client.gen.go:3630.3,3630.27 1 0
github.com/selectel/mks-go/pkg/v2/mksclient/client.gen.go:3632.89,3634.58 2 0
github.com/selectel/mks-go/pkg/v2/mksclient/client.gen.go:3634.58,3636.4 1 0
github.com/selectel/mks-go/pkg/v2/mksclient/client.gen.go:3637.3,3637.27 1 0
github.com/selectel/mks-go/pkg/v2/mksclient/client.gen.go:3641.2,3641.22 1 0
github.com/selectel/mks-go/pkg/v2/mksclient/client.gen.go:3645.95,3647.15 2 0
github.com/selectel/mks-go/pkg/v2/mksclient/client.gen.go:3647.15,3647.39 1 0
github.com/selectel/mks-go/pkg/v2/mksclient/client.gen.go:3648.2,3648.16 1 0
github.com/selectel/mks-go/pkg/v2/mksclient/client.gen.go:3648.16,3650.3 1 0
github.com/selectel/mks-go/pkg/v2/mksclient/client.gen.go:3652.2,3657.9 2 0
github.com/selectel/mks-go/pkg/v2/mksclient/client.gen.go:3658.89,3660.58 2 0
github.com/selectel/mks-go/pkg/v2/mksclient/client.gen.go:3660.58,3662.4 1 0
github.com/selectel/mks-go/pkg/v2/mksclient/client.gen.go:3663.3,3663.27 1 0
github.com/selectel/mks-go/pkg/v2/mksclient/client.gen.go:3665.89,3667.58 2 0
github.com/selectel/mks-go/pkg/v2/mksclient/client.gen.go:3667.58,3669.4 1 0
github.com/selectel/mks-go/pkg/v2/mksclient/client.gen.go:3670.3,3670.27 1 0
github.com/selectel/mks-go/pkg/v2/mksclient/client.gen.go:3672.89,3674.58 2 0
github.com/selectel/mks-go/pkg/v2/mksclient/client.gen.go:3674.58,3676.4 1 0
github.com/selectel/mks-go/pkg/v2/mksclient/client.gen.go:3677.3,3677.27 1 0
github.com/selectel/mks-go/pkg/v2/mksclient/client.gen.go:3679.89,3681.58 2 0
github.com/selectel/mks-go/pkg/v2/mksclient/client.gen.go:3681.58,3683.4 1 0
github.com/selectel/mks-go/pkg/v2/mksclient/client.gen.go:3684.3,3684.27 1 0
github.com/selectel/mks-go/pkg/v2/mksclient/client.gen.go:3686.89,3688.58 2 0
github.com/selectel/mks-go/pkg/v2/mksclient/client.gen.go:3688.58,3690.4 1 0
github.com/selectel/mks-go/pkg/v2/mksclient/client.gen.go:3691.3,3691.27 1 0
github.com/selectel/mks-go/pkg/v2/mksclient/client.gen.go:3695.2,3695.22 1 0
github.com/selectel/mks-go/pkg/v2/mksclient/client.gen.go:3699.93,3701.15 2 0
github.com/selectel/mks-go/pkg/v2/mksclient/client.gen.go:3701.15,3701.39 1 0
github.com/selectel/mks-go/pkg/v2/mksclient/client.gen.go:3702.2,3702.16 1 0
github.com/selectel/mks-go/pkg/v2/mksclient/client.gen.go:3702.16,3704.3 1 0
github.com/selectel/mks-go/pkg/v2/mksclient/client.gen.go:3706.2,3711.9 2 0
github.com/selectel/mks-go/pkg/v2/mksclient/client.gen.go:3712.89,3714.58 2 0
github.com/selectel/mks-go/pkg/v2/mksclient/client.gen.go:3714.58,3716.4 1 0
github.com/selectel/mks-go/pkg/v2/mksclient/client.gen.go:3717.3,3717.27 1 0
github.com/selectel/mks-go/pkg/v2/mksclient/client.gen.go:3719.89,3721.58 2 0
github.com/selectel/mks-go/pkg/v2/mksclient/client.gen.go:3721.58,3723.4 1 0
github.com/selectel/mks-go/pkg/v2/mksclient/client.gen.go:3724.3,3724.27 1 0
github.com/selectel/mks-go/pkg/v2/mksclient/client.gen.go:3726.89,3728.58 2 0
github.com/selectel/mks-go/pkg/v2/mksclient/client.gen.go:3728.58,3730.4 1 0
github.com/selectel/mks-go/pkg/v2/mksclient/client.gen.go:3731.3,3731.27 1 0
github.com/selectel/mks-go/pkg/v2/mksclient/client.gen.go:3733.89,3735.58 2 0
github.com/selectel/mks-go/pkg/v2/mksclient/client.gen.go:3735.58,3737.4 1 0
github.com/selectel/mks-go/pkg/v2/mksclient/client.gen.go:3738.3,3738.27 1 0
github.com/selectel/mks-go/pkg/v2/mksclient/client.gen.go:3740.89,3742.58 2 0
github.com/selectel/mks-go/pkg/v2/mksclient/client.gen.go:3742.58,3744.4 1 0
github.com/selectel/mks-go/pkg/v2/mksclient/client.gen.go:3745.3,3745.27 1 0
github.com/selectel/mks-go/pkg/v2/mksclient/client.gen.go:3749.2,3749.22 1 0
github.com/selectel/mks-go/pkg/v2/mksclient/client.gen.go:3753.87,3755.15 2 0
github.com/selectel/mks-go/pkg/v2/mksclient/client.gen.go:3755.15,3755.39 1 0
github.com/selectel/mks-go/pkg/v2/mksclient/client.gen.go:3756.2,3756.16 1 0
github.com/selectel/mks-go/pkg/v2/mksclient/client.gen.go:3756.16,3758.3 1 0
github.com/selectel/mks-go/pkg/v2/mksclient/client.gen.go:3760.2,3765.9 2 0
github.com/selectel/mks-go/pkg/v2/mksclient/client.gen.go:3766.89,3768.58 2 0
github.com/selectel/mks-go/pkg/v2/mksclient/client.gen.go:3768.58,3770.4 1 0
github.com/selectel/mks-go/pkg/v2/mksclient/client.gen.go:3771.3,3771.27 1 0
github.com/selectel/mks-go/pkg/v2/mksclient/client.gen.go:3773.89,3775.58 2 0
github.com/selectel/mks-go/pkg/v2/mksclient/client.gen.go:3775.58,3777.4 1 0
github.com/selectel/mks-go/pkg/v2/mksclient/client.gen.go:3778.3,3778.27 1 0
github.com/selectel/mks-go/pkg/v2/mksclient/client.gen.go:3780.89,3782.58 2 0
github.com/selectel/mks-go/pkg/v2/mksclient/client.gen.go:3782.58,3784.4 1 0
github.com/selectel/mks-go/pkg/v2/mksclient/client.gen.go:3785.3,3785.27 1 0
github.com/selectel/mks-go/pkg/v2/mksclient/client.gen.go:3787.89,3789.58 2 0
github.com/selectel/mks-go/pkg/v2/mksclient/client.gen.go:3789.58,3791.4 1 0
github.com/selectel/mks-go/pkg/v2/mksclient/client.gen.go:3792.3,3792.27 1 0
github.com/selectel/mks-go/pkg/v2/mksclient/client.gen.go:3796.2,3796.22 1 0
github.com/selectel/mks-go/pkg/v2/mksclient/client.gen.go:3800.93,3802.15 2 0
github.com/selectel/mks-go/pkg/v2/mksclient/client.gen.go:3802.15,3802.39 1 0
github.com/selectel/mks-go/pkg/v2/mksclient/client.gen.go:3803.2,3803.16 1 0
github.com/selectel/mks-go/pkg/v2/mksclient/client.gen.go:3803.16,3805.3 1 0
github.com/selectel/mks-go/pkg/v2/mksclient/client.gen.go:3807.2,3812.9 2 0
github.com/selectel/mks-go/pkg/v2/mksclient/client.gen.go:3813.89,3815.58 2 0
github.com/selectel/mks-go/pkg/v2/mksclient/client.gen.go:3815.58,3817.4 1 0
github.com/selectel/mks-go/pkg/v2/mksclient/client.gen.go:3818.3,3818.27 1 0
github.com/selectel/mks-go/pkg/v2/mksclient/client.gen.go:3820.89,3822.58 2 0
github.com/selectel/mks-go/pkg/v2/mksclient/client.gen.go:3822.58,3824.4 1 0
github.com/selectel/mks-go/pkg/v2/mksclient/client.gen.go:3825.3,3825.27 1 0
github.com/selectel/mks-go/pkg/v2/mksclient/client.gen.go:3827.89,3829.58 2 0
github.com/selectel/mks-go/pkg/v2/mksclient/client.gen.go:3829.58,3831.4 1 0
github.com/selectel/mks-go/pkg/v2/mksclient/client.gen.go:3832.3,3832.27 1 0
github.com/selectel/mks-go/pkg/v2/mksclient/client.gen.go:3834.89,3836.58 2 0
github.com/selectel/mks-go/pkg/v2/mksclient/client.gen.go:3836.58,3838.4 1 0
github.com/selectel/mks-go/pkg/v2/mksclient/client.gen.go:3839.3,3839.27 1 0
github.com/selectel/mks-go/pkg/v2/mksclient/client.gen.go:3841.89,3843.58 2 0
github.com/selectel/mks-go/pkg/v2/mksclient/client.gen.go:3843.58,3845.4 1 0
github.com/selectel/mks-go/pkg/v2/mksclient/client.gen.go:3846.3,3846.27 1 0
github.com/selectel/mks-go/pkg/v2/mksclient/client.gen.go:3850.2,3850.22 1 0
github.com/selectel/mks-go/pkg/v2/mksclient/client.gen.go:3854.101,3856.15 2 0
github.com/selectel/mks-go/pkg/v2/mksclient/client.gen.go:3856.15,3856.39 1 0
github.com/selectel/mks-go/pkg/v2/mksclient/client.gen.go:3857.2,3857.16 1 0
github.com/selectel/mks-go/pkg/v2/mksclient/client.gen.go:3857.16,3859.3 1 0
github.com/selectel/mks-go/pkg/v2/mksclient/client.gen.go:3861.2,3866.9 2 0
github.com/selectel/mks-go/pkg/v2/mksclient/client.gen.go:3867.89,3869.58 2 0
github.com/selectel/mks-go/pkg/v2/mksclient/client.gen.go:3869.58,3871.4 1 0
github.com/selectel/mks-go/pkg/v2/mksclient/client.gen.go:3872.3,3872.27 1 0
github.com/selectel/mks-go/pkg/v2/mksclient/client.gen.go:3874.89,3876.58 2 0
github.com/selectel/mks-go/pkg/v2/mksclient/client.gen.go:3876.58,3878.4 1 0
github.com/selectel/mks-go/pkg/v2/mksclient/client.gen.go:3879.3,3879.27 1 0
github.com/selectel/mks-go/pkg/v2/mksclient/client.gen.go:3881.89,3883.58 2 0
github.com/selectel/mks-go/pkg/v2/mksclient/client.gen.go:3883.58,3885.4 1 0
github.com/selectel/mks-go/pkg/v2/mksclient/client.gen.go:3886.3,3886.27 1 0
github.com/selectel/mks-go/pkg/v2/mksclient/client.gen.go:3888.89,3890.58 2 0
github.com/selectel/mks-go/pkg/v2/mksclient/client.gen.go:3890.58,3892.4 1 0
github.com/selectel/mks-go/pkg/v2/mksclient/client.gen.go:3893.3,3893.27 1 0
github.com/selectel/mks-go/pkg/v2/mksclient/client.gen.go:3895.89,3897.58 2 0
github.com/selectel/mks-go/pkg/v2/mksclient/client.gen.go:3897.58,3899.4 1 0
github.com/selectel/mks-go/pkg/v2/mksclient/client.gen.go:3900.3,3900.27 1 0
github.com/selectel/mks-go/pkg/v2/mksclient/client.gen.go:3904.2,3904.22 1 0
github.com/selectel/mks-go/pkg/v2/mksclient/client.gen.go:3908.83,3910.15 2 0
github.com/selectel/mks-go/pkg/v2/mksclient/client.gen.go:3910.15,3910.39 1 0
github.com/selectel/mks-go/pkg/v2/mksclient/client.gen.go:3911.2,3911.16 1 0
github.com/selectel/mks-go/pkg/v2/mksclient/client.gen.go:3911.16,3913.3 1 0
github.com/selectel/mks-go/pkg/v2/mksclient/client.gen.go:3915.2,3920.9 2 0
github.com/selectel/mks-go/pkg/v2/mksclient/client.gen.go:3921.89,3923.58 2 0
github.com/selectel/mks-go/pkg/v2/mksclient/client.gen.go:3923.58,3925.4 1 0
github.com/selectel/mks-go/pkg/v2/mksclient/client.gen.go:3926.3,3926.27 1 0
github.com/selectel/mks-go/pkg/v2/mksclient/client.gen.go:3928.89,3930.58 2 0
github.com/selectel/mks-go/pkg/v2/mksclient/client.gen.go:3930.58,3932.4 1 0
github.com/selectel/mks-go/pkg/v2/mksclient/client.gen.go:3933.3,3933.27 1 0
github.com/selectel/mks-go/pkg/v2/mksclient/client.gen.go:3935.89,3937.58 2 0
github.com/selectel/mks-go/pkg/v2/mksclient/client.gen.go:3937.58,3939.4 1 0
github.com/selectel/mks-go/pkg/v2/mksclient/client.gen.go:3940.3,3940.27 1 0
github.com/selectel/mks-go/pkg/v2/mksclient/client.gen.go:3942.89,3944.58 2 0
github.com/selectel/mks-go/pkg/v2/mksclient/client.gen.go:3944.58,3946.4 1 0
github.com/selectel/mks-go/pkg/v2/mksclient/client.gen.go:3947.3,3947.27 1 0
github.com/selectel/mks-go/pkg/v2/mksclient/client.gen.go:3949.89,3951.58 2 0
github.com/selectel/mks-go/pkg/v2/mksclient/client.gen.go:3951.58,3953.4 1 0
github.com/selectel/mks-go/pkg/v2/mksclient/client.gen.go:3954.3,3954.27 1 0
github.com/selectel/mks-go/pkg/v2/mksclient/client.gen.go:3958.2,3958.22 1 0
github.com/selectel/mks-go/pkg/v2/mksclient/client.gen.go:3962.77,3964.15 2 0
github.com/selectel/mks-go/pkg/v2/mksclient/client.gen.go:3964.15,3964.39 1 0
github.com/selectel/mks-go/pkg/v2/mksclient/client.gen.go:3965.2,3965.16 1 0
github.com/selectel/mks-go/pkg/v2/mksclient/client.gen.go:3965.16,3967.3 1 0
github.com/selectel/mks-go/pkg/v2/mksclient/client.gen.go:3969.2,3974.9 2 0
github.com/selectel/mks-go/pkg/v2/mksclient/client.gen.go:3975.89,3977.58 2 0
github.com/selectel/mks-go/pkg/v2/mksclient/client.gen.go:3977.58,3979.4 1 0
github.com/selectel/mks-go/pkg/v2/mksclient/client.gen.go:3980.3,3980.27 1 0
github.com/selectel/mks-go/pkg/v2/mksclient/client.gen.go:3982.89,3984.58 2 0
github.com/selectel/mks-go/pkg/v2/mksclient/client.gen.go:3984.58,3986.4 1 0
github.com/selectel/mks-go/pkg/v2/mksclient/client.gen.go:3987.3,3987.27 1 0
github.com/selectel/mks-go/pkg/v2/mksclient/client.gen.go:3989.89,3991.58 2 0
github.com/selectel/mks-go/pkg/v2/mksclient/client.gen.go:3991.58,3993.4 1 0
github.com/selectel/mks-go/pkg/v2/mksclient/client.gen.go:3994.3,3994.27 1 0
github.com/selectel/mks-go/pkg/v2/mksclient/client.gen.go:3998.2,3998.22 1 0
github.com/selectel/mks-go/pkg/v2/mksclient/client.gen.go:4002.89,4004.15 2 0
github.com/selectel/mks-go/pkg/v2/mksclient/client.gen.go:4004.15,4004.39 1 0
github.com/selectel/mks-go/pkg/v2/mksclient/client.gen.go:4005.2,4005.16 1 0
github.com/selectel/mks-go/pkg/v2/mksclient/client.gen.go:4005.16,4007.3 1 0
github.com/selectel/mks-go/pkg/v2/mksclient/client.gen.go:4009.2,4014.9 2 0
github.com/selectel/mks-go/pkg/v2/mksclient/client.gen.go:4015.89,4017.58 2 0
github.com/selectel/mks-go/pkg/v2/mksclient/client.gen.go:4017.58,4019.4 1 0
github.com/selectel/mks-go/pkg/v2/mksclient/client.gen.go:4020.3,4020.27 1 0
github.com/selectel/mks-go/pkg/v2/mksclient/client.gen.go:4022.89,4024.58 2 0
github.com/selectel/mks-go/pkg/v2/mksclient/client.gen.go:4024.58,4026.4 1 0
github.com/selectel/mks-go/pkg/v2/mksclient/client.gen.go:4027.3,4027.27 1 0
github.com/selectel/mks-go/pkg/v2/mksclient/client.gen.go:4029.89,4031.58 2 0
github.com/selectel/mks-go/pkg/v2/mksclient/client.gen.go:4031.58,4033.4 1 0
github.com/selectel/mks-go/pkg/v2/mksclient/client.gen.go:4034.3,4034.27 1 0
github.com/selectel/mks-go/pkg/v2/mksclient/client.gen.go:4036.89,4038.58 2 0
github.com/selectel/mks-go/pkg/v2/mksclient/client.gen.go:4038.58,4040.4 1 0
github.com/selectel/mks-go/pkg/v2/mksclient/client.gen.go:4041.3,4041.27 1 0
github.com/selectel/mks-go/pkg/v2/mksclient/client.gen.go:4043.89,4045.58 2 0
github.com/selectel/mks-go/pkg/v2/mksclient/client.gen.go:4045.58,4047.4 1 0
github.com/selectel/mks-go/pkg/v2/mksclient/client.gen.go:4048.3,4048.27 1 0
github.com/selectel/mks-go/pkg/v2/mksclient/client.gen.go:4052.2,4052.22 1 0
github.com/selectel/mks-go/pkg/v2/mksclient/client.gen.go:4056.93,4058.15 2 0
github.com/selectel/mks-go/pkg/v2/mksclient/client.gen.go:4058.15,4058.39 1 0
github.com/selectel/mks-go/pkg/v2/mksclient/client.gen.go:4059.2,4059.16 1 0
github.com/selectel/mks-go/pkg/v2/mksclient/client.gen.go:4059.16,4061.3 1 0
github.com/selectel/mks-go/pkg/v2/mksclient/client.gen.go:4063.2,4068.9 2 0
github.com/selectel/mks-go/pkg/v2/mksclient/client.gen.go:4069.89,4071.58 2 0
github.com/selectel/mks-go/pkg/v2/mksclient/client.gen.go:4071.58,4073.4 1 0
github.com/selectel/mks-go/pkg/v2/mksclient/client.gen.go:4074.3,4074.27 1 0
github.com/selectel/mks-go/pkg/v2/mksclient/client.gen.go:4076.89,4078.58 2 0
github.com/selectel/mks-go/pkg/v2/mksclient/client.gen.go:4078.58,4080.4 1 0
github.com/selectel/mks-go/pkg/v2/mksclient/client.gen.go:4081.3,4081.27 1 0
github.com/selectel/mks-go/pkg/v2/mksclient/client.gen.go:4083.89,4085.58 2 0
github.com/selectel/mks-go/pkg/v2/mksclient/client.gen.go:4085.58,4087.4 1 0
github.com/selectel/mks-go/pkg/v2/mksclient/client.gen.go:4088.3,4088.27 1 0
github.com/selectel/mks-go/pkg/v2/mksclient/client.gen.go:4090.89,4092.58 2 0
github.com/selectel/mks-go/pkg/v2/mksclient/client.gen.go:4092.58,4094.4 1 0
github.com/selectel/mks-go/pkg/v2/mksclient/client.gen.go:4095.3,4095.27 1 0
github.com/selectel/mks-go/pkg/v2/mksclient/client.gen.go:4097.89,4099.58 2 0
github.com/selectel/mks-go/pkg/v2/mksclient/client.gen.go:4099.58,4101.4 1 0
github.com/selectel/mks-go/pkg/v2/mksclient/client.gen.go:4102.3,4102.27 1 0
github.com/selectel/mks-go/pkg/v2/mksclient/client.gen.go:4106.2,4106.22 1 0
github.com/selectel/mks-go/pkg/v2/mksclient/client.gen.go:4110.95,4112.15 2 0
github.com/selectel/mks-go/pkg/v2/mksclient/client.gen.go:4112.15,4112.39 1 0
github.com/selectel/mks-go/pkg/v2/mksclient/client.gen.go:4113.2,4113.16 1 0
github.com/selectel/mks-go/pkg/v2/mksclient/client.gen.go:4113.16,4115.3 1 0
github.com/selectel/mks-go/pkg/v2/mksclient/client.gen.go:4117.2,4122.9 2 0
github.com/selectel/mks-go/pkg/v2/mksclient/client.gen.go:4123.89,4125.58 2 0
github.com/selectel/mks-go/pkg/v2/mksclient/client.gen.go:4125.58,4127.4 1 0
github.com/selectel/mks-go/pkg/v2/mksclient/client.gen.go:4128.3,4128.27 1 0
github.com/selectel/mks-go/pkg/v2/mksclient/client.gen.go:4130.89,4132.58 2 0
github.com/selectel/mks-go/pkg/v2/mksclient/client.gen.go:4132.58,4134.4 1 0
github.com/selectel/mks-go/pkg/v2/mksclient/client.gen.go:4135.3,4135.27 1 0
github.com/selectel/mks-go/pkg/v2/mksclient/client.gen.go:4137.89,4139.58 2 0
github.com/selectel/mks-go/pkg/v2/mksclient/client.gen.go:4139.58,4141.4 1 0
github.com/selectel/mks-go/pkg/v2/mksclient/client.gen.go:4142.3,4142.27 1 0
github.com/selectel/mks-go/pkg/v2/mksclient/client.gen.go:4144.89,4146.58 2 0
github.com/selectel/mks-go/pkg/v2/mksclient/client.gen.go:4146.58,4148.4 1 0
github.com/selectel/mks-go/pkg/v2/mksclient/client.gen.go:4149.3,4149.27 1 0
github.com/selectel/mks-go/pkg/v2/mksclient/client.gen.go:4153.2,4153.22 1 0
github.com/selectel/mks-go/pkg/v2/mksclient/client.gen.go:4157.89,4159.15 2 0
github.com/selectel/mks-go/pkg/v2/mksclient/client.gen.go:4159.15,4159.39 1 0
github.com/selectel/mks-go/pkg/v2/mksclient/client.gen.go:4160.2,4160.16 1 0
github.com/selectel/mks-go/pkg/v2/mksclient/client.gen.go:4160.16,4162.3 1 0
github.com/selectel/mks-go/pkg/v2/mksclient/client.gen.go:4164.2,4169.9 2 0
github.com/selectel/mks-go/pkg/v2/mksclient/client.gen.go:4170.89,4172.58 2 0
github.com/selectel/mks-go/pkg/v2/mksclient/client.gen.go:4172.58,4174.4 1 0
github.com/selectel/mks-go/pkg/v2/mksclient/client.gen.go:4175.3,4175.27 1 0
github.com/selectel/mks-go/pkg/v2/mksclient/client.gen.go:4177.89,4179.58 2 0
github.com/selectel/mks-go/pkg/v2/mksclient/client.gen.go:4179.58,4181.4 1 0
github.com/selectel/mks-go/pkg/v2/mksclient/client.gen.go:4182.3,4182.27 1 0
github.com/selectel/mks-go/pkg/v2/mksclient/client.gen.go:4184.89,4186.58 2 0
github.com/selectel/mks-go/pkg/v2/mksclient/client.gen.go:4186.58,4188.4 1 0
github.com/selectel/mks-go/pkg/v2/mksclient/client.gen.go:4189.3,4189.27 1 0
github.com/selectel/mks-go/pkg/v2/mksclient/client.gen.go:4191.89,4193.58 2 0
github.com/selectel/mks-go/pkg/v2/mksclient/client.gen.go:4193.58,4195.4 1 0
github.com/selectel/mks-go/pkg/v2/mksclient/client.gen.go:4196.3,4196.27 1 0
github.com/selectel/mks-go/pkg/v2/mksclient/client.gen.go:4200.2,4200.22 1 0
github.com/selectel/mks-go/pkg/v2/mksclient/client.gen.go:4204.95,4206.15 2 0
github.com/selectel/mks-go/pkg/v2/mksclient/client.gen.go:4206.15,4206.39 1 0
github.com/selectel/mks-go/pkg/v2/mksclient/client.gen.go:4207.2,4207.16 1 0
github.com/selectel/mks-go/pkg/v2/mksclient/client.gen.go:4207.16,4209.3 1 0
github.com/selectel/mks-go/pkg/v2/mksclient/client.gen.go:4211.2,4216.9 2 0
github.com/selectel/mks-go/pkg/v2/mksclient/client.gen.go:4217.89,4219.58 2 0
github.com/selectel/mks-go/pkg/v2/mksclient/client.gen.go:4219.58,4221.4 1 0
github.com/selectel/mks-go/pkg/v2/mksclient/client.gen.go:4222.3,4222.27 1 0
github.com/selectel/mks-go/pkg/v2/mksclient/client.gen.go:4224.89,4226.58 2 0
github.com/selectel/mks-go/pkg/v2/mksclient/client.gen.go:4226.58,4228.4 1 0
github.com/selectel/mks-go/pkg/v2/mksclient/client.gen.go:4229.3,4229.27 1 0
github.com/selectel/mks-go/pkg/v2/mksclient/client.gen.go:4231.89,4233.58 2 0
github.com/selectel/mks-go/pkg/v2/mksclient/client.gen.go:4233.58,4235.4 1 0
github.com/selectel/mks-go/pkg/v2/mksclient/client.gen.go:4236.3,4236.27 1 0
github.com/selectel/mks-go/pkg/v2/mksclient/client.gen.go:4238.89,4240.58 2 0
github.com/selectel/mks-go/pkg/v2/mksclient/client.gen.go:4240.58,4242.4 1 0
github.com/selectel/mks-go/pkg/v2/mksclient/client.gen.go:4243.3,4243.27 1 0
github.com/selectel/mks-go/pkg/v2/mksclient/client.gen.go:4247.2,4247.22 1 0
github.com/selectel/mks-go/pkg/v2/mksclient/client.gen.go:4251.95,4253.15 2 0
github.com/selectel/mks-go/pkg/v2/mksclient/client.gen.go:4253.15,4253.39 1 0
github.com/selectel/mks-go/pkg/v2/mksclient/client.gen.go:4254.2,4254.16 1 0
github.com/selectel/mks-go/pkg/v2/mksclient/client.gen.go:4254.16,4256.3 1 0
github.com/selectel/mks-go/pkg/v2/mksclient/client.gen.go:4258.2,4263.9 2 0
github.com/selectel/mks-go/pkg/v2/mksclient/client.gen.go:4264.89,4266.58 2 0
github.com/selectel/mks-go/pkg/v2/mksclient/client.gen.go:4266.58,4268.4 1 0
github.com/selectel/mks-go/pkg/v2/mksclient/client.gen.go:4269.3,4269.27 1 0
github.com/selectel/mks-go/pkg/v2/mksclient/client.gen.go:4271.89,4273.58 2 0
github.com/selectel/mks-go/pkg/v2/mksclient/client.gen.go:4273.58,4275.4 1 0
github.com/selectel/mks-go/pkg/v2/mksclient/client.gen.go:4276.3,4276.27 1 0
github.com/selectel/mks-go/pkg/v2/mksclient/client.gen.go:4278.89,4280.58 2 0
github.com/selectel/mks-go/pkg/v2/mksclient/client.gen.go:4280.58,4282.4 1 0
github.com/selectel/mks-go/pkg/v2/mksclient/client.gen.go:4283.3,4283.27 1 0
github.com/selectel/mks-go/pkg/v2/mksclient/client.gen.go:4285.89,4287.58 2 0
github.com/selectel/mks-go/pkg/v2/mksclient/client.gen.go:4287.58,4289.4 1 0
github.com/selectel/mks-go/pkg/v2/mksclient/client.gen.go:4290.3,4290.27 1 0
github.com/selectel/mks-go/pkg/v2/mksclient/client.gen.go:4294.2,4294.22 1 0
github.com/selectel/mks-go/pkg/v2/mksclient/client.gen.go:4298.91,4300.15 2 0
github.com/selectel/mks-go/pkg/v2/mksclient/client.gen.go:4300.15,4300.39 1 0
github.com/selectel/mks-go/pkg/v2/mksclient/client.gen.go:4301.2,4301.16 1 0
github.com/selectel/mks-go/pkg/v2/mksclient/client.gen.go:4301.16,4303.3 1 0
github.com/selectel/mks-go/pkg/v2/mksclient/client.gen.go:4305.2,4310.9 2 0
github.com/selectel/mks-go/pkg/v2/mksclient/client.gen.go:4311.89,4313.58 2 0
github.com/selectel/mks-go/pkg/v2/mksclient/client.gen.go:4313.58,4315.4 1 0
github.com/selectel/mks-go/pkg/v2/mksclient/client.gen.go:4316.3,4316.27 1 0
github.com/selectel/mks-go/pkg/v2/mksclient/client.gen.go:4318.89,4320.58 2 0
github.com/selectel/mks-go/pkg/v2/mksclient/client.gen.go:4320.58,4322.4 1 0
github.com/selectel/mks-go/pkg/v2/mksclient/client.gen.go:4323.3,4323.27 1 0
github.com/selectel/mks-go/pkg/v2/mksclient/client.gen.go:4325.89,4327.58 2 0
github.com/selectel/mks-go/pkg/v2/mksclient/client.gen.go:4327.58,4329.4 1 0
github.com/selectel/mks-go/pkg/v2/mksclient/client.gen.go:4330.3,4330.27 1 0
github.com/selectel/mks-go/pkg/v2/mksclient/client.gen.go:4332.89,4334.58 2 0
github.com/selectel/mks-go/pkg/v2/mksclient/client.gen.go:4334.58,4336.4 1 0
github.com/selectel/mks-go/pkg/v2/mksclient/client.gen.go:4337.3,4337.27 1 0
github.com/selectel/mks-go/pkg/v2/mksclient/client.gen.go:4341.2,4341.22 1 0
github.com/selectel/mks-go/pkg/v2/mksclient/client.gen.go:4345.99,4347.15 2 0
github.com/selectel/mks-go/pkg/v2/mksclient/client.gen.go:4347.15,4347.39 1 0
github.com/selectel/mks-go/pkg/v2/mksclient/client.gen.go:4348.2,4348.16 1 0
github.com/selectel/mks-go/pkg/v2/mksclient/client.gen.go:4348.16,4350.3 1 0
github.com/selectel/mks-go/pkg/v2/mksclient/client.gen.go:4352.2,4357.9 2 0
github.com/selectel/mks-go/pkg/v2/mksclient/client.gen.go:4358.89,4360.58 2 0
github.com/selectel/mks-go/pkg/v2/mksclient/client.gen.go:4360.58,4362.4 1 0
github.com/selectel/mks-go/pkg/v2/mksclient/client.gen.go:4363.3,4363.27 1 0
github.com/selectel/mks-go/pkg/v2/mksclient/client.gen.go:4365.89,4367.58 2 0
github.com/selectel/mks-go/pkg/v2/mksclient/client.gen.go:4367.58,4369.4 1 0
github.com/selectel/mks-go/pkg/v2/mksclient/client.gen.go:4370.3,4370.27 1 0
github.com/selectel/mks-go/pkg/v2/mksclient/client.gen.go:4372.89,4374.58 2 0
github.com/selectel/mks-go/pkg/v2/mksclient/client.gen.go:4374.58,4376.4 1 0
github.com/selectel/mks-go/pkg/v2/mksclient/client.gen.go:4377.3,4377.27 1 0
github.com/selectel/mks-go/pkg/v2/mksclient/client.gen.go:4381.2,4381.22 1 0
github.com/selectel/mks-go/pkg/v2/mksclient/client.gen.go:4385.81,4387.15 2 0
github.com/selectel/mks-go/pkg/v2/mksclient/client.gen.go:4387.15,4387.39 1 0
github.com/selectel/mks-go/pkg/v2/mksclient/client.gen.go:4388.2,4388.16 1 0
github.com/selectel/mks-go/pkg/v2/mksclient/client.gen.go:4388.16,4390.3 1 0
github.com/selectel/mks-go/pkg/v2/mksclient/client.gen.go:4392.2,4397.9 2 0
github.com/selectel/mks-go/pkg/v2/mksclient/client.gen.go:4398.89,4400.58 2 0
github.com/selectel/mks-go/pkg/v2/mksclient/client.gen.go:4400.58,4402.4 1 0
github.com/selectel/mks-go/pkg/v2/mksclient/client.gen.go:4403.3,4403.27 1 0
github.com/selectel/mks-go/pkg/v2/mksclient/client.gen.go:4405.89,4407.58 2 0
github.com/selectel/mks-go/pkg/v2/mksclient/client.gen.go:4407.58,4409.4 1 0
github.com/selectel/mks-go/pkg/v2/mksclient/client.gen.go:4410.3,4410.27 1 0
github.com/selectel/mks-go/pkg/v2/mksclient/client.gen.go:4412.89,4414.58 2 0
github.com/selectel/mks-go/pkg/v2/mksclient/client.gen.go:4414.58,4416.4 1 0
github.com/selectel/mks-go/pkg/v2/mksclient/client.gen.go:4417.3,4417.27 1 0
github.com/selectel/mks-go/pkg/v2/mksclient/client.gen.go:4421.2,4421.22 1 0
github.com/selectel/mks-go/pkg/v2/mksclient/client.gen.go:4425.77,4427.15 2 0
github.com/selectel/mks-go/pkg/v2/mksclient/client.gen.go:4427.15,4427.39 1 0
github.com/selectel/mks-go/pkg/v2/mksclient/client.gen.go:4428.2,4428.16 1 0
github.com/selectel/mks-go/pkg/v2/mksclient/client.gen.go:4428.16,4430.3 1 0
github.com/selectel/mks-go/pkg/v2/mksclient/client.gen.go:4432.2,4437.9 2 0
github.com/selectel/mks-go/pkg/v2/mksclient/client.gen.go:4438.89,4440.58 2 0
github.com/selectel/mks-go/pkg/v2/mksclient/client.gen.go:4440.58,4442.4 1 0
github.com/selectel/mks-go/pkg/v2/mksclient/client.gen.go:4443.3,4443.27 1 0
github.com/selectel/mks-go/pkg/v2/mksclient/client.gen.go:4445.89,4447.58 2 0
github.com/selectel/mks-go/pkg/v2/mksclient/client.gen.go:4447.58,4449.4 1 0
github.com/selectel/mks-go/pkg/v2/mksclient/client.gen.go:4450.3,4450.27 1 0
github.com/selectel/mks-go/pkg/v2/mksclient/client.gen.go:4452.89,4454.58 2 0
github.com/selectel/mks-go/pkg/v2/mksclient/client.gen.go:4454.58,4456.4 1 0
github.com/selectel/mks-go/pkg/v2/mksclient/client.gen.go:4457.3,4457.27 1 0
github.com/selectel/mks-go/pkg/v2/mksclient/client.gen.go:4461.2,4461.22 1 0
github.com/selectel/mks-go/pkg/v2/mksclient/client.gen.go:4465.101,4467.15 2 0
github.com/selectel/mks-go/pkg/v2/mksclient/client.gen.go:4467.15,4467.39 1 0
github.com/selectel/mks-go/pkg/v2/mksclient/client.gen.go:4468.2,4468.16 1 0
github.com/selectel/mks-go/pkg/v2/mksclient/client.gen.go:4468.16,4470.3 1 0
github.com/selectel/mks-go/pkg/v2/mksclient/client.gen.go:4472.2,4477.9 2 0
github.com/selectel/mks-go/pkg/v2/mksclient/client.gen.go:4478.89,4480.58 2 0
github.com/selectel/mks-go/pkg/v2/mksclient/client.gen.go:4480.58,4482.4 1 0
github.com/selectel/mks-go/pkg/v2/mksclient/client.gen.go:4483.3,4483.27 1 0
github.com/selectel/mks-go/pkg/v2/mksclient/client.gen.go:4485.89,4487.58 2 0
github.com/selectel/mks-go/pkg/v2/mksclient/client.gen.go:4487.58,4489.4 1 0
github.com/selectel/mks-go/pkg/v2/mksclient/client.gen.go:4490.3,4490.27 1 0
github.com/selectel/mks-go/pkg/v2/mksclient/client.gen.go:4492.89,4494.58 2 0
github.com/selectel/mks-go/pkg/v2/mksclient/client.gen.go:4494.58,4496.4 1 0
github.com/selectel/mks-go/pkg/v2/mksclient/client.gen.go:4497.3,4497.27 1 0
github.com/selectel/mks-go/pkg/v2/mksclient/client.gen.go:4501.2,4501.22 1 0
github.com/selectel/mks-go/pkg/v2/mksclient/client.gen.go:4505.101,4507.15 2 0
github.com/selectel/mks-go/pkg/v2/mksclient/client.gen.go:4507.15,4507.39 1 0
github.com/selectel/mks-go/pkg/v2/mksclient/client.gen.go:4508.2,4508.16 1 0
github.com/selectel/mks-go/pkg/v2/mksclient/client.gen.go:4508.16,4510.3 1 0
github.com/selectel/mks-go/pkg/v2/mksclient/client.gen.go:4512.2,4517.9 2 0
github.com/selectel/mks-go/pkg/v2/mksclient/client.gen.go:4518.89,4520.58 2 0
github.com/selectel/mks-go/pkg/v2/mksclient/client.gen.go:4520.58,4522.4 1 0
github.com/selectel/mks-go/pkg/v2/mksclient/client.gen.go:4523.3,4523.27 1 0
github.com/selectel/mks-go/pkg/v2/mksclient/client.gen.go:4525.89,4527.58 2 0
github.com/selectel/mks-go/pkg/v2/mksclient/client.gen.go:4527.58,4529.4 1 0
github.com/selectel/mks-go/pkg/v2/mksclient/client.gen.go:4530.3,4530.27 1 0
github.com/selectel/mks-go/pkg/v2/mksclient/client.gen.go:4532.89,4534.58 2 0
github.com/selectel/mks-go/pkg/v2/mksclient/client.gen.go:4534.58,4536.4 1 0
github.com/selectel/mks-go/pkg/v2/mksclient/client.gen.go:4537.3,4537.27 1 0
github.com/selectel/mks-go/pkg/v2/mksclient/client.gen.go:4541.2,4541.22 1 0
github.com/selectel/mks-go/pkg/v2/mksclient/client.gen.go:4545.81,4547.15 2 0
github.com/selectel/mks-go/pkg/v2/mksclient/client.gen.go:4547.15,4547.39 1 0
github.com/selectel/mks-go/pkg/v2/mksclient/client.gen.go:4548.2,4548.16 1 0
github.com/selectel/mks-go/pkg/v2/mksclient/client.gen.go:4548.16,4550.3 1 0
github.com/selectel/mks-go/pkg/v2/mksclient/client.gen.go:4552.2,4557.9 2 0
github.com/selectel/mks-go/pkg/v2/mksclient/client.gen.go:4558.89,4560.58 2 0
github.com/selectel/mks-go/pkg/v2/mksclient/client.gen.go:4560.58,4562.4 1 0
github.com/selectel/mks-go/pkg/v2/mksclient/client.gen.go:4563.3,4563.27 1 0
github.com/selectel/mks-go/pkg/v2/mksclient/client.gen.go:4565.89,4567.58 2 0
github.com/selectel/mks-go/pkg/v2/mksclient/client.gen.go:4567.58,4569.4 1 0
github.com/selectel/mks-go/pkg/v2/mksclient/client.gen.go:4570.3,4570.27 1 0
github.com/selectel/mks-go/pkg/v2/mksclient/client.gen.go:4574.2,4574.22 1 0
github.com/selectel/mks-go/pkg/v2/mksclient/client.gen.go:4578.79,4580.15 2 0
github.com/selectel/mks-go/pkg/v2/mksclient/client.gen.go:4580.15,4580.39 1 0
github.com/selectel/mks-go/pkg/v2/mksclient/client.gen.go:4581.2,4581.16 1 0
github.com/selectel/mks-go/pkg/v2/mksclient/client.gen.go:4581.16,4583.3 1 0
github.com/selectel/mks-go/pkg/v2/mksclient/client.gen.go:4585.2,4590.9 2 0
github.com/selectel/mks-go/pkg/v2/mksclient/client.gen.go:4591.89,4593.58 2 0
github.com/selectel/mks-go/pkg/v2/mksclient/client.gen.go:4593.58,4595.4 1 0
github.com/selectel/mks-go/pkg/v2/mksclient/client.gen.go:4596.3,4596.27 1 0
github.com/selectel/mks-go/pkg/v2/mksclient/client.gen.go:4598.89,4600.58 2 0
github.com/selectel/mks-go/pkg/v2/mksclient/client.gen.go:4600.58,4602.4 1 0
github.com/selectel/mks-go/pkg/v2/mksclient/client.gen.go:4603.3,4603.27 1 0
github.com/selectel/mks-go/pkg/v2/mksclient/client.gen.go:4607.2,4607.22 1 0
github.com/selectel/mks-go/pkg/v2/mksclient/client.gen.go:4611.95,4613.15 2 0
github.com/selectel/mks-go/pkg/v2/mksclient/client.gen.go:4613.15,4613.39 1 0
github.com/selectel/mks-go/pkg/v2/mksclient/client.gen.go:4614.2,4614.16 1 0
github.com/selectel/mks-go/pkg/v2/mksclient/client.gen.go:4614.16,4616.3 1 0
github.com/selectel/mks-go/pkg/v2/mksclient/client.gen.go:4618.2,4623.9 2 0
github.com/selectel/mks-go/pkg/v2/mksclient/client.gen.go:4624.89,4626.58 2 0
github.com/selectel/mks-go/pkg/v2/mksclient/client.gen.go:4626.58,4628.4 1 0
github.com/selectel/mks-go/pkg/v2/mksclient/client.gen.go:4629.3,4629.27 1 0
github.com/selectel/mks-go/pkg/v2/mksclient/client.gen.go:4631.89,4633.58 2 0
github.com/selectel/mks-go/pkg/v2/mksclient/client.gen.go:4633.58,4635.4 1 0
github.com/selectel/mks-go/pkg/v2/mksclient/client.gen.go:4636.3,4636.27 1 0
github.com/selectel/mks-go/pkg/v2/mksclient/client.gen.go:4640.2,4640.22 1 0
github.com/selectel/mks-go/pkg/v2/mksclient/client.gen.go:4644.95,4646.15 2 0
github.com/selectel/mks-go/pkg/v2/mksclient/client.gen.go:4646.15,4646.39 1 0
github.com/selectel/mks-go/pkg/v2/mksclient/client.gen.go:4647.2,4647.16 1 0
github.com/selectel/mks-go/pkg/v2/mksclient/client.gen.go:4647.16,4649.3 1 0
github.com/selectel/mks-go/pkg/v2/mksclient/client.gen.go:4651.2,4656.9 2 0
github.com/selectel/mks-go/pkg/v2/mksclient/client.gen.go:4657.89,4659.58 2 0
github.com/selectel/mks-go/pkg/v2/mksclient/client.gen.go:4659.58,4661.4 1 0
github.com/selectel/mks-go/pkg/v2/mksclient/client.gen.go:4662.3,4662.27 1 0
github.com/selectel/mks-go/pkg/v2/mksclient/client.gen.go:4664.89,4666.58 2 0
github.com/selectel/mks-go/pkg/v2/mksclient/client.gen.go:4666.58,4668.4 1 0
github.com/selectel/mks-go/pkg/v2/mksclient/client.gen.go:4669.3,4669.27 1 0
github.com/selectel/mks-go/pkg/v2/mksclient/client.gen.go:4673.2,4673.22 1 0
github.com/selectel/mks-go/pkg/v2/mksclient/errors.go:10.32,12.2 1 5
github.com/selectel/mks-go/pkg/v2/mksclient/errors.go:15.34,17.2 1 6
github.com/selectel/mks-go/pkg/v2/mksclient/errors.go:25.61,26.14 1 3
github.com/selectel/mks-go/pkg/v2/mksclient/errors.go:26.14,28.3 1 1
github.com/selectel/mks-go/pkg/v2/mksclient/errors.go:30.2,33.3 1 2
github.com/selectel/mks-go/pkg/v2/mksclient/errors.go:37.69,38.14 1 3
github.com/selectel/mks-go/pkg/v2/mksclient/errors.go:38.14,40.3 1 2
github.com/selectel/mks-go/pkg/v2/mksclient/errors.go:42.2,45.3 1 1
github.com/selectel/mks-go/pkg/v2/mksclient/errors.go:50.82,51.29 1 3
github.com/selectel/mks-go/pkg/v2/mksclient/errors.go:51.29,52.17 1 4
github.com/selectel/mks-go/pkg/v2/mksclient/errors.go:52.17,54.21 2 4
github.com/selectel/mks-go/pkg/v2/mksclient/errors.go:54.21,55.13 1 3
github.com/selectel/mks-go/pkg/v2/mksclient/errors.go:58.4,58.17 1 1
github.com/selectel/mks-go/pkg/v2/mksclient/errors.go:62.2,65.3 1 2
github.com/selectel/mks-go/pkg/v2/mksclient/models.gen.go:17.38,18.11 1 0
github.com/selectel/mks-go/pkg/v2/mksclient/models.gen.go:19.28,20.14 1 0
github.com/selectel/mks-go/pkg/v2/mksclient/models.gen.go:21.28,22.14 1 0
github.com/selectel/mks-go/pkg/v2/mksclient/models.gen.go:23.10,24.15 1 0
github.com/selectel/mks-go/pkg/v2/mksclient/models.gen.go:35.42,36.11 1 0
github.com/selectel/mks-go/pkg/v2/mksclient/models.gen.go:37.31,38.14 1 0
github.com/selectel/mks-go/pkg/v2/mksclient/models.gen.go:39.34,40.14 1 0
github.com/selectel/mks-go/pkg/v2/mksclient/models.gen.go:41.10,42.15 1 0
github.com/selectel/mks-go/pkg/v2/mksclient/models.gen.go:55.37,56.11 1 0
github.com/selectel/mks-go/pkg/v2/mksclient/models.gen.go:57.27,58.14 1 0
github.com/selectel/mks-go/pkg/v2/mksclient/models.gen.go:59.29,60.14 1 0
github.com/selectel/mks-go/pkg/v2/mksclient/models.gen.go:61.28,62.14 1 0
github.com/selectel/mks-go/pkg/v2/mksclient/models.gen.go:63.26,64.14 1 0
github.com/selectel/mks-go/pkg/v2/mksclient/models.gen.go:65.10,66.15 1 0
github.com/selectel/mks-go/pkg/v2/mksclient/models.gen.go:77.46,78.11 1 0
github.com/selectel/mks-go/pkg/v2/mksclient/models.gen.go:79.36,80.14 1 0
github.com/selectel/mks-go/pkg/v2/mksclient/models.gen.go:81.36,82.14 1 0
github.com/selectel/mks-go/pkg/v2/mksclient/models.gen.go:83.10,84.15 1 0
github.com/selectel/mks-go/pkg/v2/mksclient/models.gen.go:95.50,96.11 1 0
github.com/selectel/mks-go/pkg/v2/mksclient/models.gen.go:97.39,98.14 1 0
github.com/selectel/mks-go/pkg/v2/mksclient/models.gen.go:99.42,100.14 1 0
github.com/selectel/mks-go/pkg/v2/mksclient/models.gen.go:101.10,102.15 1 0
github.com/selectel/mks-go/pkg/v2/mksclient/models.gen.go:129.45,130.11 1 0
github.com/selectel/mks-go/pkg/v2/mksclient/models.gen.go:131.35,132.14 1 0
github.com/selectel/mks-go/pkg/v2/mksclient/models.gen.go:133.34,134.14 1 0
github.com/selectel/mks-go/pkg/v2/mksclient/models.gen.go:135.40,136.14 1 0
github.com/selectel/mks-go/pkg/v2/mksclient/models.gen.go:137.42,138.14 1 0
github.com/selectel/mks-go/pkg/v2/mksclient/models.gen.go:139.42,140.14 1 0
github.com/selectel/mks-go/pkg/v2/mksclient/models.gen.go:141.49,142.14 1 0
github.com/selectel/mks-go/pkg/v2/mksclient/models.gen.go:143.49,144.14 1 0
github.com/selectel/mks-go/pkg/v2/mksclient/models.gen.go:145.52,146.14 1 0
github.com/selectel/mks-go/pkg/v2/mksclient/models.gen.go:147.42,148.14 1 0
github.com/selectel/mks-go/pkg/v2/mksclient/models.gen.go:149.47,150.14 1 0
github.com/selectel/mks-go/pkg/v2/mksclient/models.gen.go:151.42,152.14 1 0
github.com/selectel/mks-go/pkg/v2/mksclient/models.gen.go:153.51,154.14 1 0
github.com/selectel/mks-go/pkg/v2/mksclient/models.gen.go:155.63,156.14 1 0
github.com/selectel/mks-go/pkg/v2/mksclient/models.gen.go:157.43,158.14 1 0
github.com/selectel/mks-go/pkg/v2/mksclient/models.gen.go:159.63,160.14 1 0
github.com/selectel/mks-go/pkg/v2/mksclient/models.gen.go:161.63,162.14 1 0
github.com/selectel/mks-go/pkg/v2/mksclient/models.gen.go:163.55,164.14 1 0
github.com/selectel/mks-go/pkg/v2/mksclient/models.gen.go:165.55,166.14 1 0
github.com/selectel/mks-go/pkg/v2/mksclient/models.gen.go:167.10,168.15 1 0
github.com/selectel/mks-go/pkg/v2/mksclient/models.gen.go:179.56,180.11 1 0
github.com/selectel/mks-go/pkg/v2/mksclient/models.gen.go:181.13,182.14 1 0
github.com/selectel/mks-go/pkg/v2/mksclient/models.gen.go:183.12,184.14 1 0
github.com/selectel/mks-go/pkg/v2/mksclient/models.gen.go:185.10,186.15 1 0
github.com/selectel/mks-go/pkg/v2/mksclient/models.gen.go:199.46,200.11 1 0
github.com/selectel/mks-go/pkg/v2/mksclient/models.gen.go:201.39,202.14 1 0
github.com/selectel/mks-go/pkg/v2/mksclient/models.gen.go:203.42,204.14 1 0
github.com/selectel/mks-go/pkg/v2/mksclient/models.gen.go:205.33,206.14 1 0
github.com/selectel/mks-go/pkg/v2/mksclient/models.gen.go:207.38,208.14 1 0
github.com/selectel/mks-go/pkg/v2/mksclient/models.gen.go:209.10,210.15 1 0
github.com/selectel/mks-go/pkg/v2/mksclient/models.gen.go:228.39,229.11 1 0
github.com/selectel/mks-go/pkg/v2/mksclient/models.gen.go:230.29,231.14 1 0
github.com/selectel/mks-go/pkg/v2/mksclient/models.gen.go:232.28,233.14 1 0
github.com/selectel/mks-go/pkg/v2/mksclient/models.gen.go:234.36,235.14 1 0
github.com/selectel/mks-go/pkg/v2/mksclient/models.gen.go:236.36,237.14 1 0
github.com/selectel/mks-go/pkg/v2/mksclient/models.gen.go:238.43,239.14 1 0
github.com/selectel/mks-go/pkg/v2/mksclient/models.gen.go:240.43,241.14 1 0
github.com/selectel/mks-go/pkg/v2/mksclient/models.gen.go:242.39,243.14 1 0
github.com/selectel/mks-go/pkg/v2/mksclient/models.gen.go:244.37,245.14 1 0
github.com/selectel/mks-go/pkg/v2/mksclient/models.gen.go:246.36,247.14 1 0
github.com/selectel/mks-go/pkg/v2/mksclient/models.gen.go:248.10,249.15 1 0
github.com/selectel/mks-go/pkg/v2/mksclient/models.gen.go:262.54,263.11 1 0
github.com/selectel/mks-go/pkg/v2/mksclient/models.gen.go:264.47,265.14 1 0
github.com/selectel/mks-go/pkg/v2/mksclient/models.gen.go:266.50,267.14 1 0
github.com/selectel/mks-go/pkg/v2/mksclient/models.gen.go:268.41,269.14 1 0
github.com/selectel/mks-go/pkg/v2/mksclient/models.gen.go:270.46,271.14 1 0
github.com/selectel/mks-go/pkg/v2/mksclient/models.gen.go:272.10,273.15 1 0
github.com/selectel/mks-go/pkg/v2/mksclient/models.gen.go:291.47,292.11 1 0
github.com/selectel/mks-go/pkg/v2/mksclient/models.gen.go:293.37,294.14 1 0
github.com/selectel/mks-go/pkg/v2/mksclient/models.gen.go:295.36,296.14 1 0
github.com/selectel/mks-go/pkg/v2/mksclient/models.gen.go:297.44,298.14 1 0
github.com/selectel/mks-go/pkg/v2/mksclient/models.gen.go:299.44,300.14 1 0
github.com/selectel/mks-go/pkg/v2/mksclient/models.gen.go:301.51,302.14 1 0
github.com/selectel/mks-go/pkg/v2/mksclient/models.gen.go:303.51,304.14 1 0
github.com/selectel/mks-go/pkg/v2/mksclient/models.gen.go:305.47,306.14 1 0
github.com/selectel/mks-go/pkg/v2/mksclient/models.gen.go:307.45,308.14 1 0
github.com/selectel/mks-go/pkg/v2/mksclient/models.gen.go:309.44,310.14 1 0
github.com/selectel/mks-go/pkg/v2/mksclient/models.gen.go:311.10,312.15 1 0
github.com/selectel/mks-go/pkg/v2/mksclient/models.gen.go:325.54,326.11 1 0
github.com/selectel/mks-go/pkg/v2/mksclient/models.gen.go:327.17,328.14 1 0
github.com/selectel/mks-go/pkg/v2/mksclient/models.gen.go:329.20,330.14 1 0
github.com/selectel/mks-go/pkg/v2/mksclient/models.gen.go:331.11,332.14 1 0
github.com/selectel/mks-go/pkg/v2/mksclient/models.gen.go:333.16,334.14 1 0
github.com/selectel/mks-go/pkg/v2/mksclient/models.gen.go:335.10,336.15 1 0
github.com/selectel/mks-go/pkg/v2/mksclient/models.gen.go:354.47,355.11 1 0
github.com/selectel/mks-go/pkg/v2/mksclient/models.gen.go:356.37,357.14 1 0
github.com/selectel/mks-go/pkg/v2/mksclient/models.gen.go:358.36,359.14 1 0
github.com/selectel/mks-go/pkg/v2/mksclient/models.gen.go:360.44,361.14 1 0
github.com/selectel/mks-go/pkg/v2/mksclient/models.gen.go:362.44,363.14 1 0
github.com/selectel/mks-go/pkg/v2/mksclient/models.gen.go:364.51,365.14 1 0
github.com/selectel/mks-go/pkg/v2/mksclient/models.gen.go:366.51,367.14 1 0
github.com/selectel/mks-go/pkg/v2/mksclient/models.gen.go:368.47,369.14 1 0
github.com/selectel/mks-go/pkg/v2/mksclient/models.gen.go:370.45,371.14 1 0
github.com/selectel/mks-go/pkg/v2/mksclient/models.gen.go:372.44,373.14 1 0
github.com/selectel/mks-go/pkg/v2/mksclient/models.gen.go:374.10,375.15 1 0
github.com/selectel/mks-go/pkg/v2/mksclient/models.gen.go:387.44,388.11 1 0
github.com/selectel/mks-go/pkg/v2/mksclient/models.gen.go:389.17,390.14 1 0
github.com/selectel/mks-go/pkg/v2/mksclient/models.gen.go:391.18,392.14 1 0
github.com/selectel/mks-go/pkg/v2/mksclient/models.gen.go:393.24,394.14 1 0
github.com/selectel/mks-go/pkg/v2/mksclient/models.gen.go:395.10,396.15 1 0
github.com/selectel/mks-go/pkg/v2/mksclient/models.gen.go:413.51,414.11 1 0
github.com/selectel/mks-go/pkg/v2/mksclient/models.gen.go:415.41,416.14 1 0
github.com/selectel/mks-go/pkg/v2/mksclient/models.gen.go:417.42,418.14 1 0
github.com/selectel/mks-go/pkg/v2/mksclient/models.gen.go:419.40,420.14 1 0
github.com/selectel/mks-go/pkg/v2/mksclient/models.gen.go:421.43,422.14 1 0
github.com/selectel/mks-go/pkg/v2/mksclient/models.gen.go:423.48,424.14 1 0
github.com/selectel/mks-go/pkg/v2/mksclient/models.gen.go:425.48,426.14 1 0
github.com/selectel/mks-go/pkg/v2/mksclient/models.gen.go:427.48,428.14 1 0
github.com/selectel/mks-go/pkg/v2/mksclient/models.gen.go:429.42,430.14 1 0
github.com/selectel/mks-go/pkg/v2/mksclient/models.gen.go:431.10,432.15 1 0
github.com/selectel/mks-go/pkg/v2/mksclient/models.gen.go:446.34,447.11 1 0
github.com/selectel/mks-go/pkg/v2/mksclient/models.gen.go:448.16,449.14 1 0
github.com/selectel/mks-go/pkg/v2/mksclient/models.gen.go:450.12,451.14 1 0
github.com/selectel/mks-go/pkg/v2/mksclient/models.gen.go:452.13,453.14 1 0
github.com/selectel/mks-go/pkg/v2/mksclient/models.gen.go:454.18,455.14 1 0
github.com/selectel/mks-go/pkg/v2/mksclient/models.gen.go:456.15,457.14 1 0
github.com/selectel/mks-go/pkg/v2/mksclient/models.gen.go:458.10,459.15 1 0
github.com/selectel/mks-go/pkg/v2/mksclient/models.gen.go:470.28,471.11 1 0
github.com/selectel/mks-go/pkg/v2/mksclient/models.gen.go:472.14,473.14 1 0
github.com/selectel/mks-go/pkg/v2/mksclient/models.gen.go:474.14,475.14 1 0
github.com/selectel/mks-go/pkg/v2/mksclient/models.gen.go:476.10,477.15 1 0
github.com/selectel/mks-go/pkg/v2/mksclient/models.gen.go:488.53,489.11 1 0
github.com/selectel/mks-go/pkg/v2/mksclient/models.gen.go:490.39,491.14 1 0
github.com/selectel/mks-go/pkg/v2/mksclient/models.gen.go:492.39,493.14 1 0
github.com/selectel/mks-go/pkg/v2/mksclient/models.gen.go:494.10,495.15 1 0
github.com/selectel/mks-go/pkg/v2/mksclient/models.gen.go:506.55,507.11 1 0
github.com/selectel/mks-go/pkg/v2/mksclient/models.gen.go:508.10,509.14 1 0
github.com/selectel/mks-go/pkg/v2/mksclient/models.gen.go:510.10,511.14 1 0
github.com/selectel/mks-go/pkg/v2/mksclient/models.gen.go:512.10,513.15 1 0
github.com/selectel/mks-go/pkg/v2/client.go:59.29,61.9 2 2
github.com/selectel/mks-go/pkg/v2/client.go:61.9,63.3 1 0
github.com/selectel/mks-go/pkg/v2/client.go:65.2,65.32 1 2
github.com/selectel/mks-go/pkg/v2/client.go:65.32,66.27 1 0
github.com/selectel/mks-go/pkg/v2/client.go:66.27,70.4 2 0
github.com/selectel/mks-go/pkg/v2/client.go:73.2,73.23 1 2
github.com/selectel/mks-go/pkg/v2/client.go:91.71,93.2 1 1
github.com/selectel/mks-go/pkg/v2/client.go:97.116,98.29 1 2
github.com/selectel/mks-go/pkg/v2/client.go:98.29,100.3 1 1
github.com/selectel/mks-go/pkg/v2/client.go:102.2,109.16 3 2
github.com/selectel/mks-go/pkg/v2/client.go:109.16,111.3 1 0
github.com/selectel/mks-go/pkg/v2/client.go:113.2,115.15 2 2
github.com/selectel/mks-go/pkg/v2/client.go:119.35,124.2 1 3
github.com/selectel/mks-go/pkg/v2/client.go:127.120,134.16 2 3
github.com/selectel/mks-go/pkg/v2/client.go:134.16,136.3 1 0
github.com/selectel/mks-go/pkg/v2/client.go:138.2,138.20 1 3
github.com/selectel/mks-go/pkg/v2/client.go:142.83,146.2 2 1
github.com/selectel/mks-go/pkg/v2/client.go:149.83,153.2 2 1
github.com/selectel/mks-go/pkg/v2/client.go:156.41,168.2 1 4
github.com/selectel/mks-go/pkg/v2/cluster/requests.go:12.111,14.16 2 5
github.com/selectel/mks-go/pkg/v2/cluster/requests.go:14.16,16.3 1 1
github.com/selectel/mks-go/pkg/v2/cluster/requests.go:18.2,18.35 1 4
github.com/selectel/mks-go/pkg/v2/cluster/requests.go:18.35,20.3 1 1
github.com/selectel/mks-go/pkg/v2/cluster/requests.go:22.2,25.3 1 3
github.com/selectel/mks-go/pkg/v2/cluster/requests.go:29.133,31.16 2 4
github.com/selectel/mks-go/pkg/v2/cluster/requests.go:31.16,33.3 1 1
github.com/selectel/mks-go/pkg/v2/cluster/requests.go:35.2,35.35 1 3
github.com/selectel/mks-go/pkg/v2/cluster/requests.go:35.35,37.3 1 1
github.com/selectel/mks-go/pkg/v2/cluster/requests.go:39.2,42.3 1 2
github.com/selectel/mks-go/pkg/v2/cluster/requests.go:46.151,48.16 2 4
github.com/selectel/mks-go/pkg/v2/cluster/requests.go:48.16,50.3 1 1
github.com/selectel/mks-go/pkg/v2/cluster/requests.go:52.2,52.35 1 3
github.com/selectel/mks-go/pkg/v2/cluster/requests.go:52.35,54.3 1 1
github.com/selectel/mks-go/pkg/v2/cluster/requests.go:56.2,59.3 1 2
github.com/selectel/mks-go/pkg/v2/cluster/requests.go:63.84,65.16 2 5
github.com/selectel/mks-go/pkg/v2/cluster/requests.go:65.16,67.3 1 1
github.com/selectel/mks-go/pkg/v2/cluster/requests.go:69.2,69.35 1 4
github.com/selectel/mks-go/pkg/v2/cluster/requests.go:69.35,71.3 1 1
github.com/selectel/mks-go/pkg/v2/cluster/requests.go:73.2,76.3 1 3
github.com/selectel/mks-go/pkg/v2/cluster/requests.go:80.101,82.16 2 5
github.com/selectel/mks-go/pkg/v2/cluster/requests.go:82.16,84.3 1 1
github.com/selectel/mks-go/pkg/v2/cluster/requests.go:86.2,86.50 1 4
github.com/selectel/mks-go/pkg/v2/cluster/requests.go:86.50,88.3 1 1
github.com/selectel/mks-go/pkg/v2/cluster/requests.go:90.2,93.3 1 3
github.com/selectel/mks-go/pkg/v2/cluster/requests.go:97.89,99.16 2 5
github.com/selectel/mks-go/pkg/v2/cluster/requests.go:99.16,101.3 1 1
github.com/selectel/mks-go/pkg/v2/cluster/requests.go:103.2,103.35 1 4
github.com/selectel/mks-go/pkg/v2/cluster/requests.go:103.35,105.3 1 1
github.com/selectel/mks-go/pkg/v2/cluster/requests.go:107.2,110.3 1 3
github.com/selectel/mks-go/pkg/v2/cluster/requests.go:114.127,116.16 2 5
github.com/selectel/mks-go/pkg/v2/cluster/requests.go:116.16,118.3 1 1
github.com/selectel/mks-go/pkg/v2/cluster/requests.go:120.2,120.35 1 4
github.com/selectel/mks-go/pkg/v2/cluster/requests.go:120.35,122.3 1 1
github.com/selectel/mks-go/pkg/v2/cluster/requests.go:124.2,127.3 1 3
github.com/selectel/mks-go/pkg/v2/cluster/requests.go:131.127,133.16 2 5
github.com/selectel/mks-go/pkg/v2/cluster/requests.go:133.16,135.3 1 1
github.com/selectel/mks-go/pkg/v2/cluster/requests.go:137.2,137.35 1 4
github.com/selectel/mks-go/pkg/v2/cluster/requests.go:137.35,139.3 1 1
github.com/selectel/mks-go/pkg/v2/cluster/requests.go:141.2,144.3 1 3
github.com/selectel/mks-go/pkg/v2/kubeversion/requests.go:11.95,13.16 2 5
github.com/selectel/mks-go/pkg/v2/kubeversion/requests.go:13.16,15.3 1 1
github.com/selectel/mks-go/pkg/v2/kubeversion/requests.go:17.2,17.35 1 4
github.com/selectel/mks-go/pkg/v2/kubeversion/requests.go:17.35,18.49 1 2
github.com/selectel/mks-go/pkg/v2/kubeversion/requests.go:18.49,20.4 1 1
github.com/selectel/mks-go/pkg/v2/kubeversion/requests.go:22.3,22.51 1 1
github.com/selectel/mks-go/pkg/v2/kubeversion/requests.go:25.2,28.3 1 2
github.com/selectel/mks-go/pkg/v2/internal/testutils/testutils.go:23.29,25.2 1 0
github.com/selectel/mks-go/pkg/v2/mksclient/mocks/mock_APIError.go:19.57,21.2 1 0
github.com/selectel/mks-go/pkg/v2/mksclient/mocks/mock_APIError.go:24.72,27.19 2 0
github.com/selectel/mks-go/pkg/v2/mksclient/mocks/mock_APIError.go:27.19,28.52 1 0
github.com/selectel/mks-go/pkg/v2/mksclient/mocks/mock_APIError.go:31.2,32.62 2 0
github.com/selectel/mks-go/pkg/v2/mksclient/mocks/mock_APIError.go:32.62,34.3 1 0
github.com/selectel/mks-go/pkg/v2/mksclient/mocks/mock_APIError.go:34.8,35.24 1 0
github.com/selectel/mks-go/pkg/v2/mksclient/mocks/mock_APIError.go:35.24,37.4 1 0
github.com/selectel/mks-go/pkg/v2/mksclient/mocks/mock_APIError.go:40.2,40.11 1 0
github.com/selectel/mks-go/pkg/v2/mksclient/mocks/mock_APIError.go:50.99,52.2 1 0
github.com/selectel/mks-go/pkg/v2/mksclient/mocks/mock_APIError.go:54.101,55.40 1 0
github.com/selectel/mks-go/pkg/v2/mksclient/mocks/mock_APIError.go:55.40,57.3 1 0
github.com/selectel/mks-go/pkg/v2/mksclient/mocks/mock_APIError.go:58.2,58.11 1 0
github.com/selectel/mks-go/pkg/v2/mksclient/mocks/mock_APIError.go:61.103,64.2 2 0
github.com/selectel/mks-go/pkg/v2/mksclient/mocks/mock_APIError.go:66.119,69.2 2 0
github.com/selectel/mks-go/pkg/v2/mksclient/mocks/mock_APIError.go:76.18,80.19 3 0
github.com/selectel/mks-go/pkg/v2/mksclient/mocks/mock_APIError.go:80.19,80.49 1 0
github.com/selectel/mks-go/pkg/v2/mksclient/mocks/mock_APIError.go:82.2,82.13 1 0
github.com/selectel/mks-go/pkg/v2/mksclient/mocks/mock_ClientInterface.go:25.71,27.2 1 0
github.com/selectel/mks-go/pkg/v2/mksclient/mocks/mock_ClientInterface.go:30.181,32.29 2 0
github.com/selectel/mks-go/pkg/v2/mksclient/mocks/mock_ClientInterface.go:32.29,34.3 1 0
github.com/selectel/mks-go/pkg/v2/mksclient/mocks/mock_ClientInterface.go:35.2,40.19 5 0
github.com/selectel/mks-go/pkg/v2/mksclient/mocks/mock_ClientInterface.go:40.19,41.57 1 0
github.com/selectel/mks-go/pkg/v2/mksclient/mocks/mock_ClientInterface.go:44.2,46.150 3 0
github.com/selectel/mks-go/pkg/v2/mksclient/mocks/mock_ClientInterface.go:46.150,48.3 1 0
github.com/selectel/mks-go/pkg/v2/mksclient/mocks/mock_ClientInterface.go:49.2,49.141 1 0
github.com/selectel/mks-go/pkg/v2/mksclient/mocks/mock_ClientInterface.go:49.141,51.3 1 0
github.com/selectel/mks-go/pkg/v2/mksclient/mocks/mock_ClientInterface.go:51.8,52.24 1 0
github.com/selectel/mks-go/pkg/v2/mksclient/mocks/mock_ClientInterface.go:52.24,54.4 1 0
github.com/selectel/mks-go/pkg/v2/mksclient/mocks/mock_ClientInterface.go:57.2,57.132 1 0
github.com/selectel/mks-go/pkg/v2/mksclient/mocks/mock_ClientInterface.go:57.132,59.3 1 0
github.com/selectel/mks-go/pkg/v2/mksclient/mocks/mock_ClientInterface.go:59.8,61.3 1 0
github.com/selectel/mks-go/pkg/v2/mksclient/mocks/mock_ClientInterface.go:63.2,63.15 1 0
github.com/selectel/mks-go/pkg/v2/mksclient/mocks/mock_ClientInterface.go:75.161,78.2 1 0
github.com/selectel/mks-go/pkg/v2/mksclient/mocks/mock_ClientInterface.go:80.218,81.40 1 0
github.com/selectel/mks-go/pkg/v2/mksclient/mocks/mock_ClientInterface.go:81.40,83.30 2 0
github.com/selectel/mks-go/pkg/v2/mksclient/mocks/mock_ClientInterface.go:83.30,84.16 1 0
github.com/selectel/mks-go/pkg/v2/mksclient/mocks/mock_ClientInterface.go:84.16,86.5 1 0
github.com/selectel/mks-go/pkg/v2/mksclient/mocks/mock_ClientInterface.go:88.3,88.102 1 0
github.com/selectel/mks-go/pkg/v2/mksclient/mocks/mock_ClientInterface.go:90.2,90.11 1 0
github.com/selectel/mks-go/pkg/v2/mksclient/mocks/mock_ClientInterface.go:93.133,96.2 2 0
github.com/selectel/mks-go/pkg/v2/mksclient/mocks/mock_ClientInterface.go:98.231,101.2 2 0
github.com/selectel/mks-go/pkg/v2/mksclient/mocks/mock_ClientInterface.go:104.178,106.29 2 0
github.com/selectel/mks-go/pkg/v2/mksclient/mocks/mock_ClientInterface.go:106.29,108.3 1 0
github.com/selectel/mks-go/pkg/v2/mksclient/mocks/mock_ClientInterface.go:109.2,114.19 5 0
github.com/selectel/mks-go/pkg/v2/mksclient/mocks/mock_ClientInterface.go:114.19,115.65 1 0
github.com/selectel/mks-go/pkg/v2/mksclient/mocks/mock_ClientInterface.go:118.2,120.127 3 0
github.com/selectel/mks-go/pkg/v2/mksclient/mocks/mock_ClientInterface.go:120.127,122.3 1 0
github.com/selectel/mks-go/pkg/v2/mksclient/mocks/mock_ClientInterface.go:123.2,123.118 1 0
github.com/selectel/mks-go/pkg/v2/mksclient/mocks/mock_ClientInterface.go:123.118,125.3 1 0
github.com/selectel/mks-go/pkg/v2/mksclient/mocks/mock_ClientInterface.go:125.8,126.24 1 0
github.com/selectel/mks-go/pkg/v2/mksclient/mocks/mock_ClientInterface.go:126.24,128.4 1 0
github.com/selectel/mks-go/pkg/v2/mksclient/mocks/mock_ClientInterface.go:131.2,131.109 1 0
github.com/selectel/mks-go/pkg/v2/mksclient/mocks/mock_ClientInterface.go:131.109,133.3 1 0
github.com/selectel/mks-go/pkg/v2/mksclient/mocks/mock_ClientInterface.go:133.8,135.3 1 0
github.com/selectel/mks-go/pkg/v2/mksclient/mocks/mock_ClientInterface.go:137.2,137.15 1 0
github.com/selectel/mks-go/pkg/v2/mksclient/mocks/mock_ClientInterface.go:150.202,153.2 1 0
github.com/selectel/mks-go/pkg/v2/mksclient/mocks/mock_ClientInterface.go:155.223,156.40 1 0
github.com/selectel/mks-go/pkg/v2/mksclient/mocks/mock_ClientInterface.go:156.40,158.30 2 0
github.com/selectel/mks-go/pkg/v2/mksclient/mocks/mock_ClientInterface.go:158.30,159.16 1 0
github.com/selectel/mks-go/pkg/v2/mksclient/mocks/mock_ClientInterface.go:159.16,161.5 1 0
github.com/selectel/mks-go/pkg/v2/mksclient/mocks/mock_ClientInterface.go:163.3,163.89 1 0
github.com/selectel/mks-go/pkg/v2/mksclient/mocks/mock_ClientInterface.go:165.2,165.11 1 0
github.com/selectel/mks-go/pkg/v2/mksclient/mocks/mock_ClientInterface.go:168.149,171.2 2 0
github.com/selectel/mks-go/pkg/v2/mksclient/mocks/mock_ClientInterface.go:173.224,176.2 2 0
github.com/selectel/mks-go/pkg/v2/mksclient/mocks/mock_ClientInterface.go:179.218,181.29 2 0
github.com/selectel/mks-go/pkg/v2/mksclient/mocks/mock_ClientInterface.go:181.29,183.3 1 0
github.com/selectel/mks-go/pkg/v2/mksclient/mocks/mock_ClientInterface.go:184.2,189.19 5 0
github.com/selectel/mks-go/pkg/v2/mksclient/mocks/mock_ClientInterface.go:189.19,190.60 1 0
github.com/selectel/mks-go/pkg/v2/mksclient/mocks/mock_ClientInterface.go:193.2,195.174 3 0
github.com/selectel/mks-go/pkg/v2/mksclient/mocks/mock_ClientInterface.go:195.174,197.3 1 0
github.com/selectel/mks-go/pkg/v2/mksclient/mocks/mock_ClientInterface.go:198.2,198.165 1 0
github.com/selectel/mks-go/pkg/v2/mksclient/mocks/mock_ClientInterface.go:198.165,200.3 1 0
github.com/selectel/mks-go/pkg/v2/mksclient/mocks/mock_ClientInterface.go:200.8,201.24 1 0
github.com/selectel/mks-go/pkg/v2/mksclient/mocks/mock_ClientInterface.go:201.24,203.4 1 0
github.com/selectel/mks-go/pkg/v2/mksclient/mocks/mock_ClientInterface.go:206.2,206.156 1 0
github.com/selectel/mks-go/pkg/v2/mksclient/mocks/mock_ClientInterface.go:206.156,208.3 1 0
github.com/selectel/mks-go/pkg/v2/mksclient/mocks/mock_ClientInterface.go:208.8,210.3 1 0
github.com/selectel/mks-go/pkg/v2/mksclient/mocks/mock_ClientInterface.go:212.2,212.15 1 0
github.com/selectel/mks-go/pkg/v2/mksclient/mocks/mock_ClientInterface.go:225.190,228.2 1 0
github.com/selectel/mks-go/pkg/v2/mksclient/mocks/mock_ClientInterface.go:230.258,231.40 1 0
github.com/selectel/mks-go/pkg/v2/mksclient/mocks/mock_ClientInterface.go:231.40,233.30 2 0
github.com/selectel/mks-go/pkg/v2/mksclient/mocks/mock_ClientInterface.go:233.30,234.16 1 0
github.com/selectel/mks-go/pkg/v2/mksclient/mocks/mock_ClientInterface.go:234.16,236.5 1 0
github.com/selectel/mks-go/pkg/v2/mksclient/mocks/mock_ClientInterface.go:238.3,238.136 1 0
github.com/selectel/mks-go/pkg/v2/mksclient/mocks/mock_ClientInterface.go:240.2,240.11 1 0
github.com/selectel/mks-go/pkg/v2/mksclient/mocks/mock_ClientInterface.go:243.139,246.2 2 0
github.com/selectel/mks-go/pkg/v2/mksclient/mocks/mock_ClientInterface.go:248.261,251.2 2 0
github.com/selectel/mks-go/pkg/v2/mksclient/mocks/mock_ClientInterface.go:254.212,256.29 2 0
github.com/selectel/mks-go/pkg/v2/mksclient/mocks/mock_ClientInterface.go:256.29,258.3 1 0
github.com/selectel/mks-go/pkg/v2/mksclient/mocks/mock_ClientInterface.go:259.2,264.19 5 0
github.com/selectel/mks-go/pkg/v2/mksclient/mocks/mock_ClientInterface.go:264.19,265.68 1 0
github.com/selectel/mks-go/pkg/v2/mksclient/mocks/mock_ClientInterface.go:268.2,270.148 3 0
github.com/selectel/mks-go/pkg/v2/mksclient/mocks/mock_ClientInterface.go:270.148,272.3 1 0
github.com/selectel/mks-go/pkg/v2/mksclient/mocks/mock_ClientInterface.go:273.2,273.139 1 0
github.com/selectel/mks-go/pkg/v2/mksclient/mocks/mock_ClientInterface.go:273.139,275.3 1 0
github.com/selectel/mks-go/pkg/v2/mksclient/mocks/mock_ClientInterface.go:275.8,276.24 1 0
github.com/selectel/mks-go/pkg/v2/mksclient/mocks/mock_ClientInterface.go:276.24,278.4 1 0
github.com/selectel/mks-go/pkg/v2/mksclient/mocks/mock_ClientInterface.go:281.2,281.130 1 0
github.com/selectel/mks-go/pkg/v2/mksclient/mocks/mock_ClientInterface.go:281.130,283.3 1 0
github.com/selectel/mks-go/pkg/v2/mksclient/mocks/mock_ClientInterface.go:283.8,285.3 1 0
github.com/selectel/mks-go/pkg/v2/mksclient/mocks/mock_ClientInterface.go:287.2,287.15 1 0
github.com/selectel/mks-go/pkg/v2/mksclient/mocks/mock_ClientInterface.go:301.231,304.2 1 0
github.com/selectel/mks-go/pkg/v2/mksclient/mocks/mock_ClientInterface.go:306.260,307.40 1 0
github.com/selectel/mks-go/pkg/v2/mksclient/mocks/mock_ClientInterface.go:307.40,309.30 2 0
github.com/selectel/mks-go/pkg/v2/mksclient/mocks/mock_ClientInterface.go:309.30,310.16 1 0
github.com/selectel/mks-go/pkg/v2/mksclient/mocks/mock_ClientInterface.go:310.16,312.5 1 0
github.com/selectel/mks-go/pkg/v2/mksclient/mocks/mock_ClientInterface.go:314.3,314.120 1 0
github.com/selectel/mks-go/pkg/v2/mksclient/mocks/mock_ClientInterface.go:316.2,316.11 1 0
github.com/selectel/mks-go/pkg/v2/mksclient/mocks/mock_ClientInterface.go:319.155,322.2 2 0
github.com/selectel/mks-go/pkg/v2/mksclient/mocks/mock_ClientInterface.go:324.251,327.2 2 0
github.com/selectel/mks-go/pkg/v2/mksclient/mocks/mock_ClientInterface.go:330.218,332.29 2 0
github.com/selectel/mks-go/pkg/v2/mksclient/mocks/mock_ClientInterface.go:332.29,334.3 1 0
github.com/selectel/mks-go/pkg/v2/mksclient/mocks/mock_ClientInterface.go:335.2,340.19 5 0
github.com/selectel/mks-go/pkg/v2/mksclient/mocks/mock_ClientInterface.go:340.19,341.60 1 0
github.com/selectel/mks-go/pkg/v2/mksclient/mocks/mock_ClientInterface.go:344.2,346.174 3 0
github.com/selectel/mks-go/pkg/v2/mksclient/mocks/mock_ClientInterface.go:346.174,348.3 1 0
github.com/selectel/mks-go/pkg/v2/mksclient/mocks/mock_ClientInterface.go:349.2,349.165 1 0
github.com/selectel/mks-go/pkg/v2/mksclient/mocks/mock_ClientInterface.go:349.165,351.3 1 0
github.com/selectel/mks-go/pkg/v2/mksclient/mocks/mock_ClientInterface.go:351.8,352.24 1 0
github.com/selectel/mks-go/pkg/v2/mksclient/mocks/mock_ClientInterface.go:352.24,354.4 1 0
github.com/selectel/mks-go/pkg/v2/mksclient/mocks/mock_ClientInterface.go:357.2,357.156 1 0
github.com/selectel/mks-go/pkg/v2/mksclient/mocks/mock_ClientInterface.go:357.156,359.3 1 0
github.com/selectel/mks-go/pkg/v2/mksclient/mocks/mock_ClientInterface.go:359.8,361.3 1 0
github.com/selectel/mks-go/pkg/v2/mksclient/mocks/mock_ClientInterface.go:363.2,363.15 1 0
github.com/selectel/mks-go/pkg/v2/mksclient/mocks/mock_ClientInterface.go:376.190,379.2 1 0
github.com/selectel/mks-go/pkg/v2/mksclient/mocks/mock_ClientInterface.go:381.258,382.40 1 0
github.com/selectel/mks-go/pkg/v2/mksclient/mocks/mock_ClientInterface.go:382.40,384.30 2 0
github.com/selectel/mks-go/pkg/v2/mksclient/mocks/mock_ClientInterface.go:384.30,385.16 1 0
github.com/selectel/mks-go/pkg/v2/mksclient/mocks/mock_ClientInterface.go:385.16,387.5 1 0
github.com/selectel/mks-go/pkg/v2/mksclient/mocks/mock_ClientInterface.go:389.3,389.136 1 0
github.com/selectel/mks-go/pkg/v2/mksclient/mocks/mock_ClientInterface.go:391.2,391.11 1 0
github.com/selectel/mks-go/pkg/v2/mksclient/mocks/mock_ClientInterface.go:394.139,397.2 2 0
github.com/selectel/mks-go/pkg/v2/mksclient/mocks/mock_ClientInterface.go:399.261,402.2 2 0
github.com/selectel/mks-go/pkg/v2/mksclient/mocks/mock_ClientInterface.go:405.212,407.29 2 0
github.com/selectel/mks-go/pkg/v2/mksclient/mocks/mock_ClientInterface.go:407.29,409.3 1 0
github.com/selectel/mks-go/pkg/v2/mksclient/mocks/mock_ClientInterface.go:410.2,415.19 5 0
github.com/selectel/mks-go/pkg/v2/mksclient/mocks/mock_ClientInterface.go:415.19,416.68 1 0
github.com/selectel/mks-go/pkg/v2/mksclient/mocks/mock_ClientInterface.go:419.2,421.148 3 0
github.com/selectel/mks-go/pkg/v2/mksclient/mocks/mock_ClientInterface.go:421.148,423.3 1 0
github.com/selectel/mks-go/pkg/v2/mksclient/mocks/mock_ClientInterface.go:424.2,424.139 1 0
github.com/selectel/mks-go/pkg/v2/mksclient/mocks/mock_ClientInterface.go:424.139,426.3 1 0
github.com/selectel/mks-go/pkg/v2/mksclient/mocks/mock_ClientInterface.go:426.8,427.24 1 0
github.com/selectel/mks-go/pkg/v2/mksclient/mocks/mock_ClientInterface.go:427.24,429.4 1 0
github.com/selectel/mks-go/pkg/v2/mksclient/mocks/mock_ClientInterface.go:432.2,432.130 1 0
github.com/selectel/mks-go/pkg/v2/mksclient/mocks/mock_ClientInterface.go:432.130,434.3 1 0
github.com/selectel/mks-go/pkg/v2/mksclient/mocks/mock_ClientInterface.go:434.8,436.3 1 0
github.com/selectel/mks-go/pkg/v2/mksclient/mocks/mock_ClientInterface.go:438.2,438.15 1 0
github.com/selectel/mks-go/pkg/v2/mksclient/mocks/mock_ClientInterface.go:452.231,455.2 1 0
github.com/selectel/mks-go/pkg/v2/mksclient/mocks/mock_ClientInterface.go:457.260,458.40 1 0
github.com/selectel/mks-go/pkg/v2/mksclient/mocks/mock_ClientInterface.go:458.40,460.30 2 0
github.com/selectel/mks-go/pkg/v2/mksclient/mocks/mock_ClientInterface.go:460.30,461.16 1 0
github.com/selectel/mks-go/pkg/v2/mksclient/mocks/mock_ClientInterface.go:461.16,463.5 1 0
github.com/selectel/mks-go/pkg/v2/mksclient/mocks/mock_ClientInterface.go:465.3,465.120 1 0
github.com/selectel/mks-go/pkg/v2/mksclient/mocks/mock_ClientInterface.go:467.2,467.11 1 0
github.com/selectel/mks-go/pkg/v2/mksclient/mocks/mock_ClientInterface.go:470.155,473.2 2 0
github.com/selectel/mks-go/pkg/v2/mksclient/mocks/mock_ClientInterface.go:475.251,478.2 2 0
github.com/selectel/mks-go/pkg/v2/mksclient/mocks/mock_ClientInterface.go:481.165,483.29 2 0
github.com/selectel/mks-go/pkg/v2/mksclient/mocks/mock_ClientInterface.go:483.29,485.3 1 0
github.com/selectel/mks-go/pkg/v2/mksclient/mocks/mock_ClientInterface.go:486.2,491.19 5 0
github.com/selectel/mks-go/pkg/v2/mksclient/mocks/mock_ClientInterface.go:491.19,492.57 1 0
github.com/selectel/mks-go/pkg/v2/mksclient/mocks/mock_ClientInterface.go:495.2,497.129 3 0
github.com/selectel/mks-go/pkg/v2/mksclient/mocks/mock_ClientInterface.go:497.129,499.3 1 0
github.com/selectel/mks-go/pkg/v2/mksclient/mocks/mock_ClientInterface.go:500.2,500.120 1 0
github.com/selectel/mks-go/pkg/v2/mksclient/mocks/mock_ClientInterface.go:500.120,502.3 1 0
github.com/selectel/mks-go/pkg/v2/mksclient/mocks/mock_ClientInterface.go:502.8,503.24 1 0
github.com/selectel/mks-go/pkg/v2/mksclient/mocks/mock_ClientInterface.go:503.24,505.4 1 0
github.com/selectel/mks-go/pkg/v2/mksclient/mocks/mock_ClientInterface.go:508.2,508.111 1 0
github.com/selectel/mks-go/pkg/v2/mksclient/mocks/mock_ClientInterface.go:508.111,510.3 1 0
github.com/selectel/mks-go/pkg/v2/mksclient/mocks/mock_ClientInterface.go:510.8,512.3 1 0
github.com/selectel/mks-go/pkg/v2/mksclient/mocks/mock_ClientInterface.go:514.2,514.15 1 0
github.com/selectel/mks-go/pkg/v2/mksclient/mocks/mock_ClientInterface.go:526.166,529.2 1 0
github.com/selectel/mks-go/pkg/v2/mksclient/mocks/mock_ClientInterface.go:531.202,532.40 1 0
github.com/selectel/mks-go/pkg/v2/mksclient/mocks/mock_ClientInterface.go:532.40,534.30 2 0
github.com/selectel/mks-go/pkg/v2/mksclient/mocks/mock_ClientInterface.go:534.30,535.16 1 0
github.com/selectel/mks-go/pkg/v2/mksclient/mocks/mock_ClientInterface.go:535.16,537.5 1 0
github.com/selectel/mks-go/pkg/v2/mksclient/mocks/mock_ClientInterface.go:539.3,539.81 1 0
github.com/selectel/mks-go/pkg/v2/mksclient/mocks/mock_ClientInterface.go:541.2,541.11 1 0
github.com/selectel/mks-go/pkg/v2/mksclient/mocks/mock_ClientInterface.go:544.133,547.2 2 0
github.com/selectel/mks-go/pkg/v2/mksclient/mocks/mock_ClientInterface.go:549.210,552.2 2 0
github.com/selectel/mks-go/pkg/v2/mksclient/mocks/mock_ClientInterface.go:555.222,557.29 2 0
github.com/selectel/mks-go/pkg/v2/mksclient/mocks/mock_ClientInterface.go:557.29,559.3 1 0
github.com/selectel/mks-go/pkg/v2/mksclient/mocks/mock_ClientInterface.go:560.2,565.19 5 0
github.com/selectel/mks-go/pkg/v2/mksclient/mocks/mock_ClientInterface.go:565.19,566.54 1 0
github.com/selectel/mks-go/pkg/v2/mksclient/mocks/mock_ClientInterface.go:569.2,571.170 3 0
github.com/selectel/mks-go/pkg/v2/mksclient/mocks/mock_ClientInterface.go:571.170,573.3 1 0
github.com/selectel/mks-go/pkg/v2/mksclient/mocks/mock_ClientInterface.go:574.2,574.161 1 0
github.com/selectel/mks-go/pkg/v2/mksclient/mocks/mock_ClientInterface.go:574.161,576.3 1 0
github.com/selectel/mks-go/pkg/v2/mksclient/mocks/mock_ClientInterface.go:576.8,577.24 1 0
github.com/selectel/mks-go/pkg/v2/mksclient/mocks/mock_ClientInterface.go:577.24,579.4 1 0
github.com/selectel/mks-go/pkg/v2/mksclient/mocks/mock_ClientInterface.go:582.2,582.152 1 0
github.com/selectel/mks-go/pkg/v2/mksclient/mocks/mock_ClientInterface.go:582.152,584.3 1 0
github.com/selectel/mks-go/pkg/v2/mksclient/mocks/mock_ClientInterface.go:584.8,586.3 1 0
github.com/selectel/mks-go/pkg/v2/mksclient/mocks/mock_ClientInterface.go:588.2,588.15 1 0
github.com/selectel/mks-go/pkg/v2/mksclient/mocks/mock_ClientInterface.go:602.205,605.2 1 0
github.com/selectel/mks-go/pkg/v2/mksclient/mocks/mock_ClientInterface.go:607.256,608.40 1 0
github.com/selectel/mks-go/pkg/v2/mksclient/mocks/mock_ClientInterface.go:608.40,610.30 2 0
github.com/selectel/mks-go/pkg/v2/mksclient/mocks/mock_ClientInterface.go:610.30,611.16 1 0
github.com/selectel/mks-go/pkg/v2/mksclient/mocks/mock_ClientInterface.go:611.16,613.5 1 0
github.com/selectel/mks-go/pkg/v2/mksclient/mocks/mock_ClientInterface.go:615.3,615.142 1 0
github.com/selectel/mks-go/pkg/v2/mksclient/mocks/mock_ClientInterface.go:617.2,617.11 1 0
github.com/selectel/mks-go/pkg/v2/mksclient/mocks/mock_ClientInterface.go:620.127,623.2 2 0
github.com/selectel/mks-go/pkg/v2/mksclient/mocks/mock_ClientInterface.go:625.245,628.2 2 0
github.com/selectel/mks-go/pkg/v2/mksclient/mocks/mock_ClientInterface.go:631.202,633.29 2 0
github.com/selectel/mks-go/pkg/v2/mksclient/mocks/mock_ClientInterface.go:633.29,635.3 1 0
github.com/selectel/mks-go/pkg/v2/mksclient/mocks/mock_ClientInterface.go:636.2,641.19 5 0
github.com/selectel/mks-go/pkg/v2/mksclient/mocks/mock_ClientInterface.go:641.19,642.59 1 0
github.com/selectel/mks-go/pkg/v2/mksclient/mocks/mock_ClientInterface.go:645.2,647.152 3 0
github.com/selectel/mks-go/pkg/v2/mksclient/mocks/mock_ClientInterface.go:647.152,649.3 1 0
github.com/selectel/mks-go/pkg/v2/mksclient/mocks/mock_ClientInterface.go:650.2,650.143 1 0
github.com/selectel/mks-go/pkg/v2/mksclient/mocks/mock_ClientInterface.go:650.143,652.3 1 0
github.com/selectel/mks-go/pkg/v2/mksclient/mocks/mock_ClientInterface.go:652.8,653.24 1 0
github.com/selectel/mks-go/pkg/v2/mksclient/mocks/mock_ClientInterface.go:653.24,655.4 1 0
github.com/selectel/mks-go/pkg/v2/mksclient/mocks/mock_ClientInterface.go:658.2,658.134 1 0
github.com/selectel/mks-go/pkg/v2/mksclient/mocks/mock_ClientInterface.go:658.134,660.3 1 0
github.com/selectel/mks-go/pkg/v2/mksclient/mocks/mock_ClientInterface.go:660.8,662.3 1 0
github.com/selectel/mks-go/pkg/v2/mksclient/mocks/mock_ClientInterface.go:664.2,664.15 1 0
github.com/selectel/mks-go/pkg/v2/mksclient/mocks/mock_ClientInterface.go:677.195,680.2 1 0
github.com/selectel/mks-go/pkg/v2/mksclient/mocks/mock_ClientInterface.go:682.241,683.40 1 0
github.com/selectel/mks-go/pkg/v2/mksclient/mocks/mock_ClientInterface.go:683.40,685.30 2 0
github.com/selectel/mks-go/pkg/v2/mksclient/mocks/mock_ClientInterface.go:685.30,686.16 1 0
github.com/selectel/mks-go/pkg/v2/mksclient/mocks/mock_ClientInterface.go:686.16,688.5 1 0
github.com/selectel/mks-go/pkg/v2/mksclient/mocks/mock_ClientInterface.go:690.3,690.114 1 0
github.com/selectel/mks-go/pkg/v2/mksclient/mocks/mock_ClientInterface.go:692.2,692.11 1 0
github.com/selectel/mks-go/pkg/v2/mksclient/mocks/mock_ClientInterface.go:695.137,698.2 2 0
github.com/selectel/mks-go/pkg/v2/mksclient/mocks/mock_ClientInterface.go:700.237,703.2 2 0
github.com/selectel/mks-go/pkg/v2/mksclient/mocks/mock_ClientInterface.go:706.168,708.29 2 0
github.com/selectel/mks-go/pkg/v2/mksclient/mocks/mock_ClientInterface.go:708.29,710.3 1 0
github.com/selectel/mks-go/pkg/v2/mksclient/mocks/mock_ClientInterface.go:711.2,716.19 5 0
github.com/selectel/mks-go/pkg/v2/mksclient/mocks/mock_ClientInterface.go:716.19,717.60 1 0
github.com/selectel/mks-go/pkg/v2/mksclient/mocks/mock_ClientInterface.go:720.2,722.129 3 0
github.com/selectel/mks-go/pkg/v2/mksclient/mocks/mock_ClientInterface.go:722.129,724.3 1 0
github.com/selectel/mks-go/pkg/v2/mksclient/mocks/mock_ClientInterface.go:725.2,725.120 1 0
github.com/selectel/mks-go/pkg/v2/mksclient/mocks/mock_ClientInterface.go:725.120,727.3 1 0
github.com/selectel/mks-go/pkg/v2/mksclient/mocks/mock_ClientInterface.go:727.8,728.24 1 0
github.com/selectel/mks-go/pkg/v2/mksclient/mocks/mock_ClientInterface.go:728.24,730.4 1 0
github.com/selectel/mks-go/pkg/v2/mksclient/mocks/mock_ClientInterface.go:733.2,733.111 1 0
github.com/selectel/mks-go/pkg/v2/mksclient/mocks/mock_ClientInterface.go:733.111,735.3 1 0
github.com/selectel/mks-go/pkg/v2/mksclient/mocks/mock_ClientInterface.go:735.8,737.3 1 0
github.com/selectel/mks-go/pkg/v2/mksclient/mocks/mock_ClientInterface.go:739.2,739.15 1 0
github.com/selectel/mks-go/pkg/v2/mksclient/mocks/mock_ClientInterface.go:751.172,754.2 1 0
github.com/selectel/mks-go/pkg/v2/mksclient/mocks/mock_ClientInterface.go:756.208,757.40 1 0
github.com/selectel/mks-go/pkg/v2/mksclient/mocks/mock_ClientInterface.go:757.40,759.30 2 0
github.com/selectel/mks-go/pkg/v2/mksclient/mocks/mock_ClientInterface.go:759.30,760.16 1 0
github.com/selectel/mks-go/pkg/v2/mksclient/mocks/mock_ClientInterface.go:760.16,762.5 1 0
github.com/selectel/mks-go/pkg/v2/mksclient/mocks/mock_ClientInterface.go:764.3,764.81 1 0
github.com/selectel/mks-go/pkg/v2/mksclient/mocks/mock_ClientInterface.go:766.2,766.11 1 0
github.com/selectel/mks-go/pkg/v2/mksclient/mocks/mock_ClientInterface.go:769.139,772.2 2 0
github.com/selectel/mks-go/pkg/v2/mksclient/mocks/mock_ClientInterface.go:774.216,777.2 2 0
github.com/selectel/mks-go/pkg/v2/mksclient/mocks/mock_ClientInterface.go:780.199,782.29 2 0
github.com/selectel/mks-go/pkg/v2/mksclient/mocks/mock_ClientInterface.go:782.29,784.3 1 0
github.com/selectel/mks-go/pkg/v2/mksclient/mocks/mock_ClientInterface.go:785.2,790.19 5 0
github.com/selectel/mks-go/pkg/v2/mksclient/mocks/mock_ClientInterface.go:790.19,791.58 1 0
github.com/selectel/mks-go/pkg/v2/mksclient/mocks/mock_ClientInterface.go:794.2,796.151 3 0
github.com/selectel/mks-go/pkg/v2/mksclient/mocks/mock_ClientInterface.go:796.151,798.3 1 0
github.com/selectel/mks-go/pkg/v2/mksclient/mocks/mock_ClientInterface.go:799.2,799.142 1 0
github.com/selectel/mks-go/pkg/v2/mksclient/mocks/mock_ClientInterface.go:799.142,801.3 1 0
github.com/selectel/mks-go/pkg/v2/mksclient/mocks/mock_ClientInterface.go:801.8,802.24 1 0
github.com/selectel/mks-go/pkg/v2/mksclient/mocks/mock_ClientInterface.go:802.24,804.4 1 0
github.com/selectel/mks-go/pkg/v2/mksclient/mocks/mock_ClientInterface.go:807.2,807.133 1 0
github.com/selectel/mks-go/pkg/v2/mksclient/mocks/mock_ClientInterface.go:807.133,809.3 1 0
github.com/selectel/mks-go/pkg/v2/mksclient/mocks/mock_ClientInterface.go:809.8,811.3 1 0
github.com/selectel/mks-go/pkg/v2/mksclient/mocks/mock_ClientInterface.go:813.2,813.15 1 0
github.com/selectel/mks-go/pkg/v2/mksclient/mocks/mock_ClientInterface.go:826.192,829.2 1 0
github.com/selectel/mks-go/pkg/v2/mksclient/mocks/mock_ClientInterface.go:831.237,832.40 1 0
github.com/selectel/mks-go/pkg/v2/mksclient/mocks/mock_ClientInterface.go:832.40,834.30 2 0
github.com/selectel/mks-go/pkg/v2/mksclient/mocks/mock_ClientInterface.go:834.30,835.16 1 0
github.com/selectel/mks-go/pkg/v2/mksclient/mocks/mock_ClientInterface.go:835.16,837.5 1 0
github.com/selectel/mks-go/pkg/v2/mksclient/mocks/mock_ClientInterface.go:839.3,839.113 1 0
github.com/selectel/mks-go/pkg/v2/mksclient/mocks/mock_ClientInterface.go:841.2,841.11 1 0
github.com/selectel/mks-go/pkg/v2/mksclient/mocks/mock_ClientInterface.go:844.135,847.2 2 0
github.com/selectel/mks-go/pkg/v2/mksclient/mocks/mock_ClientInterface.go:849.234,852.2 2 0
github.com/selectel/mks-go/pkg/v2/mksclient/mocks/mock_ClientInterface.go:855.214,857.29 2 0
github.com/selectel/mks-go/pkg/v2/mksclient/mocks/mock_ClientInterface.go:857.29,859.3 1 0
github.com/selectel/mks-go/pkg/v2/mksclient/mocks/mock_ClientInterface.go:860.2,865.19 5 0
github.com/selectel/mks-go/pkg/v2/mksclient/mocks/mock_ClientInterface.go:865.19,866.61 1 0
github.com/selectel/mks-go/pkg/v2/mksclient/mocks/mock_ClientInterface.go:869.2,871.167 3 0
github.com/selectel/mks-go/pkg/v2/mksclient/mocks/mock_ClientInterface.go:871.167,873.3 1 0
github.com/selectel/mks-go/pkg/v2/mksclient/mocks/mock_ClientInterface.go:874.2,874.158 1 0
github.com/selectel/mks-go/pkg/v2/mksclient/mocks/mock_ClientInterface.go:874.158,876.3 1 0
github.com/selectel/mks-go/pkg/v2/mksclient/mocks/mock_ClientInterface.go:876.8,877.24 1 0
github.com/selectel/mks-go/pkg/v2/mksclient/mocks/mock_ClientInterface.go:877.24,879.4 1 0
github.com/selectel/mks-go/pkg/v2/mksclient/mocks/mock_ClientInterface.go:882.2,882.149 1 0
github.com/selectel/mks-go/pkg/v2/mksclient/mocks/mock_ClientInterface.go:882.149,884.3 1 0
github.com/selectel/mks-go/pkg/v2/mksclient/mocks/mock_ClientInterface.go:884.8,886.3 1 0
github.com/selectel/mks-go/pkg/v2/mksclient/mocks/mock_ClientInterface.go:888.2,888.15 1 0
github.com/selectel/mks-go/pkg/v2/mksclient/mocks/mock_ClientInterface.go:901.194,904.2 1 0
github.com/selectel/mks-go/pkg/v2/mksclient/mocks/mock_ClientInterface.go:906.255,907.40 1 0
github.com/selectel/mks-go/pkg/v2/mksclient/mocks/mock_ClientInterface.go:907.40,909.30 2 0
github.com/selectel/mks-go/pkg/v2/mksclient/mocks/mock_ClientInterface.go:909.30,910.16 1 0
github.com/selectel/mks-go/pkg/v2/mksclient/mocks/mock_ClientInterface.go:910.16,912.5 1 0
github.com/selectel/mks-go/pkg/v2/mksclient/mocks/mock_ClientInterface.go:914.3,914.129 1 0
github.com/selectel/mks-go/pkg/v2/mksclient/mocks/mock_ClientInterface.go:916.2,916.11 1 0
github.com/selectel/mks-go/pkg/v2/mksclient/mocks/mock_ClientInterface.go:919.141,922.2 2 0
github.com/selectel/mks-go/pkg/v2/mksclient/mocks/mock_ClientInterface.go:924.256,927.2 2 0
github.com/selectel/mks-go/pkg/v2/mksclient/mocks/mock_ClientInterface.go:930.172,932.29 2 0
github.com/selectel/mks-go/pkg/v2/mksclient/mocks/mock_ClientInterface.go:932.29,934.3 1 0
github.com/selectel/mks-go/pkg/v2/mksclient/mocks/mock_ClientInterface.go:935.2,940.19 5 0
github.com/selectel/mks-go/pkg/v2/mksclient/mocks/mock_ClientInterface.go:940.19,941.64 1 0
github.com/selectel/mks-go/pkg/v2/mksclient/mocks/mock_ClientInterface.go:944.2,946.129 3 0
github.com/selectel/mks-go/pkg/v2/mksclient/mocks/mock_ClientInterface.go:946.129,948.3 1 0
github.com/selectel/mks-go/pkg/v2/mksclient/mocks/mock_ClientInterface.go:949.2,949.120 1 0
github.com/selectel/mks-go/pkg/v2/mksclient/mocks/mock_ClientInterface.go:949.120,951.3 1 0
github.com/selectel/mks-go/pkg/v2/mksclient/mocks/mock_ClientInterface.go:951.8,952.24 1 0
github.com/selectel/mks-go/pkg/v2/mksclient/mocks/mock_ClientInterface.go:952.24,954.4 1 0
github.com/selectel/mks-go/pkg/v2/mksclient/mocks/mock_ClientInterface.go:957.2,957.111 1 0
github.com/selectel/mks-go/pkg/v2/mksclient/mocks/mock_ClientInterface.go:957.111,959.3 1 0
github.com/selectel/mks-go/pkg/v2/mksclient/mocks/mock_ClientInterface.go:959.8,961.3 1 0
github.com/selectel/mks-go/pkg/v2/mksclient/mocks/mock_ClientInterface.go:963.2,963.15 1 0
github.com/selectel/mks-go/pkg/v2/mksclient/mocks/mock_ClientInterface.go:975.180,978.2 1 0
github.com/selectel/mks-go/pkg/v2/mksclient/mocks/mock_ClientInterface.go:980.216,981.40 1 0
github.com/selectel/mks-go/pkg/v2/mksclient/mocks/mock_ClientInterface.go:981.40,983.30 2 0
github.com/selectel/mks-go/pkg/v2/mksclient/mocks/mock_ClientInterface.go:983.30,984.16 1 0
github.com/selectel/mks-go/pkg/v2/mksclient/mocks/mock_ClientInterface.go:984.16,986.5 1 0
github.com/selectel/mks-go/pkg/v2/mksclient/mocks/mock_ClientInterface.go:988.3,988.81 1 0
github.com/selectel/mks-go/pkg/v2/mksclient/mocks/mock_ClientInterface.go:990.2,990.11 1 0
github.com/selectel/mks-go/pkg/v2/mksclient/mocks/mock_ClientInterface.go:993.147,996.2 2 0
github.com/selectel/mks-go/pkg/v2/mksclient/mocks/mock_ClientInterface.go:998.224,1001.2 2 0
github.com/selectel/mks-go/pkg/v2/mksclient/mocks/mock_ClientInterface.go:1004.162,1006.29 2 0
github.com/selectel/mks-go/pkg/v2/mksclient/mocks/mock_ClientInterface.go:1006.29,1008.3 1 0
github.com/selectel/mks-go/pkg/v2/mksclient/mocks/mock_ClientInterface.go:1009.2,1014.19 5 0
github.com/selectel/mks-go/pkg/v2/mksclient/mocks/mock_ClientInterface.go:1014.19,1015.54 1 0
github.com/selectel/mks-go/pkg/v2/mksclient/mocks/mock_ClientInterface.go:1018.2,1020.129 3 0
github.com/selectel/mks-go/pkg/v2/mksclient/mocks/mock_ClientInterface.go:1020.129,1022.3 1 0
github.com/selectel/mks-go/pkg/v2/mksclient/mocks/mock_ClientInterface.go:1023.2,1023.120 1 0
github.com/selectel/mks-go/pkg/v2/mksclient/mocks/mock_ClientInterface.go:1023.120,1025.3 1 0
github.com/selectel/mks-go/pkg/v2/mksclient/mocks/mock_ClientInterface.go:1025.8,1026.24 1 0
github.com/selectel/mks-go/pkg/v2/mksclient/mocks/mock_ClientInterface.go:1026.24,1028.4 1 0
github.com/selectel/mks-go/pkg/v2/mksclient/mocks/mock_ClientInterface.go:1031.2,1031.111 1 0
github.com/selectel/mks-go/pkg/v2/mksclient/mocks/mock_ClientInterface.go:1031.111,1033.3 1 0
github.com/selectel/mks-go/pkg/v2/mksclient/mocks/mock_ClientInterface.go:1033.8,1035.3 1 0
github.com/selectel/mks-go/pkg/v2/mksclient/mocks/mock_ClientInterface.go:1037.2,1037.15 1 0
github.com/selectel/mks-go/pkg/v2/mksclient/mocks/mock_ClientInterface.go:1049.160,1052.2 1 0
github.com/selectel/mks-go/pkg/v2/mksclient/mocks/mock_ClientInterface.go:1054.196,1055.40 1 0
github.com/selectel/mks-go/pkg/v2/mksclient/mocks/mock_ClientInterface.go:1055.40,1057.30 2 0
github.com/selectel/mks-go/pkg/v2/mksclient/mocks/mock_ClientInterface.go:1057.30,1058.16 1 0
github.com/selectel/mks-go/pkg/v2/mksclient/mocks/mock_ClientInterface.go:1058.16,1060.5 1 0
github.com/selectel/mks-go/pkg/v2/mksclient/mocks/mock_ClientInterface.go:1062.3,1062.81 1 0
github.com/selectel/mks-go/pkg/v2/mksclient/mocks/mock_ClientInterface.go:1064.2,1064.11 1 0
github.com/selectel/mks-go/pkg/v2/mksclient/mocks/mock_ClientInterface.go:1067.127,1070.2 2 0
github.com/selectel/mks-go/pkg/v2/mksclient/mocks/mock_ClientInterface.go:1072.204,1075.2 2 0
github.com/selectel/mks-go/pkg/v2/mksclient/mocks/mock_ClientInterface.go:1078.167,1080.29 2 0
github.com/selectel/mks-go/pkg/v2/mksclient/mocks/mock_ClientInterface.go:1080.29,1082.3 1 0
github.com/selectel/mks-go/pkg/v2/mksclient/mocks/mock_ClientInterface.go:1083.2,1088.19 5 0
github.com/selectel/mks-go/pkg/v2/mksclient/mocks/mock_ClientInterface.go:1088.19,1089.53 1 0
github.com/selectel/mks-go/pkg/v2/mksclient/mocks/mock_ClientInterface.go:1092.2,1094.138 3 0
github.com/selectel/mks-go/pkg/v2/mksclient/mocks/mock_ClientInterface.go:1094.138,1096.3 1 0
github.com/selectel/mks-go/pkg/v2/mksclient/mocks/mock_ClientInterface.go:1097.2,1097.129 1 0
github.com/selectel/mks-go/pkg/v2/mksclient/mocks/mock_ClientInterface.go:1097.129,1099.3 1 0
github.com/selectel/mks-go/pkg/v2/mksclient/mocks/mock_ClientInterface.go:1099.8,1100.24 1 0
github.com/selectel/mks-go/pkg/v2/mksclient/mocks/mock_ClientInterface.go:1100.24,1102.4 1 0
github.com/selectel/mks-go/pkg/v2/mksclient/mocks/mock_ClientInterface.go:1105.2,1105.120 1 0
github.com/selectel/mks-go/pkg/v2/mksclient/mocks/mock_ClientInterface.go:1105.120,1107.3 1 0
github.com/selectel/mks-go/pkg/v2/mksclient/mocks/mock_ClientInterface.go:1107.8,1109.3 1 0
github.com/selectel/mks-go/pkg/v2/mksclient/mocks/mock_ClientInterface.go:1111.2,1111.15 1 0
github.com/selectel/mks-go/pkg/v2/mksclient/mocks/mock_ClientInterface.go:1123.155,1126.2 1 0
github.com/selectel/mks-go/pkg/v2/mksclient/mocks/mock_ClientInterface.go:1128.200,1129.40 1 0
github.com/selectel/mks-go/pkg/v2/mksclient/mocks/mock_ClientInterface.go:1129.40,1131.30 2 0
github.com/selectel/mks-go/pkg/v2/mksclient/mocks/mock_ClientInterface.go:1131.30,1132.16 1 0
github.com/selectel/mks-go/pkg/v2/mksclient/mocks/mock_ClientInterface.go:1132.16,1134.5 1 0
github.com/selectel/mks-go/pkg/v2/mksclient/mocks/mock_ClientInterface.go:1136.3,1136.90 1 0
github.com/selectel/mks-go/pkg/v2/mksclient/mocks/mock_ClientInterface.go:1138.2,1138.11 1 0
github.com/selectel/mks-go/pkg/v2/mksclient/mocks/mock_ClientInterface.go:1141.125,1144.2 2 0
github.com/selectel/mks-go/pkg/v2/mksclient/mocks/mock_ClientInterface.go:1146.211,1149.2 2 0
github.com/selectel/mks-go/pkg/v2/mksclient/mocks/mock_ClientInterface.go:1152.219,1154.29 2 0
github.com/selectel/mks-go/pkg/v2/mksclient/mocks/mock_ClientInterface.go:1154.29,1156.3 1 0
github.com/selectel/mks-go/pkg/v2/mksclient/mocks/mock_ClientInterface.go:1157.2,1162.19 5 0
github.com/selectel/mks-go/pkg/v2/mksclient/mocks/mock_ClientInterface.go:1162.19,1163.51 1 0
github.com/selectel/mks-go/pkg/v2/mksclient/mocks/mock_ClientInterface.go:1166.2,1168.170 3 0
github.com/selectel/mks-go/pkg/v2/mksclient/mocks/mock_ClientInterface.go:1168.170,1170.3 1 0
github.com/selectel/mks-go/pkg/v2/mksclient/mocks/mock_ClientInterface.go:1171.2,1171.161 1 0
github.com/selectel/mks-go/pkg/v2/mksclient/mocks/mock_ClientInterface.go:1171.161,1173.3 1 0
github.com/selectel/mks-go/pkg/v2/mksclient/mocks/mock_ClientInterface.go:1173.8,1174.24 1 0
github.com/selectel/mks-go/pkg/v2/mksclient/mocks/mock_ClientInterface.go:1174.24,1176.4 1 0
github.com/selectel/mks-go/pkg/v2/mksclient/mocks/mock_ClientInterface.go:1179.2,1179.152 1 0
github.com/selectel/mks-go/pkg/v2/mksclient/mocks/mock_ClientInterface.go:1179.152,1181.3 1 0
github.com/selectel/mks-go/pkg/v2/mksclient/mocks/mock_ClientInterface.go:1181.8,1183.3 1 0
github.com/selectel/mks-go/pkg/v2/mksclient/mocks/mock_ClientInterface.go:1185.2,1185.15 1 0
github.com/selectel/mks-go/pkg/v2/mksclient/mocks/mock_ClientInterface.go:1199.199,1202.2 1 0
github.com/selectel/mks-go/pkg/v2/mksclient/mocks/mock_ClientInterface.go:1204.250,1205.40 1 0
github.com/selectel/mks-go/pkg/v2/mksclient/mocks/mock_ClientInterface.go:1205.40,1207.30 2 0
github.com/selectel/mks-go/pkg/v2/mksclient/mocks/mock_ClientInterface.go:1207.30,1208.16 1 0
github.com/selectel/mks-go/pkg/v2/mksclient/mocks/mock_ClientInterface.go:1208.16,1210.5 1 0
github.com/selectel/mks-go/pkg/v2/mksclient/mocks/mock_ClientInterface.go:1212.3,1212.142 1 0
github.com/selectel/mks-go/pkg/v2/mksclient/mocks/mock_ClientInterface.go:1214.2,1214.11 1 0
github.com/selectel/mks-go/pkg/v2/mksclient/mocks/mock_ClientInterface.go:1217.121,1220.2 2 0
github.com/selectel/mks-go/pkg/v2/mksclient/mocks/mock_ClientInterface.go:1222.239,1225.2 2 0
github.com/selectel/mks-go/pkg/v2/mksclient/mocks/mock_ClientInterface.go:1228.253,1230.29 2 0
github.com/selectel/mks-go/pkg/v2/mksclient/mocks/mock_ClientInterface.go:1230.29,1232.3 1 0
github.com/selectel/mks-go/pkg/v2/mksclient/mocks/mock_ClientInterface.go:1233.2,1238.19 5 0
github.com/selectel/mks-go/pkg/v2/mksclient/mocks/mock_ClientInterface.go:1238.19,1239.63 1 0
github.com/selectel/mks-go/pkg/v2/mksclient/mocks/mock_ClientInterface.go:1242.2,1244.192 3 0
github.com/selectel/mks-go/pkg/v2/mksclient/mocks/mock_ClientInterface.go:1244.192,1246.3 1 0
github.com/selectel/mks-go/pkg/v2/mksclient/mocks/mock_ClientInterface.go:1247.2,1247.183 1 0
github.com/selectel/mks-go/pkg/v2/mksclient/mocks/mock_ClientInterface.go:1247.183,1249.3 1 0
github.com/selectel/mks-go/pkg/v2/mksclient/mocks/mock_ClientInterface.go:1249.8,1250.24 1 0
github.com/selectel/mks-go/pkg/v2/mksclient/mocks/mock_ClientInterface.go:1250.24,1252.4 1 0
github.com/selectel/mks-go/pkg/v2/mksclient/mocks/mock_ClientInterface.go:1255.2,1255.174 1 0
github.com/selectel/mks-go/pkg/v2/mksclient/mocks/mock_ClientInterface.go:1255.174,1257.3 1 0
github.com/selectel/mks-go/pkg/v2/mksclient/mocks/mock_ClientInterface.go:1257.8,1259.3 1 0
github.com/selectel/mks-go/pkg/v2/mksclient/mocks/mock_ClientInterface.go:1261.2,1261.15 1 0
github.com/selectel/mks-go/pkg/v2/mksclient/mocks/mock_ClientInterface.go:1275.223,1278.2 1 0
github.com/selectel/mks-go/pkg/v2/mksclient/mocks/mock_ClientInterface.go:1280.296,1281.40 1 0
github.com/selectel/mks-go/pkg/v2/mksclient/mocks/mock_ClientInterface.go:1281.40,1283.30 2 0
github.com/selectel/mks-go/pkg/v2/mksclient/mocks/mock_ClientInterface.go:1283.30,1284.16 1 0
github.com/selectel/mks-go/pkg/v2/mksclient/mocks/mock_ClientInterface.go:1284.16,1286.5 1 0
github.com/selectel/mks-go/pkg/v2/mksclient/mocks/mock_ClientInterface.go:1288.3,1288.164 1 0
github.com/selectel/mks-go/pkg/v2/mksclient/mocks/mock_ClientInterface.go:1290.2,1290.11 1 0
github.com/selectel/mks-go/pkg/v2/mksclient/mocks/mock_ClientInterface.go:1293.145,1296.2 2 0
github.com/selectel/mks-go/pkg/v2/mksclient/mocks/mock_ClientInterface.go:1298.285,1301.2 2 0
github.com/selectel/mks-go/pkg/v2/mksclient/mocks/mock_ClientInterface.go:1304.199,1306.29 2 0
github.com/selectel/mks-go/pkg/v2/mksclient/mocks/mock_ClientInterface.go:1306.29,1308.3 1 0
github.com/selectel/mks-go/pkg/v2/mksclient/mocks/mock_ClientInterface.go:1309.2,1314.19 5 0
github.com/selectel/mks-go/pkg/v2/mksclient/mocks/mock_ClientInterface.go:1314.19,1315.56 1 0
github.com/selectel/mks-go/pkg/v2/mksclient/mocks/mock_ClientInterface.go:1318.2,1320.152 3 0
github.com/selectel/mks-go/pkg/v2/mksclient/mocks/mock_ClientInterface.go:1320.152,1322.3 1 0
github.com/selectel/mks-go/pkg/v2/mksclient/mocks/mock_ClientInterface.go:1323.2,1323.143 1 0
github.com/selectel/mks-go/pkg/v2/mksclient/mocks/mock_ClientInterface.go:1323.143,1325.3 1 0
github.com/selectel/mks-go/pkg/v2/mksclient/mocks/mock_ClientInterface.go:1325.8,1326.24 1 0
github.com/selectel/mks-go/pkg/v2/mksclient/mocks/mock_ClientInterface.go:1326.24,1328.4 1 0
github.com/selectel/mks-go/pkg/v2/mksclient/mocks/mock_ClientInterface.go:1331.2,1331.134 1 0
github.com/selectel/mks-go/pkg/v2/mksclient/mocks/mock_ClientInterface.go:1331.134,1333.3 1 0
github.com/selectel/mks-go/pkg/v2/mksclient/mocks/mock_ClientInterface.go:1333.8,1335.3 1 0
github.com/selectel/mks-go/pkg/v2/mksclient/mocks/mock_ClientInterface.go:1337.2,1337.15 1 0
github.com/selectel/mks-go/pkg/v2/mksclient/mocks/mock_ClientInterface.go:1350.189,1353.2 1 0
github.com/selectel/mks-go/pkg/v2/mksclient/mocks/mock_ClientInterface.go:1355.235,1356.40 1 0
github.com/selectel/mks-go/pkg/v2/mksclient/mocks/mock_ClientInterface.go:1356.40,1358.30 2 0
github.com/selectel/mks-go/pkg/v2/mksclient/mocks/mock_ClientInterface.go:1358.30,1359.16 1 0
github.com/selectel/mks-go/pkg/v2/mksclient/mocks/mock_ClientInterface.go:1359.16,1361.5 1 0
github.com/selectel/mks-go/pkg/v2/mksclient/mocks/mock_ClientInterface.go:1363.3,1363.114 1 0
github.com/selectel/mks-go/pkg/v2/mksclient/mocks/mock_ClientInterface.go:1365.2,1365.11 1 0
github.com/selectel/mks-go/pkg/v2/mksclient/mocks/mock_ClientInterface.go:1368.131,1371.2 2 0
github.com/selectel/mks-go/pkg/v2/mksclient/mocks/mock_ClientInterface.go:1373.231,1376.2 2 0
github.com/selectel/mks-go/pkg/v2/mksclient/mocks/mock_ClientInterface.go:1379.165,1381.29 2 0
github.com/selectel/mks-go/pkg/v2/mksclient/mocks/mock_ClientInterface.go:1381.29,1383.3 1 0
github.com/selectel/mks-go/pkg/v2/mksclient/mocks/mock_ClientInterface.go:1384.2,1389.19 5 0
github.com/selectel/mks-go/pkg/v2/mksclient/mocks/mock_ClientInterface.go:1389.19,1390.57 1 0
github.com/selectel/mks-go/pkg/v2/mksclient/mocks/mock_ClientInterface.go:1393.2,1395.129 3 0
github.com/selectel/mks-go/pkg/v2/mksclient/mocks/mock_ClientInterface.go:1395.129,1397.3 1 0
github.com/selectel/mks-go/pkg/v2/mksclient/mocks/mock_ClientInterface.go:1398.2,1398.120 1 0
github.com/selectel/mks-go/pkg/v2/mksclient/mocks/mock_ClientInterface.go:1398.120,1400.3 1 0
github.com/selectel/mks-go/pkg/v2/mksclient/mocks/mock_ClientInterface.go:1400.8,1401.24 1 0
github.com/selectel/mks-go/pkg/v2/mksclient/mocks/mock_ClientInterface.go:1401.24,1403.4 1 0
github.com/selectel/mks-go/pkg/v2/mksclient/mocks/mock_ClientInterface.go:1406.2,1406.111 1 0
github.com/selectel/mks-go/pkg/v2/mksclient/mocks/mock_ClientInterface.go:1406.111,1408.3 1 0
github.com/selectel/mks-go/pkg/v2/mksclient/mocks/mock_ClientInterface.go:1408.8,1410.3 1 0
github.com/selectel/mks-go/pkg/v2/mksclient/mocks/mock_ClientInterface.go:1412.2,1412.15 1 0
github.com/selectel/mks-go/pkg/v2/mksclient/mocks/mock_ClientInterface.go:1424.166,1427.2 1 0
github.com/selectel/mks-go/pkg/v2/mksclient/mocks/mock_ClientInterface.go:1429.202,1430.40 1 0
github.com/selectel/mks-go/pkg/v2/mksclient/mocks/mock_ClientInterface.go:1430.40,1432.30 2 0
github.com/selectel/mks-go/pkg/v2/mksclient/mocks/mock_ClientInterface.go:1432.30,1433.16 1 0
github.com/selectel/mks-go/pkg/v2/mksclient/mocks/mock_ClientInterface.go:1433.16,1435.5 1 0
github.com/selectel/mks-go/pkg/v2/mksclient/mocks/mock_ClientInterface.go:1437.3,1437.81 1 0
github.com/selectel/mks-go/pkg/v2/mksclient/mocks/mock_ClientInterface.go:1439.2,1439.11 1 0
github.com/selectel/mks-go/pkg/v2/mksclient/mocks/mock_ClientInterface.go:1442.133,1445.2 2 0
github.com/selectel/mks-go/pkg/v2/mksclient/mocks/mock_ClientInterface.go:1447.210,1450.2 2 0
github.com/selectel/mks-go/pkg/v2/mksclient/mocks/mock_ClientInterface.go:1453.219,1455.29 2 0
github.com/selectel/mks-go/pkg/v2/mksclient/mocks/mock_ClientInterface.go:1455.29,1457.3 1 0
github.com/selectel/mks-go/pkg/v2/mksclient/mocks/mock_ClientInterface.go:1458.2,1463.19 5 0
github.com/selectel/mks-go/pkg/v2/mksclient/mocks/mock_ClientInterface.go:1463.19,1464.51 1 0
github.com/selectel/mks-go/pkg/v2/mksclient/mocks/mock_ClientInterface.go:1467.2,1469.175 3 0
github.com/selectel/mks-go/pkg/v2/mksclient/mocks/mock_ClientInterface.go:1469.175,1471.3 1 0
github.com/selectel/mks-go/pkg/v2/mksclient/mocks/mock_ClientInterface.go:1472.2,1472.166 1 0
github.com/selectel/mks-go/pkg/v2/mksclient/mocks/mock_ClientInterface.go:1472.166,1474.3 1 0
github.com/selectel/mks-go/pkg/v2/mksclient/mocks/mock_ClientInterface.go:1474.8,1475.24 1 0
github.com/selectel/mks-go/pkg/v2/mksclient/mocks/mock_ClientInterface.go:1475.24,1477.4 1 0
github.com/selectel/mks-go/pkg/v2/mksclient/mocks/mock_ClientInterface.go:1480.2,1480.157 1 0
github.com/selectel/mks-go/pkg/v2/mksclient/mocks/mock_ClientInterface.go:1480.157,1482.3 1 0
github.com/selectel/mks-go/pkg/v2/mksclient/mocks/mock_ClientInterface.go:1482.8,1484.3 1 0
github.com/selectel/mks-go/pkg/v2/mksclient/mocks/mock_ClientInterface.go:1486.2,1486.15 1 0
github.com/selectel/mks-go/pkg/v2/mksclient/mocks/mock_ClientInterface.go:1500.194,1503.2 1 0
github.com/selectel/mks-go/pkg/v2/mksclient/mocks/mock_ClientInterface.go:1505.250,1506.40 1 0
github.com/selectel/mks-go/pkg/v2/mksclient/mocks/mock_ClientInterface.go:1506.40,1508.30 2 0
github.com/selectel/mks-go/pkg/v2/mksclient/mocks/mock_ClientInterface.go:1508.30,1509.16 1 0
github.com/selectel/mks-go/pkg/v2/mksclient/mocks/mock_ClientInterface.go:1509.16,1511.5 1 0
github.com/selectel/mks-go/pkg/v2/mksclient/mocks/mock_ClientInterface.go:1513.3,1513.147 1 0
github.com/selectel/mks-go/pkg/v2/mksclient/mocks/mock_ClientInterface.go:1515.2,1515.11 1 0
github.com/selectel/mks-go/pkg/v2/mksclient/mocks/mock_ClientInterface.go:1518.121,1521.2 2 0
github.com/selectel/mks-go/pkg/v2/mksclient/mocks/mock_ClientInterface.go:1523.244,1526.2 2 0
github.com/selectel/mks-go/pkg/v2/mksclient/mocks/mock_ClientInterface.go:1529.129,1531.29 2 0
github.com/selectel/mks-go/pkg/v2/mksclient/mocks/mock_ClientInterface.go:1531.29,1533.3 1 0
github.com/selectel/mks-go/pkg/v2/mksclient/mocks/mock_ClientInterface.go:1534.2,1539.19 5 0
github.com/selectel/mks-go/pkg/v2/mksclient/mocks/mock_ClientInterface.go:1539.19,1540.52 1 0
github.com/selectel/mks-go/pkg/v2/mksclient/mocks/mock_ClientInterface.go:1543.2,1545.108 3 0
github.com/selectel/mks-go/pkg/v2/mksclient/mocks/mock_ClientInterface.go:1545.108,1547.3 1 0
github.com/selectel/mks-go/pkg/v2/mksclient/mocks/mock_ClientInterface.go:1548.2,1548.99 1 0
github.com/selectel/mks-go/pkg/v2/mksclient/mocks/mock_ClientInterface.go:1548.99,1550.3 1 0
github.com/selectel/mks-go/pkg/v2/mksclient/mocks/mock_ClientInterface.go:1550.8,1551.24 1 0
github.com/selectel/mks-go/pkg/v2/mksclient/mocks/mock_ClientInterface.go:1551.24,1553.4 1 0
github.com/selectel/mks-go/pkg/v2/mksclient/mocks/mock_ClientInterface.go:1556.2,1556.90 1 0
github.com/selectel/mks-go/pkg/v2/mksclient/mocks/mock_ClientInterface.go:1556.90,1558.3 1 0
github.com/selectel/mks-go/pkg/v2/mksclient/mocks/mock_ClientInterface.go:1558.8,1560.3 1 0
github.com/selectel/mks-go/pkg/v2/mksclient/mocks/mock_ClientInterface.go:1562.2,1562.15 1 0
github.com/selectel/mks-go/pkg/v2/mksclient/mocks/mock_ClientInterface.go:1573.133,1576.2 1 0
github.com/selectel/mks-go/pkg/v2/mksclient/mocks/mock_ClientInterface.go:1578.161,1579.40 1 0
github.com/selectel/mks-go/pkg/v2/mksclient/mocks/mock_ClientInterface.go:1579.40,1581.30 2 0
github.com/selectel/mks-go/pkg/v2/mksclient/mocks/mock_ClientInterface.go:1581.30,1582.16 1 0
github.com/selectel/mks-go/pkg/v2/mksclient/mocks/mock_ClientInterface.go:1582.16,1584.5 1 0
github.com/selectel/mks-go/pkg/v2/mksclient/mocks/mock_ClientInterface.go:1586.3,1586.50 1 0
github.com/selectel/mks-go/pkg/v2/mksclient/mocks/mock_ClientInterface.go:1588.2,1588.11 1 0
github.com/selectel/mks-go/pkg/v2/mksclient/mocks/mock_ClientInterface.go:1591.123,1594.2 2 0
github.com/selectel/mks-go/pkg/v2/mksclient/mocks/mock_ClientInterface.go:1596.179,1599.2 2 0
github.com/selectel/mks-go/pkg/v2/mksclient/mocks/mock_ClientInterface.go:1602.145,1604.29 2 0
github.com/selectel/mks-go/pkg/v2/mksclient/mocks/mock_ClientInterface.go:1604.29,1606.3 1 0
github.com/selectel/mks-go/pkg/v2/mksclient/mocks/mock_ClientInterface.go:1607.2,1612.19 5 0
github.com/selectel/mks-go/pkg/v2/mksclient/mocks/mock_ClientInterface.go:1612.19,1613.68 1 0
github.com/selectel/mks-go/pkg/v2/mksclient/mocks/mock_ClientInterface.go:1616.2,1618.108 3 0
github.com/selectel/mks-go/pkg/v2/mksclient/mocks/mock_ClientInterface.go:1618.108,1620.3 1 0
github.com/selectel/mks-go/pkg/v2/mksclient/mocks/mock_ClientInterface.go:1621.2,1621.99 1 0
github.com/selectel/mks-go/pkg/v2/mksclient/mocks/mock_ClientInterface.go:1621.99,1623.3 1 0
github.com/selectel/mks-go/pkg/v2/mksclient/mocks/mock_ClientInterface.go:1623.8,1624.24 1 0
github.com/selectel/mks-go/pkg/v2/mksclient/mocks/mock_ClientInterface.go:1624.24,1626.4 1 0
github.com/selectel/mks-go/pkg/v2/mksclient/mocks/mock_ClientInterface.go:1629.2,1629.90 1 0
github.com/selectel/mks-go/pkg/v2/mksclient/mocks/mock_ClientInterface.go:1629.90,1631.3 1 0
github.com/selectel/mks-go/pkg/v2/mksclient/mocks/mock_ClientInterface.go:1631.8,1633.3 1 0
github.com/selectel/mks-go/pkg/v2/mksclient/mocks/mock_ClientInterface.go:1635.2,1635.15 1 0
github.com/selectel/mks-go/pkg/v2/mksclient/mocks/mock_ClientInterface.go:1646.165,1649.2 1 0
github.com/selectel/mks-go/pkg/v2/mksclient/mocks/mock_ClientInterface.go:1651.193,1652.40 1 0
github.com/selectel/mks-go/pkg/v2/mksclient/mocks/mock_ClientInterface.go:1652.40,1654.30 2 0
github.com/selectel/mks-go/pkg/v2/mksclient/mocks/mock_ClientInterface.go:1654.30,1655.16 1 0
github.com/selectel/mks-go/pkg/v2/mksclient/mocks/mock_ClientInterface.go:1655.16,1657.5 1 0
github.com/selectel/mks-go/pkg/v2/mksclient/mocks/mock_ClientInterface.go:1659.3,1659.50 1 0
github.com/selectel/mks-go/pkg/v2/mksclient/mocks/mock_ClientInterface.go:1661.2,1661.11 1 0
github.com/selectel/mks-go/pkg/v2/mksclient/mocks/mock_ClientInterface.go:1664.155,1667.2 2 0
github.com/selectel/mks-go/pkg/v2/mksclient/mocks/mock_ClientInterface.go:1669.211,1672.2 2 0
github.com/selectel/mks-go/pkg/v2/mksclient/mocks/mock_ClientInterface.go:1675.133,1677.29 2 0
github.com/selectel/mks-go/pkg/v2/mksclient/mocks/mock_ClientInterface.go:1677.29,1679.3 1 0
github.com/selectel/mks-go/pkg/v2/mksclient/mocks/mock_ClientInterface.go:1680.2,1685.19 5 0
github.com/selectel/mks-go/pkg/v2/mksclient/mocks/mock_ClientInterface.go:1685.19,1686.56 1 0
github.com/selectel/mks-go/pkg/v2/mksclient/mocks/mock_ClientInterface.go:1689.2,1691.108 3 0
github.com/selectel/mks-go/pkg/v2/mksclient/mocks/mock_ClientInterface.go:1691.108,1693.3 1 0
github.com/selectel/mks-go/pkg/v2/mksclient/mocks/mock_ClientInterface.go:1694.2,1694.99 1 0
github.com/selectel/mks-go/pkg/v2/mksclient/mocks/mock_ClientInterface.go:1694.99,1696.3 1 0
github.com/selectel/mks-go/pkg/v2/mksclient/mocks/mock_ClientInterface.go:1696.8,1697.24 1 0
github.com/selectel/mks-go/pkg/v2/mksclient/mocks/mock_ClientInterface.go:1697.24,1699.4 1 0
github.com/selectel/mks-go/pkg/v2/mksclient/mocks/mock_ClientInterface.go:1702.2,1702.90 1 0
github.com/selectel/mks-go/pkg/v2/mksclient/mocks/mock_ClientInterface.go:1702.90,1704.3 1 0
github.com/selectel/mks-go/pkg/v2/mksclient/mocks/mock_ClientInterface.go:1704.8,1706.3 1 0
github.com/selectel/mks-go/pkg/v2/mksclient/mocks/mock_ClientInterface.go:1708.2,1708.15 1 0
github.com/selectel/mks-go/pkg/v2/mksclient/mocks/mock_ClientInterface.go:1719.141,1722.2 1 0
github.com/selectel/mks-go/pkg/v2/mksclient/mocks/mock_ClientInterface.go:1724.169,1725.40 1 0
github.com/selectel/mks-go/pkg/v2/mksclient/mocks/mock_ClientInterface.go:1725.40,1727.30 2 0
github.com/selectel/mks-go/pkg/v2/mksclient/mocks/mock_ClientInterface.go:1727.30,1728.16 1 0
github.com/selectel/mks-go/pkg/v2/mksclient/mocks/mock_ClientInterface.go:1728.16,1730.5 1 0
github.com/selectel/mks-go/pkg/v2/mksclient/mocks/mock_ClientInterface.go:1732.3,1732.50 1 0
github.com/selectel/mks-go/pkg/v2/mksclient/mocks/mock_ClientInterface.go:1734.2,1734.11 1 0
github.com/selectel/mks-go/pkg/v2/mksclient/mocks/mock_ClientInterface.go:1737.131,1740.2 2 0
github.com/selectel/mks-go/pkg/v2/mksclient/mocks/mock_ClientInterface.go:1742.187,1745.2 2 0
github.com/selectel/mks-go/pkg/v2/mksclient/mocks/mock_ClientInterface.go:1748.137,1750.29 2 0
github.com/selectel/mks-go/pkg/v2/mksclient/mocks/mock_ClientInterface.go:1750.29,1752.3 1 0
github.com/selectel/mks-go/pkg/v2/mksclient/mocks/mock_ClientInterface.go:1753.2,1758.19 5 0
github.com/selectel/mks-go/pkg/v2/mksclient/mocks/mock_ClientInterface.go:1758.19,1759.60 1 0
github.com/selectel/mks-go/pkg/v2/mksclient/mocks/mock_ClientInterface.go:1762.2,1764.108 3 0
github.com/selectel/mks-go/pkg/v2/mksclient/mocks/mock_ClientInterface.go:1764.108,1766.3 1 0
github.com/selectel/mks-go/pkg/v2/mksclient/mocks/mock_ClientInterface.go:1767.2,1767.99 1 0
github.com/selectel/mks-go/pkg/v2/mksclient/mocks/mock_ClientInterface.go:1767.99,1769.3 1 0
github.com/selectel/mks-go/pkg/v2/mksclient/mocks/mock_ClientInterface.go:1769.8,1770.24 1 0
github.com/selectel/mks-go/pkg/v2/mksclient/mocks/mock_ClientInterface.go:1770.24,1772.4 1 0
github.com/selectel/mks-go/pkg/v2/mksclient/mocks/mock_ClientInterface.go:1775.2,1775.90 1 0
github.com/selectel/mks-go/pkg/v2/mksclient/mocks/mock_ClientInterface.go:1775.90,1777.3 1 0
github.com/selectel/mks-go/pkg/v2/mksclient/mocks/mock_ClientInterface.go:1777.8,1779.3 1 0
github.com/selectel/mks-go/pkg/v2/mksclient/mocks/mock_ClientInterface.go:1781.2,1781.15 1 0
github.com/selectel/mks-go/pkg/v2/mksclient/mocks/mock_ClientInterface.go:1792.149,1795.2 1 0
github.com/selectel/mks-go/pkg/v2/mksclient/mocks/mock_ClientInterface.go:1797.177,1798.40 1 0
github.com/selectel/mks-go/pkg/v2/mksclient/mocks/mock_ClientInterface.go:1798.40,1800.30 2 0
github.com/selectel/mks-go/pkg/v2/mksclient/mocks/mock_ClientInterface.go:1800.30,1801.16 1 0
github.com/selectel/mks-go/pkg/v2/mksclient/mocks/mock_ClientInterface.go:1801.16,1803.5 1 0
github.com/selectel/mks-go/pkg/v2/mksclient/mocks/mock_ClientInterface.go:1805.3,1805.50 1 0
github.com/selectel/mks-go/pkg/v2/mksclient/mocks/mock_ClientInterface.go:1807.2,1807.11 1 0
github.com/selectel/mks-go/pkg/v2/mksclient/mocks/mock_ClientInterface.go:1810.139,1813.2 2 0
github.com/selectel/mks-go/pkg/v2/mksclient/mocks/mock_ClientInterface.go:1815.195,1818.2 2 0
github.com/selectel/mks-go/pkg/v2/mksclient/mocks/mock_ClientInterface.go:1821.137,1823.29 2 0
github.com/selectel/mks-go/pkg/v2/mksclient/mocks/mock_ClientInterface.go:1823.29,1825.3 1 0
github.com/selectel/mks-go/pkg/v2/mksclient/mocks/mock_ClientInterface.go:1826.2,1831.19 5 0
github.com/selectel/mks-go/pkg/v2/mksclient/mocks/mock_ClientInterface.go:1831.19,1832.60 1 0
github.com/selectel/mks-go/pkg/v2/mksclient/mocks/mock_ClientInterface.go:1835.2,1837.108 3 0
github.com/selectel/mks-go/pkg/v2/mksclient/mocks/mock_ClientInterface.go:1837.108,1839.3 1 0
github.com/selectel/mks-go/pkg/v2/mksclient/mocks/mock_ClientInterface.go:1840.2,1840.99 1 0
github.com/selectel/mks-go/pkg/v2/mksclient/mocks/mock_ClientInterface.go:1840.99,1842.3 1 0
github.com/selectel/mks-go/pkg/v2/mksclient/mocks/mock_ClientInterface.go:1842.8,1843.24 1 0
github.com/selectel/mks-go/pkg/v2/mksclient/mocks/mock_ClientInterface.go:1843.24,1845.4 1 0
github.com/selectel/mks-go/pkg/v2/mksclient/mocks/mock_ClientInterface.go:1848.2,1848.90 1 0
github.com/selectel/mks-go/pkg/v2/mksclient/mocks/mock_ClientInterface.go:1848.90,1850.3 1 0
github.com/selectel/mks-go/pkg/v2/mksclient/mocks/mock_ClientInterface.go:1850.8,1852.3 1 0
github.com/selectel/mks-go/pkg/v2/mksclient/mocks/mock_ClientInterface.go:1854.2,1854.15 1 0
github.com/selectel/mks-go/pkg/v2/mksclient/mocks/mock_ClientInterface.go:1865.149,1868.2 1 0
github.com/selectel/mks-go/pkg/v2/mksclient/mocks/mock_ClientInterface.go:1870.177,1871.40 1 0
github.com/selectel/mks-go/pkg/v2/mksclient/mocks/mock_ClientInterface.go:1871.40,1873.30 2 0
github.com/selectel/mks-go/pkg/v2/mksclient/mocks/mock_ClientInterface.go:1873.30,1874.16 1 0
github.com/selectel/mks-go/pkg/v2/mksclient/mocks/mock_ClientInterface.go:1874.16,1876.5 1 0
github.com/selectel/mks-go/pkg/v2/mksclient/mocks/mock_ClientInterface.go:1878.3,1878.50 1 0
github.com/selectel/mks-go/pkg/v2/mksclient/mocks/mock_ClientInterface.go:1880.2,1880.11 1 0
github.com/selectel/mks-go/pkg/v2/mksclient/mocks/mock_ClientInterface.go:1883.139,1886.2 2 0
github.com/selectel/mks-go/pkg/v2/mksclient/mocks/mock_ClientInterface.go:1888.195,1891.2 2 0
github.com/selectel/mks-go/pkg/v2/mksclient/mocks/mock_ClientInterface.go:1894.166,1896.29 2 0
github.com/selectel/mks-go/pkg/v2/mksclient/mocks/mock_ClientInterface.go:1896.29,1898.3 1 0
github.com/selectel/mks-go/pkg/v2/mksclient/mocks/mock_ClientInterface.go:1899.2,1904.19 5 0
github.com/selectel/mks-go/pkg/v2/mksclient/mocks/mock_ClientInterface.go:1904.19,1905.58 1 0
github.com/selectel/mks-go/pkg/v2/mksclient/mocks/mock_ClientInterface.go:1908.2,1910.129 3 0
github.com/selectel/mks-go/pkg/v2/mksclient/mocks/mock_ClientInterface.go:1910.129,1912.3 1 0
github.com/selectel/mks-go/pkg/v2/mksclient/mocks/mock_ClientInterface.go:1913.2,1913.120 1 0
github.com/selectel/mks-go/pkg/v2/mksclient/mocks/mock_ClientInterface.go:1913.120,1915.3 1 0
github.com/selectel/mks-go/pkg/v2/mksclient/mocks/mock_ClientInterface.go:1915.8,1916.24 1 0
github.com/selectel/mks-go/pkg/v2/mksclient/mocks/mock_ClientInterface.go:1916.24,1918.4 1 0
github.com/selectel/mks-go/pkg/v2/mksclient/mocks/mock_ClientInterface.go:1921.2,1921.111 1 0
github.com/selectel/mks-go/pkg/v2/mksclient/mocks/mock_ClientInterface.go:1921.111,1923.3 1 0
github.com/selectel/mks-go/pkg/v2/mksclient/mocks/mock_ClientInterface.go:1923.8,1925.3 1 0
github.com/selectel/mks-go/pkg/v2/mksclient/mocks/mock_ClientInterface.go:1927.2,1927.15 1 0
github.com/selectel/mks-go/pkg/v2/mksclient/mocks/mock_ClientInterface.go:1939.168,1942.2 1 0
github.com/selectel/mks-go/pkg/v2/mksclient/mocks/mock_ClientInterface.go:1944.204,1945.40 1 0
github.com/selectel/mks-go/pkg/v2/mksclient/mocks/mock_ClientInterface.go:1945.40,1947.30 2 0
github.com/selectel/mks-go/pkg/v2/mksclient/mocks/mock_ClientInterface.go:1947.30,1948.16 1 0
github.com/selectel/mks-go/pkg/v2/mksclient/mocks/mock_ClientInterface.go:1948.16,1950.5 1 0
github.com/selectel/mks-go/pkg/v2/mksclient/mocks/mock_ClientInterface.go:1952.3,1952.81 1 0
github.com/selectel/mks-go/pkg/v2/mksclient/mocks/mock_ClientInterface.go:1954.2,1954.11 1 0
github.com/selectel/mks-go/pkg/v2/mksclient/mocks/mock_ClientInterface.go:1957.135,1960.2 2 0
github.com/selectel/mks-go/pkg/v2/mksclient/mocks/mock_ClientInterface.go:1962.212,1965.2 2 0
github.com/selectel/mks-go/pkg/v2/mksclient/mocks/mock_ClientInterface.go:1968.198,1970.29 2 0
github.com/selectel/mks-go/pkg/v2/mksclient/mocks/mock_ClientInterface.go:1970.29,1972.3 1 0
github.com/selectel/mks-go/pkg/v2/mksclient/mocks/mock_ClientInterface.go:1973.2,1978.19 5 0
github.com/selectel/mks-go/pkg/v2/mksclient/mocks/mock_ClientInterface.go:1978.19,1979.53 1 0
github.com/selectel/mks-go/pkg/v2/mksclient/mocks/mock_ClientInterface.go:1982.2,1984.159 3 0
github.com/selectel/mks-go/pkg/v2/mksclient/mocks/mock_ClientInterface.go:1984.159,1986.3 1 0
github.com/selectel/mks-go/pkg/v2/mksclient/mocks/mock_ClientInterface.go:1987.2,1987.150 1 0
github.com/selectel/mks-go/pkg/v2/mksclient/mocks/mock_ClientInterface.go:1987.150,1989.3 1 0
github.com/selectel/mks-go/pkg/v2/mksclient/mocks/mock_ClientInterface.go:1989.8,1990.24 1 0
github.com/selectel/mks-go/pkg/v2/mksclient/mocks/mock_ClientInterface.go:1990.24,1992.4 1 0
github.com/selectel/mks-go/pkg/v2/mksclient/mocks/mock_ClientInterface.go:1995.2,1995.141 1 0
github.com/selectel/mks-go/pkg/v2/mksclient/mocks/mock_ClientInterface.go:1995.141,1997.3 1 0
github.com/selectel/mks-go/pkg/v2/mksclient/mocks/mock_ClientInterface.go:1997.8,1999.3 1 0
github.com/selectel/mks-go/pkg/v2/mksclient/mocks/mock_ClientInterface.go:2001.2,2001.15 1 0
github.com/selectel/mks-go/pkg/v2/mksclient/mocks/mock_ClientInterface.go:2014.178,2017.2 1 0
github.com/selectel/mks-go/pkg/v2/mksclient/mocks/mock_ClientInterface.go:2019.231,2020.40 1 0
github.com/selectel/mks-go/pkg/v2/mksclient/mocks/mock_ClientInterface.go:2020.40,2022.30 2 0
github.com/selectel/mks-go/pkg/v2/mksclient/mocks/mock_ClientInterface.go:2022.30,2023.16 1 0
github.com/selectel/mks-go/pkg/v2/mksclient/mocks/mock_ClientInterface.go:2023.16,2025.5 1 0
github.com/selectel/mks-go/pkg/v2/mksclient/mocks/mock_ClientInterface.go:2027.3,2027.121 1 0
github.com/selectel/mks-go/pkg/v2/mksclient/mocks/mock_ClientInterface.go:2029.2,2029.11 1 0
github.com/selectel/mks-go/pkg/v2/mksclient/mocks/mock_ClientInterface.go:2032.125,2035.2 2 0
github.com/selectel/mks-go/pkg/v2/mksclient/mocks/mock_ClientInterface.go:2037.232,2040.2 2 0
github.com/selectel/mks-go/pkg/v2/mksclient/mocks/mock_ClientInterface.go:2043.225,2045.29 2 0
github.com/selectel/mks-go/pkg/v2/mksclient/mocks/mock_ClientInterface.go:2045.29,2047.3 1 0
github.com/selectel/mks-go/pkg/v2/mksclient/mocks/mock_ClientInterface.go:2048.2,2053.19 5 0
github.com/selectel/mks-go/pkg/v2/mksclient/mocks/mock_ClientInterface.go:2053.19,2054.57 1 0
github.com/selectel/mks-go/pkg/v2/mksclient/mocks/mock_ClientInterface.go:2057.2,2059.170 3 0
github.com/selectel/mks-go/pkg/v2/mksclient/mocks/mock_ClientInterface.go:2059.170,2061.3 1 0
github.com/selectel/mks-go/pkg/v2/mksclient/mocks/mock_ClientInterface.go:2062.2,2062.161 1 0
github.com/selectel/mks-go/pkg/v2/mksclient/mocks/mock_ClientInterface.go:2062.161,2064.3 1 0
github.com/selectel/mks-go/pkg/v2/mksclient/mocks/mock_ClientInterface.go:2064.8,2065.24 1 0
github.com/selectel/mks-go/pkg/v2/mksclient/mocks/mock_ClientInterface.go:2065.24,2067.4 1 0
github.com/selectel/mks-go/pkg/v2/mksclient/mocks/mock_ClientInterface.go:2070.2,2070.152 1 0
github.com/selectel/mks-go/pkg/v2/mksclient/mocks/mock_ClientInterface.go:2070.152,2072.3 1 0
github.com/selectel/mks-go/pkg/v2/mksclient/mocks/mock_ClientInterface.go:2072.8,2074.3 1 0
github.com/selectel/mks-go/pkg/v2/mksclient/mocks/mock_ClientInterface.go:2076.2,2076.15 1 0
github.com/selectel/mks-go/pkg/v2/mksclient/mocks/mock_ClientInterface.go:2090.211,2093.2 1 0
github.com/selectel/mks-go/pkg/v2/mksclient/mocks/mock_ClientInterface.go:2095.262,2096.40 1 0
github.com/selectel/mks-go/pkg/v2/mksclient/mocks/mock_ClientInterface.go:2096.40,2098.30 2 0
github.com/selectel/mks-go/pkg/v2/mksclient/mocks/mock_ClientInterface.go:2098.30,2099.16 1 0
github.com/selectel/mks-go/pkg/v2/mksclient/mocks/mock_ClientInterface.go:2099.16,2101.5 1 0
github.com/selectel/mks-go/pkg/v2/mksclient/mocks/mock_ClientInterface.go:2103.3,2103.142 1 0
github.com/selectel/mks-go/pkg/v2/mksclient/mocks/mock_ClientInterface.go:2105.2,2105.11 1 0
github.com/selectel/mks-go/pkg/v2/mksclient/mocks/mock_ClientInterface.go:2108.133,2111.2 2 0
github.com/selectel/mks-go/pkg/v2/mksclient/mocks/mock_ClientInterface.go:2113.251,2116.2 2 0
github.com/selectel/mks-go/pkg/v2/mksclient/mocks/mock_ClientInterface.go:2119.251,2121.29 2 0
github.com/selectel/mks-go/pkg/v2/mksclient/mocks/mock_ClientInterface.go:2121.29,2123.3 1 0
github.com/selectel/mks-go/pkg/v2/mksclient/mocks/mock_ClientInterface.go:2124.2,2129.19 5 0
github.com/selectel/mks-go/pkg/v2/mksclient/mocks/mock_ClientInterface.go:2129.19,2130.59 1 0
github.com/selectel/mks-go/pkg/v2/mksclient/mocks/mock_ClientInterface.go:2133.2,2135.196 3 0
github.com/selectel/mks-go/pkg/v2/mksclient/mocks/mock_ClientInterface.go:2135.196,2137.3 1 0
github.com/selectel/mks-go/pkg/v2/mksclient/mocks/mock_ClientInterface.go:2138.2,2138.187 1 0
github.com/selectel/mks-go/pkg/v2/mksclient/mocks/mock_ClientInterface.go:2138.187,2140.3 1 0
github.com/selectel/mks-go/pkg/v2/mksclient/mocks/mock_ClientInterface.go:2140.8,2141.24 1 0
github.com/selectel/mks-go/pkg/v2/mksclient/mocks/mock_ClientInterface.go:2141.24,2143.4 1 0
github.com/selectel/mks-go/pkg/v2/mksclient/mocks/mock_ClientInterface.go:2146.2,2146.178 1 0
github.com/selectel/mks-go/pkg/v2/mksclient/mocks/mock_ClientInterface.go:2146.178,2148.3 1 0
github.com/selectel/mks-go/pkg/v2/mksclient/mocks/mock_ClientInterface.go:2148.8,2150.3 1 0
github.com/selectel/mks-go/pkg/v2/mksclient/mocks/mock_ClientInterface.go:2152.2,2152.15 1 0
github.com/selectel/mks-go/pkg/v2/mksclient/mocks/mock_ClientInterface.go:2166.213,2169.2 1 0
github.com/selectel/mks-go/pkg/v2/mksclient/mocks/mock_ClientInterface.go:2171.290,2172.40 1 0
github.com/selectel/mks-go/pkg/v2/mksclient/mocks/mock_ClientInterface.go:2172.40,2174.30 2 0
github.com/selectel/mks-go/pkg/v2/mksclient/mocks/mock_ClientInterface.go:2174.30,2175.16 1 0
github.com/selectel/mks-go/pkg/v2/mksclient/mocks/mock_ClientInterface.go:2175.16,2177.5 1 0
github.com/selectel/mks-go/pkg/v2/mksclient/mocks/mock_ClientInterface.go:2179.3,2179.168 1 0
github.com/selectel/mks-go/pkg/v2/mksclient/mocks/mock_ClientInterface.go:2181.2,2181.11 1 0
github.com/selectel/mks-go/pkg/v2/mksclient/mocks/mock_ClientInterface.go:2184.137,2187.2 2 0
github.com/selectel/mks-go/pkg/v2/mksclient/mocks/mock_ClientInterface.go:2189.281,2192.2 2 0
github.com/selectel/mks-go/pkg/v2/mksclient/mocks/mock_ClientInterface.go:2195.246,2197.29 2 0
github.com/selectel/mks-go/pkg/v2/mksclient/mocks/mock_ClientInterface.go:2197.29,2199.3 1 0
github.com/selectel/mks-go/pkg/v2/mksclient/mocks/mock_ClientInterface.go:2200.2,2205.19 5 0
github.com/selectel/mks-go/pkg/v2/mksclient/mocks/mock_ClientInterface.go:2205.19,2206.67 1 0
github.com/selectel/mks-go/pkg/v2/mksclient/mocks/mock_ClientInterface.go:2209.2,2211.171 3 0
github.com/selectel/mks-go/pkg/v2/mksclient/mocks/mock_ClientInterface.go:2211.171,2213.3 1 0
github.com/selectel/mks-go/pkg/v2/mksclient/mocks/mock_ClientInterface.go:2214.2,2214.162 1 0
github.com/selectel/mks-go/pkg/v2/mksclient/mocks/mock_ClientInterface.go:2214.162,2216.3 1 0
github.com/selectel/mks-go/pkg/v2/mksclient/mocks/mock_ClientInterface.go:2216.8,2217.24 1 0
github.com/selectel/mks-go/pkg/v2/mksclient/mocks/mock_ClientInterface.go:2217.24,2219.4 1 0
github.com/selectel/mks-go/pkg/v2/mksclient/mocks/mock_ClientInterface.go:2222.2,2222.153 1 0
github.com/selectel/mks-go/pkg/v2/mksclient/mocks/mock_ClientInterface.go:2222.153,2224.3 1 0
github.com/selectel/mks-go/pkg/v2/mksclient/mocks/mock_ClientInterface.go:2224.8,2226.3 1 0
github.com/selectel/mks-go/pkg/v2/mksclient/mocks/mock_ClientInterface.go:2228.2,2228.15 1 0
github.com/selectel/mks-go/pkg/v2/mksclient/mocks/mock_ClientInterface.go:2243.254,2246.2 1 0
github.com/selectel/mks-go/pkg/v2/mksclient/mocks/mock_ClientInterface.go:2248.293,2249.40 1 0
github.com/selectel/mks-go/pkg/v2/mksclient/mocks/mock_ClientInterface.go:2249.40,2251.30 2 0
github.com/selectel/mks-go/pkg/v2/mksclient/mocks/mock_ClientInterface.go:2251.30,2252.16 1 0
github.com/selectel/mks-go/pkg/v2/mksclient/mocks/mock_ClientInterface.go:2252.16,2254.5 1 0
github.com/selectel/mks-go/pkg/v2/mksclient/mocks/mock_ClientInterface.go:2256.3,2256.153 1 0
github.com/selectel/mks-go/pkg/v2/mksclient/mocks/mock_ClientInterface.go:2258.2,2258.11 1 0
github.com/selectel/mks-go/pkg/v2/mksclient/mocks/mock_ClientInterface.go:2261.153,2264.2 2 0
github.com/selectel/mks-go/pkg/v2/mksclient/mocks/mock_ClientInterface.go:2266.272,2269.2 2 0
github.com/selectel/mks-go/pkg/v2/mksclient/mocks/mock_ClientInterface.go:2272.170,2274.29 2 0
github.com/selectel/mks-go/pkg/v2/mksclient/mocks/mock_ClientInterface.go:2274.29,2276.3 1 0
github.com/selectel/mks-go/pkg/v2/mksclient/mocks/mock_ClientInterface.go:2277.2,2282.19 5 0
github.com/selectel/mks-go/pkg/v2/mksclient/mocks/mock_ClientInterface.go:2282.19,2283.62 1 0
github.com/selectel/mks-go/pkg/v2/mksclient/mocks/mock_ClientInterface.go:2286.2,2288.129 3 0
github.com/selectel/mks-go/pkg/v2/mksclient/mocks/mock_ClientInterface.go:2288.129,2290.3 1 0
github.com/selectel/mks-go/pkg/v2/mksclient/mocks/mock_ClientInterface.go:2291.2,2291.120 1 0
github.com/selectel/mks-go/pkg/v2/mksclient/mocks/mock_ClientInterface.go:2291.120,2293.3 1 0
github.com/selectel/mks-go/pkg/v2/mksclient/mocks/mock_ClientInterface.go:2293.8,2294.24 1 0
github.com/selectel/mks-go/pkg/v2/mksclient/mocks/mock_ClientInterface.go:2294.24,2296.4 1 0
github.com/selectel/mks-go/pkg/v2/mksclient/mocks/mock_ClientInterface.go:2299.2,2299.111 1 0
github.com/selectel/mks-go/pkg/v2/mksclient/mocks/mock_ClientInterface.go:2299.111,2301.3 1 0
github.com/selectel/mks-go/pkg/v2/mksclient/mocks/mock_ClientInterface.go:2301.8,2303.3 1 0
github.com/selectel/mks-go/pkg/v2/mksclient/mocks/mock_ClientInterface.go:2305.2,2305.15 1 0
github.com/selectel/mks-go/pkg/v2/mksclient/mocks/mock_ClientInterface.go:2317.176,2320.2 1 0
github.com/selectel/mks-go/pkg/v2/mksclient/mocks/mock_ClientInterface.go:2322.212,2323.40 1 0
github.com/selectel/mks-go/pkg/v2/mksclient/mocks/mock_ClientInterface.go:2323.40,2325.30 2 0
github.com/selectel/mks-go/pkg/v2/mksclient/mocks/mock_ClientInterface.go:2325.30,2326.16 1 0
github.com/selectel/mks-go/pkg/v2/mksclient/mocks/mock_ClientInterface.go:2326.16,2328.5 1 0
github.com/selectel/mks-go/pkg/v2/mksclient/mocks/mock_ClientInterface.go:2330.3,2330.81 1 0
github.com/selectel/mks-go/pkg/v2/mksclient/mocks/mock_ClientInterface.go:2332.2,2332.11 1 0
github.com/selectel/mks-go/pkg/v2/mksclient/mocks/mock_ClientInterface.go:2335.143,2338.2 2 0
github.com/selectel/mks-go/pkg/v2/mksclient/mocks/mock_ClientInterface.go:2340.220,2343.2 2 0
github.com/selectel/mks-go/pkg/v2/mksclient/mocks/mock_ClientInterface.go:2346.212,2348.29 2 0
github.com/selectel/mks-go/pkg/v2/mksclient/mocks/mock_ClientInterface.go:2348.29,2350.3 1 0
github.com/selectel/mks-go/pkg/v2/mksclient/mocks/mock_ClientInterface.go:2351.2,2356.19 5 0
github.com/selectel/mks-go/pkg/v2/mksclient/mocks/mock_ClientInterface.go:2356.19,2357.57 1 0
github.com/selectel/mks-go/pkg/v2/mksclient/mocks/mock_ClientInterface.go:2360.2,2362.171 3 0
github.com/selectel/mks-go/pkg/v2/mksclient/mocks/mock_ClientInterface.go:2362.171,2364.3 1 0
github.com/selectel/mks-go/pkg/v2/mksclient/mocks/mock_ClientInterface.go:2365.2,2365.162 1 0
github.com/selectel/mks-go/pkg/v2/mksclient/mocks/mock_ClientInterface.go:2365.162,2367.3 1 0
github.com/selectel/mks-go/pkg/v2/mksclient/mocks/mock_ClientInterface.go:2367.8,2368.24 1 0
github.com/selectel/mks-go/pkg/v2/mksclient/mocks/mock_ClientInterface.go:2368.24,2370.4 1 0
github.com/selectel/mks-go/pkg/v2/mksclient/mocks/mock_ClientInterface.go:2373.2,2373.153 1 0
github.com/selectel/mks-go/pkg/v2/mksclient/mocks/mock_ClientInterface.go:2373.153,2375.3 1 0
github.com/selectel/mks-go/pkg/v2/mksclient/mocks/mock_ClientInterface.go:2375.8,2377.3 1 0
github.com/selectel/mks-go/pkg/v2/mksclient/mocks/mock_ClientInterface.go:2379.2,2379.15 1 0
github.com/selectel/mks-go/pkg/v2/mksclient/mocks/mock_ClientInterface.go:2392.184,2395.2 1 0
github.com/selectel/mks-go/pkg/v2/mksclient/mocks/mock_ClientInterface.go:2397.249,2398.40 1 0
github.com/selectel/mks-go/pkg/v2/mksclient/mocks/mock_ClientInterface.go:2398.40,2400.30 2 0
github.com/selectel/mks-go/pkg/v2/mksclient/mocks/mock_ClientInterface.go:2400.30,2401.16 1 0
github.com/selectel/mks-go/pkg/v2/mksclient/mocks/mock_ClientInterface.go:2401.16,2403.5 1 0
github.com/selectel/mks-go/pkg/v2/mksclient/mocks/mock_ClientInterface.go:2405.3,2405.133 1 0
github.com/selectel/mks-go/pkg/v2/mksclient/mocks/mock_ClientInterface.go:2407.2,2407.11 1 0
github.com/selectel/mks-go/pkg/v2/mksclient/mocks/mock_ClientInterface.go:2410.133,2413.2 2 0
github.com/selectel/mks-go/pkg/v2/mksclient/mocks/mock_ClientInterface.go:2415.252,2418.2 2 0
github.com/selectel/mks-go/pkg/v2/mksclient/mocks/mock_ClientInterface.go:2421.209,2423.29 2 0
github.com/selectel/mks-go/pkg/v2/mksclient/mocks/mock_ClientInterface.go:2423.29,2425.3 1 0
github.com/selectel/mks-go/pkg/v2/mksclient/mocks/mock_ClientInterface.go:2426.2,2431.19 5 0
github.com/selectel/mks-go/pkg/v2/mksclient/mocks/mock_ClientInterface.go:2431.19,2432.65 1 0
github.com/selectel/mks-go/pkg/v2/mksclient/mocks/mock_ClientInterface.go:2435.2,2437.148 3 0
github.com/selectel/mks-go/pkg/v2/mksclient/mocks/mock_ClientInterface.go:2437.148,2439.3 1 0
github.com/selectel/mks-go/pkg/v2/mksclient/mocks/mock_ClientInterface.go:2440.2,2440.139 1 0
github.com/selectel/mks-go/pkg/v2/mksclient/mocks/mock_ClientInterface.go:2440.139,2442.3 1 0
github.com/selectel/mks-go/pkg/v2/mksclient/mocks/mock_ClientInterface.go:2442.8,2443.24 1 0
github.com/selectel/mks-go/pkg/v2/mksclient/mocks/mock_ClientInterface.go:2443.24,2445.4 1 0
github.com/selectel/mks-go/pkg/v2/mksclient/mocks/mock_ClientInterface.go:2448.2,2448.130 1 0
github.com/selectel/mks-go/pkg/v2/mksclient/mocks/mock_ClientInterface.go:2448.130,2450.3 1 0
github.com/selectel/mks-go/pkg/v2/mksclient/mocks/mock_ClientInterface.go:2450.8,2452.3 1 0
github.com/selectel/mks-go/pkg/v2/mksclient/mocks/mock_ClientInterface.go:2454.2,2454.15 1 0
github.com/selectel/mks-go/pkg/v2/mksclient/mocks/mock_ClientInterface.go:2468.225,2471.2 1 0
github.com/selectel/mks-go/pkg/v2/mksclient/mocks/mock_ClientInterface.go:2473.254,2474.40 1 0
github.com/selectel/mks-go/pkg/v2/mksclient/mocks/mock_ClientInterface.go:2474.40,2476.30 2 0
github.com/selectel/mks-go/pkg/v2/mksclient/mocks/mock_ClientInterface.go:2476.30,2477.16 1 0
github.com/selectel/mks-go/pkg/v2/mksclient/mocks/mock_ClientInterface.go:2477.16,2479.5 1 0
github.com/selectel/mks-go/pkg/v2/mksclient/mocks/mock_ClientInterface.go:2481.3,2481.120 1 0
github.com/selectel/mks-go/pkg/v2/mksclient/mocks/mock_ClientInterface.go:2483.2,2483.11 1 0
github.com/selectel/mks-go/pkg/v2/mksclient/mocks/mock_ClientInterface.go:2486.149,2489.2 2 0
github.com/selectel/mks-go/pkg/v2/mksclient/mocks/mock_ClientInterface.go:2491.245,2494.2 2 0
github.com/selectel/mks-go/pkg/v2/mksclient/mocks/mock_ClientInterface.go:2497.251,2499.29 2 0
github.com/selectel/mks-go/pkg/v2/mksclient/mocks/mock_ClientInterface.go:2499.29,2501.3 1 0
github.com/selectel/mks-go/pkg/v2/mksclient/mocks/mock_ClientInterface.go:2502.2,2507.19 5 0
github.com/selectel/mks-go/pkg/v2/mksclient/mocks/mock_ClientInterface.go:2507.19,2508.59 1 0
github.com/selectel/mks-go/pkg/v2/mksclient/mocks/mock_ClientInterface.go:2511.2,2513.196 3 0
github.com/selectel/mks-go/pkg/v2/mksclient/mocks/mock_ClientInterface.go:2513.196,2515.3 1 0
github.com/selectel/mks-go/pkg/v2/mksclient/mocks/mock_ClientInterface.go:2516.2,2516.187 1 0
github.com/selectel/mks-go/pkg/v2/mksclient/mocks/mock_ClientInterface.go:2516.187,2518.3 1 0
github.com/selectel/mks-go/pkg/v2/mksclient/mocks/mock_ClientInterface.go:2518.8,2519.24 1 0
github.com/selectel/mks-go/pkg/v2/mksclient/mocks/mock_ClientInterface.go:2519.24,2521.4 1 0
github.com/selectel/mks-go/pkg/v2/mksclient/mocks/mock_ClientInterface.go:2524.2,2524.178 1 0
github.com/selectel/mks-go/pkg/v2/mksclient/mocks/mock_ClientInterface.go:2524.178,2526.3 1 0
github.com/selectel/mks-go/pkg/v2/mksclient/mocks/mock_ClientInterface.go:2526.8,2528.3 1 0
github.com/selectel/mks-go/pkg/v2/mksclient/mocks/mock_ClientInterface.go:2530.2,2530.15 1 0
github.com/selectel/mks-go/pkg/v2/mksclient/mocks/mock_ClientInterface.go:2544.213,2547.2 1 0
github.com/selectel/mks-go/pkg/v2/mksclient/mocks/mock_ClientInterface.go:2549.290,2550.40 1 0
github.com/selectel/mks-go/pkg/v2/mksclient/mocks/mock_ClientInterface.go:2550.40,2552.30 2 0
github.com/selectel/mks-go/pkg/v2/mksclient/mocks/mock_ClientInterface.go:2552.30,2553.16 1 0
github.com/selectel/mks-go/pkg/v2/mksclient/mocks/mock_ClientInterface.go:2553.16,2555.5 1 0
github.com/selectel/mks-go/pkg/v2/mksclient/mocks/mock_ClientInterface.go:2557.3,2557.168 1 0
github.com/selectel/mks-go/pkg/v2/mksclient/mocks/mock_ClientInterface.go:2559.2,2559.11 1 0
github.com/selectel/mks-go/pkg/v2/mksclient/mocks/mock_ClientInterface.go:2562.137,2565.2 2 0
github.com/selectel/mks-go/pkg/v2/mksclient/mocks/mock_ClientInterface.go:2567.281,2570.2 2 0
github.com/selectel/mks-go/pkg/v2/mksclient/mocks/mock_ClientInterface.go:2573.246,2575.29 2 0
github.com/selectel/mks-go/pkg/v2/mksclient/mocks/mock_ClientInterface.go:2575.29,2577.3 1 0
github.com/selectel/mks-go/pkg/v2/mksclient/mocks/mock_ClientInterface.go:2578.2,2583.19 5 0
github.com/selectel/mks-go/pkg/v2/mksclient/mocks/mock_ClientInterface.go:2583.19,2584.67 1 0
github.com/selectel/mks-go/pkg/v2/mksclient/mocks/mock_ClientInterface.go:2587.2,2589.171 3 0
github.com/selectel/mks-go/pkg/v2/mksclient/mocks/mock_ClientInterface.go:2589.171,2591.3 1 0
github.com/selectel/mks-go/pkg/v2/mksclient/mocks/mock_ClientInterface.go:2592.2,2592.162 1 0
github.com/selectel/mks-go/pkg/v2/mksclient/mocks/mock_ClientInterface.go:2592.162,2594.3 1 0
github.com/selectel/mks-go/pkg/v2/mksclient/mocks/mock_ClientInterface.go:2594.8,2595.24 1 0
github.com/selectel/mks-go/pkg/v2/mksclient/mocks/mock_ClientInterface.go:2595.24,2597.4 1 0
github.com/selectel/mks-go/pkg/v2/mksclient/mocks/mock_ClientInterface.go:2600.2,2600.153 1 0
github.com/selectel/mks-go/pkg/v2/mksclient/mocks/mock_ClientInterface.go:2600.153,2602.3 1 0
github.com/selectel/mks-go/pkg/v2/mksclient/mocks/mock_ClientInterface.go:2602.8,2604.3 1 0
github.com/selectel/mks-go/pkg/v2/mksclient/mocks/mock_ClientInterface.go:2606.2,2606.15 1 0
github.com/selectel/mks-go/pkg/v2/mksclient/mocks/mock_ClientInterface.go:2621.254,2624.2 1 0
github.com/selectel/mks-go/pkg/v2/mksclient/mocks/mock_ClientInterface.go:2626.293,2627.40 1 0
github.com/selectel/mks-go/pkg/v2/mksclient/mocks/mock_ClientInterface.go:2627.40,2629.30 2 0
github.com/selectel/mks-go/pkg/v2/mksclient/mocks/mock_ClientInterface.go:2629.30,2630.16 1 0
github.com/selectel/mks-go/pkg/v2/mksclient/mocks/mock_ClientInterface.go:2630.16,2632.5 1 0
github.com/selectel/mks-go/pkg/v2/mksclient/mocks/mock_ClientInterface.go:2634.3,2634.153 1 0
github.com/selectel/mks-go/pkg/v2/mksclient/mocks/mock_ClientInterface.go:2636.2,2636.11 1 0
github.com/selectel/mks-go/pkg/v2/mksclient/mocks/mock_ClientInterface.go:2639.153,2642.2 2 0
github.com/selectel/mks-go/pkg/v2/mksclient/mocks/mock_ClientInterface.go:2644.272,2647.2 2 0
github.com/selectel/mks-go/pkg/v2/mksclient/mocks/mock_ClientInterface.go:2650.218,2652.29 2 0
github.com/selectel/mks-go/pkg/v2/mksclient/mocks/mock_ClientInterface.go:2652.29,2654.3 1 0
github.com/selectel/mks-go/pkg/v2/mksclient/mocks/mock_ClientInterface.go:2655.2,2660.19 5 0
github.com/selectel/mks-go/pkg/v2/mksclient/mocks/mock_ClientInterface.go:2660.19,2661.60 1 0
github.com/selectel/mks-go/pkg/v2/mksclient/mocks/mock_ClientInterface.go:2664.2,2666.174 3 0
github.com/selectel/mks-go/pkg/v2/mksclient/mocks/mock_ClientInterface.go:2666.174,2668.3 1 0
github.com/selectel/mks-go/pkg/v2/mksclient/mocks/mock_ClientInterface.go:2669.2,2669.165 1 0
github.com/selectel/mks-go/pkg/v2/mksclient/mocks/mock_ClientInterface.go:2669.165,2671.3 1 0
github.com/selectel/mks-go/pkg/v2/mksclient/mocks/mock_ClientInterface.go:2671.8,2672.24 1 0
github.com/selectel/mks-go/pkg/v2/mksclient/mocks/mock_ClientInterface.go:2672.24,2674.4 1 0
github.com/selectel/mks-go/pkg/v2/mksclient/mocks/mock_ClientInterface.go:2677.2,2677.156 1 0
github.com/selectel/mks-go/pkg/v2/mksclient/mocks/mock_ClientInterface.go:2677.156,2679.3 1 0
github.com/selectel/mks-go/pkg/v2/mksclient/mocks/mock_ClientInterface.go:2679.8,2681.3 1 0
github.com/selectel/mks-go/pkg/v2/mksclient/mocks/mock_ClientInterface.go:2683.2,2683.15 1 0
github.com/selectel/mks-go/pkg/v2/mksclient/mocks/mock_ClientInterface.go:2696.190,2699.2 1 0
github.com/selectel/mks-go/pkg/v2/mksclient/mocks/mock_ClientInterface.go:2701.258,2702.40 1 0
github.com/selectel/mks-go/pkg/v2/mksclient/mocks/mock_ClientInterface.go:2702.40,2704.30 2 0
github.com/selectel/mks-go/pkg/v2/mksclient/mocks/mock_ClientInterface.go:2704.30,2705.16 1 0
github.com/selectel/mks-go/pkg/v2/mksclient/mocks/mock_ClientInterface.go:2705.16,2707.5 1 0
github.com/selectel/mks-go/pkg/v2/mksclient/mocks/mock_ClientInterface.go:2709.3,2709.136 1 0
github.com/selectel/mks-go/pkg/v2/mksclient/mocks/mock_ClientInterface.go:2711.2,2711.11 1 0
github.com/selectel/mks-go/pkg/v2/mksclient/mocks/mock_ClientInterface.go:2714.139,2717.2 2 0
github.com/selectel/mks-go/pkg/v2/mksclient/mocks/mock_ClientInterface.go:2719.261,2722.2 2 0
github.com/selectel/mks-go/pkg/v2/mksclient/mocks/mock_ClientInterface.go:2725.212,2727.29 2 0
github.com/selectel/mks-go/pkg/v2/mksclient/mocks/mock_ClientInterface.go:2727.29,2729.3 1 0
github.com/selectel/mks-go/pkg/v2/mksclient/mocks/mock_ClientInterface.go:2730.2,2735.19 5 0
github.com/selectel/mks-go/pkg/v2/mksclient/mocks/mock_ClientInterface.go:2735.19,2736.68 1 0
github.com/selectel/mks-go/pkg/v2/mksclient/mocks/mock_ClientInterface.go:2739.2,2741.148 3 0
github.com/selectel/mks-go/pkg/v2/mksclient/mocks/mock_ClientInterface.go:2741.148,2743.3 1 0
github.com/selectel/mks-go/pkg/v2/mksclient/mocks/mock_ClientInterface.go:2744.2,2744.139 1 0
github.com/selectel/mks-go/pkg/v2/mksclient/mocks/mock_ClientInterface.go:2744.139,2746.3 1 0
github.com/selectel/mks-go/pkg/v2/mksclient/mocks/mock_ClientInterface.go:2746.8,2747.24 1 0
github.com/selectel/mks-go/pkg/v2/mksclient/mocks/mock_ClientInterface.go:2747.24,2749.4 1 0
github.com/selectel/mks-go/pkg/v2/mksclient/mocks/mock_ClientInterface.go:2752.2,2752.130 1 0
github.com/selectel/mks-go/pkg/v2/mksclient/mocks/mock_ClientInterface.go:2752.130,2754.3 1 0
github.com/selectel/mks-go/pkg/v2/mksclient/mocks/mock_ClientInterface.go:2754.8,2756.3 1 0
github.com/selectel/mks-go/pkg/v2/mksclient/mocks/mock_ClientInterface.go:2758.2,2758.15 1 0
github.com/selectel/mks-go/pkg/v2/mksclient/mocks/mock_ClientInterface.go:2772.231,2775.2 1 0
github.com/selectel/mks-go/pkg/v2/mksclient/mocks/mock_ClientInterface.go:2777.260,2778.40 1 0
github.com/selectel/mks-go/pkg/v2/mksclient/mocks/mock_ClientInterface.go:2778.40,2780.30 2 0
github.com/selectel/mks-go/pkg/v2/mksclient/mocks/mock_ClientInterface.go:2780.30,2781.16 1 0
github.com/selectel/mks-go/pkg/v2/mksclient/mocks/mock_ClientInterface.go:2781.16,2783.5 1 0
github.com/selectel/mks-go/pkg/v2/mksclient/mocks/mock_ClientInterface.go:2785.3,2785.120 1 0
github.com/selectel/mks-go/pkg/v2/mksclient/mocks/mock_ClientInterface.go:2787.2,2787.11 1 0
github.com/selectel/mks-go/pkg/v2/mksclient/mocks/mock_ClientInterface.go:2790.155,2793.2 2 0
github.com/selectel/mks-go/pkg/v2/mksclient/mocks/mock_ClientInterface.go:2795.251,2798.2 2 0
github.com/selectel/mks-go/pkg/v2/mksclient/mocks/mock_ClientInterface.go:2801.171,2803.29 2 0
github.com/selectel/mks-go/pkg/v2/mksclient/mocks/mock_ClientInterface.go:2803.29,2805.3 1 0
github.com/selectel/mks-go/pkg/v2/mksclient/mocks/mock_ClientInterface.go:2806.2,2811.19 5 0
github.com/selectel/mks-go/pkg/v2/mksclient/mocks/mock_ClientInterface.go:2811.19,2812.63 1 0
github.com/selectel/mks-go/pkg/v2/mksclient/mocks/mock_ClientInterface.go:2815.2,2817.129 3 0
github.com/selectel/mks-go/pkg/v2/mksclient/mocks/mock_ClientInterface.go:2817.129,2819.3 1 0
github.com/selectel/mks-go/pkg/v2/mksclient/mocks/mock_ClientInterface.go:2820.2,2820.120 1 0
github.com/selectel/mks-go/pkg/v2/mksclient/mocks/mock_ClientInterface.go:2820.120,2822.3 1 0
github.com/selectel/mks-go/pkg/v2/mksclient/mocks/mock_ClientInterface.go:2822.8,2823.24 1 0
github.com/selectel/mks-go/pkg/v2/mksclient/mocks/mock_ClientInterface.go:2823.24,2825.4 1 0
github.com/selectel/mks-go/pkg/v2/mksclient/mocks/mock_ClientInterface.go:2828.2,2828.111 1 0
github.com/selectel/mks-go/pkg/v2/mksclient/mocks/mock_ClientInterface.go:2828.111,2830.3 1 0
github.com/selectel/mks-go/pkg/v2/mksclient/mocks/mock_ClientInterface.go:2830.8,2832.3 1 0
github.com/selectel/mks-go/pkg/v2/mksclient/mocks/mock_ClientInterface.go:2834.2,2834.15 1 0
github.com/selectel/mks-go/pkg/v2/mksclient/mocks/mock_ClientInterface.go:2846.178,2849.2 1 0
github.com/selectel/mks-go/pkg/v2/mksclient/mocks/mock_ClientInterface.go:2851.214,2852.40 1 0
github.com/selectel/mks-go/pkg/v2/mksclient/mocks/mock_ClientInterface.go:2852.40,2854.30 2 0
github.com/selectel/mks-go/pkg/v2/mksclient/mocks/mock_ClientInterface.go:2854.30,2855.16 1 0
github.com/selectel/mks-go/pkg/v2/mksclient/mocks/mock_ClientInterface.go:2855.16,2857.5 1 0
github.com/selectel/mks-go/pkg/v2/mksclient/mocks/mock_ClientInterface.go:2859.3,2859.81 1 0
github.com/selectel/mks-go/pkg/v2/mksclient/mocks/mock_ClientInterface.go:2861.2,2861.11 1 0
github.com/selectel/mks-go/pkg/v2/mksclient/mocks/mock_ClientInterface.go:2864.145,2867.2 2 0
github.com/selectel/mks-go/pkg/v2/mksclient/mocks/mock_ClientInterface.go:2869.222,2872.2 2 0
github.com/selectel/mks-go/pkg/v2/mksclient/mocks/mock_ClientInterface.go:2875.171,2877.29 2 0
github.com/selectel/mks-go/pkg/v2/mksclient/mocks/mock_ClientInterface.go:2877.29,2879.3 1 0
github.com/selectel/mks-go/pkg/v2/mksclient/mocks/mock_ClientInterface.go:2880.2,2885.19 5 0
github.com/selectel/mks-go/pkg/v2/mksclient/mocks/mock_ClientInterface.go:2885.19,2886.63 1 0
github.com/selectel/mks-go/pkg/v2/mksclient/mocks/mock_ClientInterface.go:2889.2,2891.129 3 0
github.com/selectel/mks-go/pkg/v2/mksclient/mocks/mock_ClientInterface.go:2891.129,2893.3 1 0
github.com/selectel/mks-go/pkg/v2/mksclient/mocks/mock_ClientInterface.go:2894.2,2894.120 1 0
github.com/selectel/mks-go/pkg/v2/mksclient/mocks/mock_ClientInterface.go:2894.120,2896.3 1 0
github.com/selectel/mks-go/pkg/v2/mksclient/mocks/mock_ClientInterface.go:2896.8,2897.24 1 0
github.com/selectel/mks-go/pkg/v2/mksclient/mocks/mock_ClientInterface.go:2897.24,2899.4 1 0
github.com/selectel/mks-go/pkg/v2/mksclient/mocks/mock_ClientInterface.go:2902.2,2902.111 1 0
github.com/selectel/mks-go/pkg/v2/mksclient/mocks/mock_ClientInterface.go:2902.111,2904.3 1 0
github.com/selectel/mks-go/pkg/v2/mksclient/mocks/mock_ClientInterface.go:2904.8,2906.3 1 0
github.com/selectel/mks-go/pkg/v2/mksclient/mocks/mock_ClientInterface.go:2908.2,2908.15 1 0
github.com/selectel/mks-go/pkg/v2/mksclient/mocks/mock_ClientInterface.go:2920.178,2923.2 1 0
github.com/selectel/mks-go/pkg/v2/mksclient/mocks/mock_ClientInterface.go:2925.214,2926.40 1 0
github.com/selectel/mks-go/pkg/v2/mksclient/mocks/mock_ClientInterface.go:2926.40,2928.30 2 0
github.com/selectel/mks-go/pkg/v2/mksclient/mocks/mock_ClientInterface.go:2928.30,2929.16 1 0
github.com/selectel/mks-go/pkg/v2/mksclient/mocks/mock_ClientInterface.go:2929.16,2931.5 1 0
github.com/selectel/mks-go/pkg/v2/mksclient/mocks/mock_ClientInterface.go:2933.3,2933.81 1 0
github.com/selectel/mks-go/pkg/v2/mksclient/mocks/mock_ClientInterface.go:2935.2,2935.11 1 0
github.com/selectel/mks-go/pkg/v2/mksclient/mocks/mock_ClientInterface.go:2938.145,2941.2 2 0
github.com/selectel/mks-go/pkg/v2/mksclient/mocks/mock_ClientInterface.go:2943.222,2946.2 2 0
github.com/selectel/mks-go/pkg/v2/mksclient/mocks/mock_ClientInterface.go:2953.25,2957.19 3 0
github.com/selectel/mks-go/pkg/v2/mksclient/mocks/mock_ClientInterface.go:2957.19,2957.49 1 0
github.com/selectel/mks-go/pkg/v2/mksclient/mocks/mock_ClientInterface.go:2959.2,2959.13 1 0
github.com/selectel/mks-go/pkg/v2/mksclient/mocks/mock_ClientOption.go:19.65,21.2 1 0
github.com/selectel/mks-go/pkg/v2/mksclient/mocks/mock_ClientOption.go:24.66,27.19 2 0
github.com/selectel/mks-go/pkg/v2/mksclient/mocks/mock_ClientOption.go:27.19,28.49 1 0
github.com/selectel/mks-go/pkg/v2/mksclient/mocks/mock_ClientOption.go:31.2,32.62 2 0
github.com/selectel/mks-go/pkg/v2/mksclient/mocks/mock_ClientOption.go:32.62,34.3 1 0
github.com/selectel/mks-go/pkg/v2/mksclient/mocks/mock_ClientOption.go:34.8,36.3 1 0
github.com/selectel/mks-go/pkg/v2/mksclient/mocks/mock_ClientOption.go:38.2,38.11 1 0
github.com/selectel/mks-go/pkg/v2/mksclient/mocks/mock_ClientOption.go:48.94,50.2 1 0
github.com/selectel/mks-go/pkg/v2/mksclient/mocks/mock_ClientOption.go:52.110,53.40 1 0
github.com/selectel/mks-go/pkg/v2/mksclient/mocks/mock_ClientOption.go:53.40,55.3 1 0
github.com/selectel/mks-go/pkg/v2/mksclient/mocks/mock_ClientOption.go:56.2,56.11 1 0
github.com/selectel/mks-go/pkg/v2/mksclient/mocks/mock_ClientOption.go:59.91,62.2 2 0
github.com/selectel/mks-go/pkg/v2/mksclient/mocks/mock_ClientOption.go:64.121,67.2 2 0
github.com/selectel/mks-go/pkg/v2/mksclient/mocks/mock_ClientOption.go:74.22,78.19 3 0
github.com/selectel/mks-go/pkg/v2/mksclient/mocks/mock_ClientOption.go:78.19,78.49 1 0
github.com/selectel/mks-go/pkg/v2/mksclient/mocks/mock_ClientOption.go:80.2,80.13 1 0
github.com/selectel/mks-go/pkg/v2/mksclient/mocks/mock_ClientWithResponsesInterface.go:22.97,24.2 1 0
github.com/selectel/mks-go/pkg/v2/mksclient/mocks/mock_ClientWithResponsesInterface.go:27.223,29.29 2 0
github.com/selectel/mks-go/pkg/v2/mksclient/mocks/mock_ClientWithResponsesInterface.go:29.29,31.3 1 0
github.com/selectel/mks-go/pkg/v2/mksclient/mocks/mock_ClientWithResponsesInterface.go:32.2,37.19 5 0
github.com/selectel/mks-go/pkg/v2/mksclient/mocks/mock_ClientWithResponsesInterface.go:37.19,38.77 1 0
github.com/selectel/mks-go/pkg/v2/mksclient/mocks/mock_ClientWithResponsesInterface.go:41.2,43.147 3 0
github.com/selectel/mks-go/pkg/v2/mksclient/mocks/mock_ClientWithResponsesInterface.go:43.147,45.3 1 0
github.com/selectel/mks-go/pkg/v2/mksclient/mocks/mock_ClientWithResponsesInterface.go:46.2,46.138 1 0
github.com/selectel/mks-go/pkg/v2/mksclient/mocks/mock_ClientWithResponsesInterface.go:46.138,48.3 1 0
github.com/selectel/mks-go/pkg/v2/mksclient/mocks/mock_ClientWithResponsesInterface.go:48.8,49.24 1 0
github.com/selectel/mks-go/pkg/v2/mksclient/mocks/mock_ClientWithResponsesInterface.go:49.24,51.4 1 0
github.com/selectel/mks-go/pkg/v2/mksclient/mocks/mock_ClientWithResponsesInterface.go:54.2,54.109 1 0
github.com/selectel/mks-go/pkg/v2/mksclient/mocks/mock_ClientWithResponsesInterface.go:54.109,56.3 1 0
github.com/selectel/mks-go/pkg/v2/mksclient/mocks/mock_ClientWithResponsesInterface.go:56.8,58.3 1 0
github.com/selectel/mks-go/pkg/v2/mksclient/mocks/mock_ClientWithResponsesInterface.go:60.2,60.15 1 0
github.com/selectel/mks-go/pkg/v2/mksclient/mocks/mock_ClientWithResponsesInterface.go:73.252,76.2 1 0
github.com/selectel/mks-go/pkg/v2/mksclient/mocks/mock_ClientWithResponsesInterface.go:78.273,79.40 1 0
github.com/selectel/mks-go/pkg/v2/mksclient/mocks/mock_ClientWithResponsesInterface.go:79.40,81.30 2 0
github.com/selectel/mks-go/pkg/v2/mksclient/mocks/mock_ClientWithResponsesInterface.go:81.30,82.16 1 0
github.com/selectel/mks-go/pkg/v2/mksclient/mocks/mock_ClientWithResponsesInterface.go:82.16,84.5 1 0
github.com/selectel/mks-go/pkg/v2/mksclient/mocks/mock_ClientWithResponsesInterface.go:86.3,86.89 1 0
github.com/selectel/mks-go/pkg/v2/mksclient/mocks/mock_ClientWithResponsesInterface.go:88.2,88.11 1 0
github.com/selectel/mks-go/pkg/v2/mksclient/mocks/mock_ClientWithResponsesInterface.go:91.219,94.2 2 0
github.com/selectel/mks-go/pkg/v2/mksclient/mocks/mock_ClientWithResponsesInterface.go:96.294,99.2 2 0
github.com/selectel/mks-go/pkg/v2/mksclient/mocks/mock_ClientWithResponsesInterface.go:102.226,104.29 2 0
github.com/selectel/mks-go/pkg/v2/mksclient/mocks/mock_ClientWithResponsesInterface.go:104.29,106.3 1 0
github.com/selectel/mks-go/pkg/v2/mksclient/mocks/mock_ClientWithResponsesInterface.go:107.2,112.19 5 0
github.com/selectel/mks-go/pkg/v2/mksclient/mocks/mock_ClientWithResponsesInterface.go:112.19,113.69 1 0
github.com/selectel/mks-go/pkg/v2/mksclient/mocks/mock_ClientWithResponsesInterface.go:116.2,118.170 3 0
github.com/selectel/mks-go/pkg/v2/mksclient/mocks/mock_ClientWithResponsesInterface.go:118.170,120.3 1 0
github.com/selectel/mks-go/pkg/v2/mksclient/mocks/mock_ClientWithResponsesInterface.go:121.2,121.161 1 0
github.com/selectel/mks-go/pkg/v2/mksclient/mocks/mock_ClientWithResponsesInterface.go:121.161,123.3 1 0
github.com/selectel/mks-go/pkg/v2/mksclient/mocks/mock_ClientWithResponsesInterface.go:123.8,124.24 1 0
github.com/selectel/mks-go/pkg/v2/mksclient/mocks/mock_ClientWithResponsesInterface.go:124.24,126.4 1 0
github.com/selectel/mks-go/pkg/v2/mksclient/mocks/mock_ClientWithResponsesInterface.go:129.2,129.132 1 0
github.com/selectel/mks-go/pkg/v2/mksclient/mocks/mock_ClientWithResponsesInterface.go:129.132,131.3 1 0
github.com/selectel/mks-go/pkg/v2/mksclient/mocks/mock_ClientWithResponsesInterface.go:131.8,133.3 1 0
github.com/selectel/mks-go/pkg/v2/mksclient/mocks/mock_ClientWithResponsesInterface.go:135.2,135.15 1 0
github.com/selectel/mks-go/pkg/v2/mksclient/mocks/mock_ClientWithResponsesInterface.go:147.211,150.2 1 0
github.com/selectel/mks-go/pkg/v2/mksclient/mocks/mock_ClientWithResponsesInterface.go:152.268,153.40 1 0
github.com/selectel/mks-go/pkg/v2/mksclient/mocks/mock_ClientWithResponsesInterface.go:153.40,155.30 2 0
github.com/selectel/mks-go/pkg/v2/mksclient/mocks/mock_ClientWithResponsesInterface.go:155.30,156.16 1 0
github.com/selectel/mks-go/pkg/v2/mksclient/mocks/mock_ClientWithResponsesInterface.go:156.16,158.5 1 0
github.com/selectel/mks-go/pkg/v2/mksclient/mocks/mock_ClientWithResponsesInterface.go:160.3,160.102 1 0
github.com/selectel/mks-go/pkg/v2/mksclient/mocks/mock_ClientWithResponsesInterface.go:162.2,162.11 1 0
github.com/selectel/mks-go/pkg/v2/mksclient/mocks/mock_ClientWithResponsesInterface.go:165.203,168.2 2 0
github.com/selectel/mks-go/pkg/v2/mksclient/mocks/mock_ClientWithResponsesInterface.go:170.301,173.2 2 0
github.com/selectel/mks-go/pkg/v2/mksclient/mocks/mock_ClientWithResponsesInterface.go:176.260,178.29 2 0
github.com/selectel/mks-go/pkg/v2/mksclient/mocks/mock_ClientWithResponsesInterface.go:178.29,180.3 1 0
github.com/selectel/mks-go/pkg/v2/mksclient/mocks/mock_ClientWithResponsesInterface.go:181.2,186.19 5 0
github.com/selectel/mks-go/pkg/v2/mksclient/mocks/mock_ClientWithResponsesInterface.go:186.19,187.80 1 0
github.com/selectel/mks-go/pkg/v2/mksclient/mocks/mock_ClientWithResponsesInterface.go:190.2,192.171 3 0
github.com/selectel/mks-go/pkg/v2/mksclient/mocks/mock_ClientWithResponsesInterface.go:192.171,194.3 1 0
github.com/selectel/mks-go/pkg/v2/mksclient/mocks/mock_ClientWithResponsesInterface.go:195.2,195.162 1 0
github.com/selectel/mks-go/pkg/v2/mksclient/mocks/mock_ClientWithResponsesInterface.go:195.162,197.3 1 0
github.com/selectel/mks-go/pkg/v2/mksclient/mocks/mock_ClientWithResponsesInterface.go:197.8,198.24 1 0
github.com/selectel/mks-go/pkg/v2/mksclient/mocks/mock_ClientWithResponsesInterface.go:198.24,200.4 1 0
github.com/selectel/mks-go/pkg/v2/mksclient/mocks/mock_ClientWithResponsesInterface.go:203.2,203.130 1 0
github.com/selectel/mks-go/pkg/v2/mksclient/mocks/mock_ClientWithResponsesInterface.go:203.130,205.3 1 0
github.com/selectel/mks-go/pkg/v2/mksclient/mocks/mock_ClientWithResponsesInterface.go:205.8,207.3 1 0
github.com/selectel/mks-go/pkg/v2/mksclient/mocks/mock_ClientWithResponsesInterface.go:209.2,209.15 1 0
github.com/selectel/mks-go/pkg/v2/mksclient/mocks/mock_ClientWithResponsesInterface.go:223.281,226.2 1 0
github.com/selectel/mks-go/pkg/v2/mksclient/mocks/mock_ClientWithResponsesInterface.go:228.310,229.40 1 0
github.com/selectel/mks-go/pkg/v2/mksclient/mocks/mock_ClientWithResponsesInterface.go:229.40,231.30 2 0
github.com/selectel/mks-go/pkg/v2/mksclient/mocks/mock_ClientWithResponsesInterface.go:231.30,232.16 1 0
github.com/selectel/mks-go/pkg/v2/mksclient/mocks/mock_ClientWithResponsesInterface.go:232.16,234.5 1 0
github.com/selectel/mks-go/pkg/v2/mksclient/mocks/mock_ClientWithResponsesInterface.go:236.3,236.120 1 0
github.com/selectel/mks-go/pkg/v2/mksclient/mocks/mock_ClientWithResponsesInterface.go:238.2,238.11 1 0
github.com/selectel/mks-go/pkg/v2/mksclient/mocks/mock_ClientWithResponsesInterface.go:241.228,244.2 2 0
github.com/selectel/mks-go/pkg/v2/mksclient/mocks/mock_ClientWithResponsesInterface.go:246.324,249.2 2 0
github.com/selectel/mks-go/pkg/v2/mksclient/mocks/mock_ClientWithResponsesInterface.go:252.266,254.29 2 0
github.com/selectel/mks-go/pkg/v2/mksclient/mocks/mock_ClientWithResponsesInterface.go:254.29,256.3 1 0
github.com/selectel/mks-go/pkg/v2/mksclient/mocks/mock_ClientWithResponsesInterface.go:257.2,262.19 5 0
github.com/selectel/mks-go/pkg/v2/mksclient/mocks/mock_ClientWithResponsesInterface.go:262.19,263.72 1 0
github.com/selectel/mks-go/pkg/v2/mksclient/mocks/mock_ClientWithResponsesInterface.go:266.2,268.197 3 0
github.com/selectel/mks-go/pkg/v2/mksclient/mocks/mock_ClientWithResponsesInterface.go:268.197,270.3 1 0
github.com/selectel/mks-go/pkg/v2/mksclient/mocks/mock_ClientWithResponsesInterface.go:271.2,271.188 1 0
github.com/selectel/mks-go/pkg/v2/mksclient/mocks/mock_ClientWithResponsesInterface.go:271.188,273.3 1 0
github.com/selectel/mks-go/pkg/v2/mksclient/mocks/mock_ClientWithResponsesInterface.go:273.8,274.24 1 0
github.com/selectel/mks-go/pkg/v2/mksclient/mocks/mock_ClientWithResponsesInterface.go:274.24,276.4 1 0
github.com/selectel/mks-go/pkg/v2/mksclient/mocks/mock_ClientWithResponsesInterface.go:279.2,279.156 1 0
github.com/selectel/mks-go/pkg/v2/mksclient/mocks/mock_ClientWithResponsesInterface.go:279.156,281.3 1 0
github.com/selectel/mks-go/pkg/v2/mksclient/mocks/mock_ClientWithResponsesInterface.go:281.8,283.3 1 0
github.com/selectel/mks-go/pkg/v2/mksclient/mocks/mock_ClientWithResponsesInterface.go:285.2,285.15 1 0
github.com/selectel/mks-go/pkg/v2/mksclient/mocks/mock_ClientWithResponsesInterface.go:298.240,301.2 1 0
github.com/selectel/mks-go/pkg/v2/mksclient/mocks/mock_ClientWithResponsesInterface.go:303.308,304.40 1 0
github.com/selectel/mks-go/pkg/v2/mksclient/mocks/mock_ClientWithResponsesInterface.go:304.40,306.30 2 0
github.com/selectel/mks-go/pkg/v2/mksclient/mocks/mock_ClientWithResponsesInterface.go:306.30,307.16 1 0
github.com/selectel/mks-go/pkg/v2/mksclient/mocks/mock_ClientWithResponsesInterface.go:307.16,309.5 1 0
github.com/selectel/mks-go/pkg/v2/mksclient/mocks/mock_ClientWithResponsesInterface.go:311.3,311.136 1 0
github.com/selectel/mks-go/pkg/v2/mksclient/mocks/mock_ClientWithResponsesInterface.go:313.2,313.11 1 0
github.com/selectel/mks-go/pkg/v2/mksclient/mocks/mock_ClientWithResponsesInterface.go:316.212,319.2 2 0
github.com/selectel/mks-go/pkg/v2/mksclient/mocks/mock_ClientWithResponsesInterface.go:321.334,324.2 2 0
github.com/selectel/mks-go/pkg/v2/mksclient/mocks/mock_ClientWithResponsesInterface.go:327.260,329.29 2 0
github.com/selectel/mks-go/pkg/v2/mksclient/mocks/mock_ClientWithResponsesInterface.go:329.29,331.3 1 0
github.com/selectel/mks-go/pkg/v2/mksclient/mocks/mock_ClientWithResponsesInterface.go:332.2,337.19 5 0
github.com/selectel/mks-go/pkg/v2/mksclient/mocks/mock_ClientWithResponsesInterface.go:337.19,338.80 1 0
github.com/selectel/mks-go/pkg/v2/mksclient/mocks/mock_ClientWithResponsesInterface.go:341.2,343.171 3 0
github.com/selectel/mks-go/pkg/v2/mksclient/mocks/mock_ClientWithResponsesInterface.go:343.171,345.3 1 0
github.com/selectel/mks-go/pkg/v2/mksclient/mocks/mock_ClientWithResponsesInterface.go:346.2,346.162 1 0
github.com/selectel/mks-go/pkg/v2/mksclient/mocks/mock_ClientWithResponsesInterface.go:346.162,348.3 1 0
github.com/selectel/mks-go/pkg/v2/mksclient/mocks/mock_ClientWithResponsesInterface.go:348.8,349.24 1 0
github.com/selectel/mks-go/pkg/v2/mksclient/mocks/mock_ClientWithResponsesInterface.go:349.24,351.4 1 0
github.com/selectel/mks-go/pkg/v2/mksclient/mocks/mock_ClientWithResponsesInterface.go:354.2,354.130 1 0
github.com/selectel/mks-go/pkg/v2/mksclient/mocks/mock_ClientWithResponsesInterface.go:354.130,356.3 1 0
github.com/selectel/mks-go/pkg/v2/mksclient/mocks/mock_ClientWithResponsesInterface.go:356.8,358.3 1 0
github.com/selectel/mks-go/pkg/v2/mksclient/mocks/mock_ClientWithResponsesInterface.go:360.2,360.15 1 0
github.com/selectel/mks-go/pkg/v2/mksclient/mocks/mock_ClientWithResponsesInterface.go:374.281,377.2 1 0
github.com/selectel/mks-go/pkg/v2/mksclient/mocks/mock_ClientWithResponsesInterface.go:379.310,380.40 1 0
github.com/selectel/mks-go/pkg/v2/mksclient/mocks/mock_ClientWithResponsesInterface.go:380.40,382.30 2 0
github.com/selectel/mks-go/pkg/v2/mksclient/mocks/mock_ClientWithResponsesInterface.go:382.30,383.16 1 0
github.com/selectel/mks-go/pkg/v2/mksclient/mocks/mock_ClientWithResponsesInterface.go:383.16,385.5 1 0
github.com/selectel/mks-go/pkg/v2/mksclient/mocks/mock_ClientWithResponsesInterface.go:387.3,387.120 1 0
github.com/selectel/mks-go/pkg/v2/mksclient/mocks/mock_ClientWithResponsesInterface.go:389.2,389.11 1 0
github.com/selectel/mks-go/pkg/v2/mksclient/mocks/mock_ClientWithResponsesInterface.go:392.228,395.2 2 0
github.com/selectel/mks-go/pkg/v2/mksclient/mocks/mock_ClientWithResponsesInterface.go:397.324,400.2 2 0
github.com/selectel/mks-go/pkg/v2/mksclient/mocks/mock_ClientWithResponsesInterface.go:403.266,405.29 2 0
github.com/selectel/mks-go/pkg/v2/mksclient/mocks/mock_ClientWithResponsesInterface.go:405.29,407.3 1 0
github.com/selectel/mks-go/pkg/v2/mksclient/mocks/mock_ClientWithResponsesInterface.go:408.2,413.19 5 0
github.com/selectel/mks-go/pkg/v2/mksclient/mocks/mock_ClientWithResponsesInterface.go:413.19,414.72 1 0
github.com/selectel/mks-go/pkg/v2/mksclient/mocks/mock_ClientWithResponsesInterface.go:417.2,419.197 3 0
github.com/selectel/mks-go/pkg/v2/mksclient/mocks/mock_ClientWithResponsesInterface.go:419.197,421.3 1 0
github.com/selectel/mks-go/pkg/v2/mksclient/mocks/mock_ClientWithResponsesInterface.go:422.2,422.188 1 0
github.com/selectel/mks-go/pkg/v2/mksclient/mocks/mock_ClientWithResponsesInterface.go:422.188,424.3 1 0
github.com/selectel/mks-go/pkg/v2/mksclient/mocks/mock_ClientWithResponsesInterface.go:424.8,425.24 1 0
github.com/selectel/mks-go/pkg/v2/mksclient/mocks/mock_ClientWithResponsesInterface.go:425.24,427.4 1 0
github.com/selectel/mks-go/pkg/v2/mksclient/mocks/mock_ClientWithResponsesInterface.go:430.2,430.156 1 0
github.com/selectel/mks-go/pkg/v2/mksclient/mocks/mock_ClientWithResponsesInterface.go:430.156,432.3 1 0
github.com/selectel/mks-go/pkg/v2/mksclient/mocks/mock_ClientWithResponsesInterface.go:432.8,434.3 1 0
github.com/selectel/mks-go/pkg/v2/mksclient/mocks/mock_ClientWithResponsesInterface.go:436.2,436.15 1 0
github.com/selectel/mks-go/pkg/v2/mksclient/mocks/mock_ClientWithResponsesInterface.go:449.240,452.2 1 0
github.com/selectel/mks-go/pkg/v2/mksclient/mocks/mock_ClientWithResponsesInterface.go:454.308,455.40 1 0
github.com/selectel/mks-go/pkg/v2/mksclient/mocks/mock_ClientWithResponsesInterface.go:455.40,457.30 2 0
github.com/selectel/mks-go/pkg/v2/mksclient/mocks/mock_ClientWithResponsesInterface.go:457.30,458.16 1 0
github.com/selectel/mks-go/pkg/v2/mksclient/mocks/mock_ClientWithResponsesInterface.go:458.16,460.5 1 0
github.com/selectel/mks-go/pkg/v2/mksclient/mocks/mock_ClientWithResponsesInterface.go:462.3,462.136 1 0
github.com/selectel/mks-go/pkg/v2/mksclient/mocks/mock_ClientWithResponsesInterface.go:464.2,464.11 1 0
github.com/selectel/mks-go/pkg/v2/mksclient/mocks/mock_ClientWithResponsesInterface.go:467.212,470.2 2 0
github.com/selectel/mks-go/pkg/v2/mksclient/mocks/mock_ClientWithResponsesInterface.go:472.334,475.2 2 0
github.com/selectel/mks-go/pkg/v2/mksclient/mocks/mock_ClientWithResponsesInterface.go:478.210,480.29 2 0
github.com/selectel/mks-go/pkg/v2/mksclient/mocks/mock_ClientWithResponsesInterface.go:480.29,482.3 1 0
github.com/selectel/mks-go/pkg/v2/mksclient/mocks/mock_ClientWithResponsesInterface.go:483.2,488.19 5 0
github.com/selectel/mks-go/pkg/v2/mksclient/mocks/mock_ClientWithResponsesInterface.go:488.19,489.69 1 0
github.com/selectel/mks-go/pkg/v2/mksclient/mocks/mock_ClientWithResponsesInterface.go:492.2,494.149 3 0
github.com/selectel/mks-go/pkg/v2/mksclient/mocks/mock_ClientWithResponsesInterface.go:494.149,496.3 1 0
github.com/selectel/mks-go/pkg/v2/mksclient/mocks/mock_ClientWithResponsesInterface.go:497.2,497.140 1 0
github.com/selectel/mks-go/pkg/v2/mksclient/mocks/mock_ClientWithResponsesInterface.go:497.140,499.3 1 0
github.com/selectel/mks-go/pkg/v2/mksclient/mocks/mock_ClientWithResponsesInterface.go:499.8,500.24 1 0
github.com/selectel/mks-go/pkg/v2/mksclient/mocks/mock_ClientWithResponsesInterface.go:500.24,502.4 1 0
github.com/selectel/mks-go/pkg/v2/mksclient/mocks/mock_ClientWithResponsesInterface.go:505.2,505.111 1 0
github.com/selectel/mks-go/pkg/v2/mksclient/mocks/mock_ClientWithResponsesInterface.go:505.111,507.3 1 0
github.com/selectel/mks-go/pkg/v2/mksclient/mocks/mock_ClientWithResponsesInterface.go:507.8,509.3 1 0
github.com/selectel/mks-go/pkg/v2/mksclient/mocks/mock_ClientWithResponsesInterface.go:511.2,511.15 1 0
github.com/selectel/mks-go/pkg/v2/mksclient/mocks/mock_ClientWithResponsesInterface.go:523.216,526.2 1 0
github.com/selectel/mks-go/pkg/v2/mksclient/mocks/mock_ClientWithResponsesInterface.go:528.252,529.40 1 0
github.com/selectel/mks-go/pkg/v2/mksclient/mocks/mock_ClientWithResponsesInterface.go:529.40,531.30 2 0
github.com/selectel/mks-go/pkg/v2/mksclient/mocks/mock_ClientWithResponsesInterface.go:531.30,532.16 1 0
github.com/selectel/mks-go/pkg/v2/mksclient/mocks/mock_ClientWithResponsesInterface.go:532.16,534.5 1 0
github.com/selectel/mks-go/pkg/v2/mksclient/mocks/mock_ClientWithResponsesInterface.go:536.3,536.81 1 0
github.com/selectel/mks-go/pkg/v2/mksclient/mocks/mock_ClientWithResponsesInterface.go:538.2,538.11 1 0
github.com/selectel/mks-go/pkg/v2/mksclient/mocks/mock_ClientWithResponsesInterface.go:541.203,544.2 2 0
github.com/selectel/mks-go/pkg/v2/mksclient/mocks/mock_ClientWithResponsesInterface.go:546.280,549.2 2 0
github.com/selectel/mks-go/pkg/v2/mksclient/mocks/mock_ClientWithResponsesInterface.go:552.264,554.29 2 0
github.com/selectel/mks-go/pkg/v2/mksclient/mocks/mock_ClientWithResponsesInterface.go:554.29,556.3 1 0
github.com/selectel/mks-go/pkg/v2/mksclient/mocks/mock_ClientWithResponsesInterface.go:557.2,562.19 5 0
github.com/selectel/mks-go/pkg/v2/mksclient/mocks/mock_ClientWithResponsesInterface.go:562.19,563.66 1 0
github.com/selectel/mks-go/pkg/v2/mksclient/mocks/mock_ClientWithResponsesInterface.go:566.2,568.187 3 0
github.com/selectel/mks-go/pkg/v2/mksclient/mocks/mock_ClientWithResponsesInterface.go:568.187,570.3 1 0
github.com/selectel/mks-go/pkg/v2/mksclient/mocks/mock_ClientWithResponsesInterface.go:571.2,571.178 1 0
github.com/selectel/mks-go/pkg/v2/mksclient/mocks/mock_ClientWithResponsesInterface.go:571.178,573.3 1 0
github.com/selectel/mks-go/pkg/v2/mksclient/mocks/mock_ClientWithResponsesInterface.go:573.8,574.24 1 0
github.com/selectel/mks-go/pkg/v2/mksclient/mocks/mock_ClientWithResponsesInterface.go:574.24,576.4 1 0
github.com/selectel/mks-go/pkg/v2/mksclient/mocks/mock_ClientWithResponsesInterface.go:579.2,579.152 1 0
github.com/selectel/mks-go/pkg/v2/mksclient/mocks/mock_ClientWithResponsesInterface.go:579.152,581.3 1 0
github.com/selectel/mks-go/pkg/v2/mksclient/mocks/mock_ClientWithResponsesInterface.go:581.8,583.3 1 0
github.com/selectel/mks-go/pkg/v2/mksclient/mocks/mock_ClientWithResponsesInterface.go:585.2,585.15 1 0
github.com/selectel/mks-go/pkg/v2/mksclient/mocks/mock_ClientWithResponsesInterface.go:599.255,602.2 1 0
github.com/selectel/mks-go/pkg/v2/mksclient/mocks/mock_ClientWithResponsesInterface.go:604.306,605.40 1 0
github.com/selectel/mks-go/pkg/v2/mksclient/mocks/mock_ClientWithResponsesInterface.go:605.40,607.30 2 0
github.com/selectel/mks-go/pkg/v2/mksclient/mocks/mock_ClientWithResponsesInterface.go:607.30,608.16 1 0
github.com/selectel/mks-go/pkg/v2/mksclient/mocks/mock_ClientWithResponsesInterface.go:608.16,610.5 1 0
github.com/selectel/mks-go/pkg/v2/mksclient/mocks/mock_ClientWithResponsesInterface.go:612.3,612.142 1 0
github.com/selectel/mks-go/pkg/v2/mksclient/mocks/mock_ClientWithResponsesInterface.go:614.2,614.11 1 0
github.com/selectel/mks-go/pkg/v2/mksclient/mocks/mock_ClientWithResponsesInterface.go:617.194,620.2 2 0
github.com/selectel/mks-go/pkg/v2/mksclient/mocks/mock_ClientWithResponsesInterface.go:622.312,625.2 2 0
github.com/selectel/mks-go/pkg/v2/mksclient/mocks/mock_ClientWithResponsesInterface.go:628.249,630.29 2 0
github.com/selectel/mks-go/pkg/v2/mksclient/mocks/mock_ClientWithResponsesInterface.go:630.29,632.3 1 0
github.com/selectel/mks-go/pkg/v2/mksclient/mocks/mock_ClientWithResponsesInterface.go:633.2,638.19 5 0
github.com/selectel/mks-go/pkg/v2/mksclient/mocks/mock_ClientWithResponsesInterface.go:638.19,639.71 1 0
github.com/selectel/mks-go/pkg/v2/mksclient/mocks/mock_ClientWithResponsesInterface.go:642.2,644.174 3 0
github.com/selectel/mks-go/pkg/v2/mksclient/mocks/mock_ClientWithResponsesInterface.go:644.174,646.3 1 0
github.com/selectel/mks-go/pkg/v2/mksclient/mocks/mock_ClientWithResponsesInterface.go:647.2,647.165 1 0
github.com/selectel/mks-go/pkg/v2/mksclient/mocks/mock_ClientWithResponsesInterface.go:647.165,649.3 1 0
github.com/selectel/mks-go/pkg/v2/mksclient/mocks/mock_ClientWithResponsesInterface.go:649.8,650.24 1 0
github.com/selectel/mks-go/pkg/v2/mksclient/mocks/mock_ClientWithResponsesInterface.go:650.24,652.4 1 0
github.com/selectel/mks-go/pkg/v2/mksclient/mocks/mock_ClientWithResponsesInterface.go:655.2,655.134 1 0
github.com/selectel/mks-go/pkg/v2/mksclient/mocks/mock_ClientWithResponsesInterface.go:655.134,657.3 1 0
github.com/selectel/mks-go/pkg/v2/mksclient/mocks/mock_ClientWithResponsesInterface.go:657.8,659.3 1 0
github.com/selectel/mks-go/pkg/v2/mksclient/mocks/mock_ClientWithResponsesInterface.go:661.2,661.15 1 0
github.com/selectel/mks-go/pkg/v2/mksclient/mocks/mock_ClientWithResponsesInterface.go:674.245,677.2 1 0
github.com/selectel/mks-go/pkg/v2/mksclient/mocks/mock_ClientWithResponsesInterface.go:679.291,680.40 1 0
github.com/selectel/mks-go/pkg/v2/mksclient/mocks/mock_ClientWithResponsesInterface.go:680.40,682.30 2 0
github.com/selectel/mks-go/pkg/v2/mksclient/mocks/mock_ClientWithResponsesInterface.go:682.30,683.16 1 0
github.com/selectel/mks-go/pkg/v2/mksclient/mocks/mock_ClientWithResponsesInterface.go:683.16,685.5 1 0
github.com/selectel/mks-go/pkg/v2/mksclient/mocks/mock_ClientWithResponsesInterface.go:687.3,687.114 1 0
github.com/selectel/mks-go/pkg/v2/mksclient/mocks/mock_ClientWithResponsesInterface.go:689.2,689.11 1 0
github.com/selectel/mks-go/pkg/v2/mksclient/mocks/mock_ClientWithResponsesInterface.go:692.209,695.2 2 0
github.com/selectel/mks-go/pkg/v2/mksclient/mocks/mock_ClientWithResponsesInterface.go:697.309,700.2 2 0
github.com/selectel/mks-go/pkg/v2/mksclient/mocks/mock_ClientWithResponsesInterface.go:703.216,705.29 2 0
github.com/selectel/mks-go/pkg/v2/mksclient/mocks/mock_ClientWithResponsesInterface.go:705.29,707.3 1 0
github.com/selectel/mks-go/pkg/v2/mksclient/mocks/mock_ClientWithResponsesInterface.go:708.2,713.19 5 0
github.com/selectel/mks-go/pkg/v2/mksclient/mocks/mock_ClientWithResponsesInterface.go:713.19,714.72 1 0
github.com/selectel/mks-go/pkg/v2/mksclient/mocks/mock_ClientWithResponsesInterface.go:717.2,719.152 3 0
github.com/selectel/mks-go/pkg/v2/mksclient/mocks/mock_ClientWithResponsesInterface.go:719.152,721.3 1 0
github.com/selectel/mks-go/pkg/v2/mksclient/mocks/mock_ClientWithResponsesInterface.go:722.2,722.143 1 0
github.com/selectel/mks-go/pkg/v2/mksclient/mocks/mock_ClientWithResponsesInterface.go:722.143,724.3 1 0
github.com/selectel/mks-go/pkg/v2/mksclient/mocks/mock_ClientWithResponsesInterface.go:724.8,725.24 1 0
github.com/selectel/mks-go/pkg/v2/mksclient/mocks/mock_ClientWithResponsesInterface.go:725.24,727.4 1 0
github.com/selectel/mks-go/pkg/v2/mksclient/mocks/mock_ClientWithResponsesInterface.go:730.2,730.111 1 0
github.com/selectel/mks-go/pkg/v2/mksclient/mocks/mock_ClientWithResponsesInterface.go:730.111,732.3 1 0
github.com/selectel/mks-go/pkg/v2/mksclient/mocks/mock_ClientWithResponsesInterface.go:732.8,734.3 1 0
github.com/selectel/mks-go/pkg/v2/mksclient/mocks/mock_ClientWithResponsesInterface.go:736.2,736.15 1 0
github.com/selectel/mks-go/pkg/v2/mksclient/mocks/mock_ClientWithResponsesInterface.go:748.222,751.2 1 0
github.com/selectel/mks-go/pkg/v2/mksclient/mocks/mock_ClientWithResponsesInterface.go:753.258,754.40 1 0
github.com/selectel/mks-go/pkg/v2/mksclient/mocks/mock_ClientWithResponsesInterface.go:754.40,756.30 2 0
github.com/selectel/mks-go/pkg/v2/mksclient/mocks/mock_ClientWithResponsesInterface.go:756.30,757.16 1 0
github.com/selectel/mks-go/pkg/v2/mksclient/mocks/mock_ClientWithResponsesInterface.go:757.16,759.5 1 0
github.com/selectel/mks-go/pkg/v2/mksclient/mocks/mock_ClientWithResponsesInterface.go:761.3,761.81 1 0
github.com/selectel/mks-go/pkg/v2/mksclient/mocks/mock_ClientWithResponsesInterface.go:763.2,763.11 1 0
github.com/selectel/mks-go/pkg/v2/mksclient/mocks/mock_ClientWithResponsesInterface.go:766.212,769.2 2 0
github.com/selectel/mks-go/pkg/v2/mksclient/mocks/mock_ClientWithResponsesInterface.go:771.289,774.2 2 0
github.com/selectel/mks-go/pkg/v2/mksclient/mocks/mock_ClientWithResponsesInterface.go:777.245,779.29 2 0
github.com/selectel/mks-go/pkg/v2/mksclient/mocks/mock_ClientWithResponsesInterface.go:779.29,781.3 1 0
github.com/selectel/mks-go/pkg/v2/mksclient/mocks/mock_ClientWithResponsesInterface.go:782.2,787.19 5 0
github.com/selectel/mks-go/pkg/v2/mksclient/mocks/mock_ClientWithResponsesInterface.go:787.19,788.70 1 0
github.com/selectel/mks-go/pkg/v2/mksclient/mocks/mock_ClientWithResponsesInterface.go:791.2,793.172 3 0
github.com/selectel/mks-go/pkg/v2/mksclient/mocks/mock_ClientWithResponsesInterface.go:793.172,795.3 1 0
github.com/selectel/mks-go/pkg/v2/mksclient/mocks/mock_ClientWithResponsesInterface.go:796.2,796.163 1 0
github.com/selectel/mks-go/pkg/v2/mksclient/mocks/mock_ClientWithResponsesInterface.go:796.163,798.3 1 0
github.com/selectel/mks-go/pkg/v2/mksclient/mocks/mock_ClientWithResponsesInterface.go:798.8,799.24 1 0
github.com/selectel/mks-go/pkg/v2/mksclient/mocks/mock_ClientWithResponsesInterface.go:799.24,801.4 1 0
github.com/selectel/mks-go/pkg/v2/mksclient/mocks/mock_ClientWithResponsesInterface.go:804.2,804.133 1 0
github.com/selectel/mks-go/pkg/v2/mksclient/mocks/mock_ClientWithResponsesInterface.go:804.133,806.3 1 0
github.com/selectel/mks-go/pkg/v2/mksclient/mocks/mock_ClientWithResponsesInterface.go:806.8,808.3 1 0
github.com/selectel/mks-go/pkg/v2/mksclient/mocks/mock_ClientWithResponsesInterface.go:810.2,810.15 1 0
github.com/selectel/mks-go/pkg/v2/mksclient/mocks/mock_ClientWithResponsesInterface.go:823.242,826.2 1 0
github.com/selectel/mks-go/pkg/v2/mksclient/mocks/mock_ClientWithResponsesInterface.go:828.287,829.40 1 0
github.com/selectel/mks-go/pkg/v2/mksclient/mocks/mock_ClientWithResponsesInterface.go:829.40,831.30 2 0
github.com/selectel/mks-go/pkg/v2/mksclient/mocks/mock_ClientWithResponsesInterface.go:831.30,832.16 1 0
github.com/selectel/mks-go/pkg/v2/mksclient/mocks/mock_ClientWithResponsesInterface.go:832.16,834.5 1 0
github.com/selectel/mks-go/pkg/v2/mksclient/mocks/mock_ClientWithResponsesInterface.go:836.3,836.113 1 0
github.com/selectel/mks-go/pkg/v2/mksclient/mocks/mock_ClientWithResponsesInterface.go:838.2,838.11 1 0
github.com/selectel/mks-go/pkg/v2/mksclient/mocks/mock_ClientWithResponsesInterface.go:841.206,844.2 2 0
github.com/selectel/mks-go/pkg/v2/mksclient/mocks/mock_ClientWithResponsesInterface.go:846.305,849.2 2 0
github.com/selectel/mks-go/pkg/v2/mksclient/mocks/mock_ClientWithResponsesInterface.go:852.263,854.29 2 0
github.com/selectel/mks-go/pkg/v2/mksclient/mocks/mock_ClientWithResponsesInterface.go:854.29,856.3 1 0
github.com/selectel/mks-go/pkg/v2/mksclient/mocks/mock_ClientWithResponsesInterface.go:857.2,862.19 5 0
github.com/selectel/mks-go/pkg/v2/mksclient/mocks/mock_ClientWithResponsesInterface.go:862.19,863.73 1 0
github.com/selectel/mks-go/pkg/v2/mksclient/mocks/mock_ClientWithResponsesInterface.go:866.2,868.191 3 0
github.com/selectel/mks-go/pkg/v2/mksclient/mocks/mock_ClientWithResponsesInterface.go:868.191,870.3 1 0
github.com/selectel/mks-go/pkg/v2/mksclient/mocks/mock_ClientWithResponsesInterface.go:871.2,871.182 1 0
github.com/selectel/mks-go/pkg/v2/mksclient/mocks/mock_ClientWithResponsesInterface.go:871.182,873.3 1 0
github.com/selectel/mks-go/pkg/v2/mksclient/mocks/mock_ClientWithResponsesInterface.go:873.8,874.24 1 0
github.com/selectel/mks-go/pkg/v2/mksclient/mocks/mock_ClientWithResponsesInterface.go:874.24,876.4 1 0
github.com/selectel/mks-go/pkg/v2/mksclient/mocks/mock_ClientWithResponsesInterface.go:879.2,879.149 1 0
github.com/selectel/mks-go/pkg/v2/mksclient/mocks/mock_ClientWithResponsesInterface.go:879.149,881.3 1 0
github.com/selectel/mks-go/pkg/v2/mksclient/mocks/mock_ClientWithResponsesInterface.go:881.8,883.3 1 0
github.com/selectel/mks-go/pkg/v2/mksclient/mocks/mock_ClientWithResponsesInterface.go:885.2,885.15 1 0
github.com/selectel/mks-go/pkg/v2/mksclient/mocks/mock_ClientWithResponsesInterface.go:898.244,901.2 1 0
github.com/selectel/mks-go/pkg/v2/mksclient/mocks/mock_ClientWithResponsesInterface.go:903.305,904.40 1 0
github.com/selectel/mks-go/pkg/v2/mksclient/mocks/mock_ClientWithResponsesInterface.go:904.40,906.30 2 0
github.com/selectel/mks-go/pkg/v2/mksclient/mocks/mock_ClientWithResponsesInterface.go:906.30,907.16 1 0
github.com/selectel/mks-go/pkg/v2/mksclient/mocks/mock_ClientWithResponsesInterface.go:907.16,909.5 1 0
github.com/selectel/mks-go/pkg/v2/mksclient/mocks/mock_ClientWithResponsesInterface.go:911.3,911.129 1 0
github.com/selectel/mks-go/pkg/v2/mksclient/mocks/mock_ClientWithResponsesInterface.go:913.2,913.11 1 0
github.com/selectel/mks-go/pkg/v2/mksclient/mocks/mock_ClientWithResponsesInterface.go:916.215,919.2 2 0
github.com/selectel/mks-go/pkg/v2/mksclient/mocks/mock_ClientWithResponsesInterface.go:921.330,924.2 2 0
github.com/selectel/mks-go/pkg/v2/mksclient/mocks/mock_ClientWithResponsesInterface.go:927.224,929.29 2 0
github.com/selectel/mks-go/pkg/v2/mksclient/mocks/mock_ClientWithResponsesInterface.go:929.29,931.3 1 0
github.com/selectel/mks-go/pkg/v2/mksclient/mocks/mock_ClientWithResponsesInterface.go:932.2,937.19 5 0
github.com/selectel/mks-go/pkg/v2/mksclient/mocks/mock_ClientWithResponsesInterface.go:937.19,938.76 1 0
github.com/selectel/mks-go/pkg/v2/mksclient/mocks/mock_ClientWithResponsesInterface.go:941.2,943.156 3 0
github.com/selectel/mks-go/pkg/v2/mksclient/mocks/mock_ClientWithResponsesInterface.go:943.156,945.3 1 0
github.com/selectel/mks-go/pkg/v2/mksclient/mocks/mock_ClientWithResponsesInterface.go:946.2,946.147 1 0
github.com/selectel/mks-go/pkg/v2/mksclient/mocks/mock_ClientWithResponsesInterface.go:946.147,948.3 1 0
github.com/selectel/mks-go/pkg/v2/mksclient/mocks/mock_ClientWithResponsesInterface.go:948.8,949.24 1 0
github.com/selectel/mks-go/pkg/v2/mksclient/mocks/mock_ClientWithResponsesInterface.go:949.24,951.4 1 0
github.com/selectel/mks-go/pkg/v2/mksclient/mocks/mock_ClientWithResponsesInterface.go:954.2,954.111 1 0
github.com/selectel/mks-go/pkg/v2/mksclient/mocks/mock_ClientWithResponsesInterface.go:954.111,956.3 1 0
github.com/selectel/mks-go/pkg/v2/mksclient/mocks/mock_ClientWithResponsesInterface.go:956.8,958.3 1 0
github.com/selectel/mks-go/pkg/v2/mksclient/mocks/mock_ClientWithResponsesInterface.go:960.2,960.15 1 0
github.com/selectel/mks-go/pkg/v2/mksclient/mocks/mock_ClientWithResponsesInterface.go:972.230,975.2 1 0
github.com/selectel/mks-go/pkg/v2/mksclient/mocks/mock_ClientWithResponsesInterface.go:977.266,978.40 1 0
github.com/selectel/mks-go/pkg/v2/mksclient/mocks/mock_ClientWithResponsesInterface.go:978.40,980.30 2 0
github.com/selectel/mks-go/pkg/v2/mksclient/mocks/mock_ClientWithResponsesInterface.go:980.30,981.16 1 0
github.com/selectel/mks-go/pkg/v2/mksclient/mocks/mock_ClientWithResponsesInterface.go:981.16,983.5 1 0
github.com/selectel/mks-go/pkg/v2/mksclient/mocks/mock_ClientWithResponsesInterface.go:985.3,985.81 1 0
github.com/selectel/mks-go/pkg/v2/mksclient/mocks/mock_ClientWithResponsesInterface.go:987.2,987.11 1 0
github.com/selectel/mks-go/pkg/v2/mksclient/mocks/mock_ClientWithResponsesInterface.go:990.224,993.2 2 0
github.com/selectel/mks-go/pkg/v2/mksclient/mocks/mock_ClientWithResponsesInterface.go:995.301,998.2 2 0
github.com/selectel/mks-go/pkg/v2/mksclient/mocks/mock_ClientWithResponsesInterface.go:1001.204,1003.29 2 0
github.com/selectel/mks-go/pkg/v2/mksclient/mocks/mock_ClientWithResponsesInterface.go:1003.29,1005.3 1 0
github.com/selectel/mks-go/pkg/v2/mksclient/mocks/mock_ClientWithResponsesInterface.go:1006.2,1011.19 5 0
github.com/selectel/mks-go/pkg/v2/mksclient/mocks/mock_ClientWithResponsesInterface.go:1011.19,1012.66 1 0
github.com/selectel/mks-go/pkg/v2/mksclient/mocks/mock_ClientWithResponsesInterface.go:1015.2,1017.146 3 0
github.com/selectel/mks-go/pkg/v2/mksclient/mocks/mock_ClientWithResponsesInterface.go:1017.146,1019.3 1 0
github.com/selectel/mks-go/pkg/v2/mksclient/mocks/mock_ClientWithResponsesInterface.go:1020.2,1020.137 1 0
github.com/selectel/mks-go/pkg/v2/mksclient/mocks/mock_ClientWithResponsesInterface.go:1020.137,1022.3 1 0
github.com/selectel/mks-go/pkg/v2/mksclient/mocks/mock_ClientWithResponsesInterface.go:1022.8,1023.24 1 0
github.com/selectel/mks-go/pkg/v2/mksclient/mocks/mock_ClientWithResponsesInterface.go:1023.24,1025.4 1 0
github.com/selectel/mks-go/pkg/v2/mksclient/mocks/mock_ClientWithResponsesInterface.go:1028.2,1028.111 1 0
github.com/selectel/mks-go/pkg/v2/mksclient/mocks/mock_ClientWithResponsesInterface.go:1028.111,1030.3 1 0
github.com/selectel/mks-go/pkg/v2/mksclient/mocks/mock_ClientWithResponsesInterface.go:1030.8,1032.3 1 0
github.com/selectel/mks-go/pkg/v2/mksclient/mocks/mock_ClientWithResponsesInterface.go:1034.2,1034.15 1 0
github.com/selectel/mks-go/pkg/v2/mksclient/mocks/mock_ClientWithResponsesInterface.go:1046.210,1049.2 1 0
github.com/selectel/mks-go/pkg/v2/mksclient/mocks/mock_ClientWithResponsesInterface.go:1051.246,1052.40 1 0
github.com/selectel/mks-go/pkg/v2/mksclient/mocks/mock_ClientWithResponsesInterface.go:1052.40,1054.30 2 0
github.com/selectel/mks-go/pkg/v2/mksclient/mocks/mock_ClientWithResponsesInterface.go:1054.30,1055.16 1 0
github.com/selectel/mks-go/pkg/v2/mksclient/mocks/mock_ClientWithResponsesInterface.go:1055.16,1057.5 1 0
github.com/selectel/mks-go/pkg/v2/mksclient/mocks/mock_ClientWithResponsesInterface.go:1059.3,1059.81 1 0
github.com/selectel/mks-go/pkg/v2/mksclient/mocks/mock_ClientWithResponsesInterface.go:1061.2,1061.11 1 0
github.com/selectel/mks-go/pkg/v2/mksclient/mocks/mock_ClientWithResponsesInterface.go:1064.194,1067.2 2 0
github.com/selectel/mks-go/pkg/v2/mksclient/mocks/mock_ClientWithResponsesInterface.go:1069.271,1072.2 2 0
github.com/selectel/mks-go/pkg/v2/mksclient/mocks/mock_ClientWithResponsesInterface.go:1075.208,1077.29 2 0
github.com/selectel/mks-go/pkg/v2/mksclient/mocks/mock_ClientWithResponsesInterface.go:1077.29,1079.3 1 0
github.com/selectel/mks-go/pkg/v2/mksclient/mocks/mock_ClientWithResponsesInterface.go:1080.2,1085.19 5 0
github.com/selectel/mks-go/pkg/v2/mksclient/mocks/mock_ClientWithResponsesInterface.go:1085.19,1086.65 1 0
github.com/selectel/mks-go/pkg/v2/mksclient/mocks/mock_ClientWithResponsesInterface.go:1089.2,1091.154 3 0
github.com/selectel/mks-go/pkg/v2/mksclient/mocks/mock_ClientWithResponsesInterface.go:1091.154,1093.3 1 0
github.com/selectel/mks-go/pkg/v2/mksclient/mocks/mock_ClientWithResponsesInterface.go:1094.2,1094.145 1 0
github.com/selectel/mks-go/pkg/v2/mksclient/mocks/mock_ClientWithResponsesInterface.go:1094.145,1096.3 1 0
github.com/selectel/mks-go/pkg/v2/mksclient/mocks/mock_ClientWithResponsesInterface.go:1096.8,1097.24 1 0
github.com/selectel/mks-go/pkg/v2/mksclient/mocks/mock_ClientWithResponsesInterface.go:1097.24,1099.4 1 0
github.com/selectel/mks-go/pkg/v2/mksclient/mocks/mock_ClientWithResponsesInterface.go:1102.2,1102.120 1 0
github.com/selectel/mks-go/pkg/v2/mksclient/mocks/mock_ClientWithResponsesInterface.go:1102.120,1104.3 1 0
github.com/selectel/mks-go/pkg/v2/mksclient/mocks/mock_ClientWithResponsesInterface.go:1104.8,1106.3 1 0
github.com/selectel/mks-go/pkg/v2/mksclient/mocks/mock_ClientWithResponsesInterface.go:1108.2,1108.15 1 0
github.com/selectel/mks-go/pkg/v2/mksclient/mocks/mock_ClientWithResponsesInterface.go:1120.205,1123.2 1 0
github.com/selectel/mks-go/pkg/v2/mksclient/mocks/mock_ClientWithResponsesInterface.go:1125.250,1126.40 1 0
github.com/selectel/mks-go/pkg/v2/mksclient/mocks/mock_ClientWithResponsesInterface.go:1126.40,1128.30 2 0
github.com/selectel/mks-go/pkg/v2/mksclient/mocks/mock_ClientWithResponsesInterface.go:1128.30,1129.16 1 0
github.com/selectel/mks-go/pkg/v2/mksclient/mocks/mock_ClientWithResponsesInterface.go:1129.16,1131.5 1 0
github.com/selectel/mks-go/pkg/v2/mksclient/mocks/mock_ClientWithResponsesInterface.go:1133.3,1133.90 1 0
github.com/selectel/mks-go/pkg/v2/mksclient/mocks/mock_ClientWithResponsesInterface.go:1135.2,1135.11 1 0
github.com/selectel/mks-go/pkg/v2/mksclient/mocks/mock_ClientWithResponsesInterface.go:1138.191,1141.2 2 0
github.com/selectel/mks-go/pkg/v2/mksclient/mocks/mock_ClientWithResponsesInterface.go:1143.277,1146.2 2 0
github.com/selectel/mks-go/pkg/v2/mksclient/mocks/mock_ClientWithResponsesInterface.go:1149.258,1151.29 2 0
github.com/selectel/mks-go/pkg/v2/mksclient/mocks/mock_ClientWithResponsesInterface.go:1151.29,1153.3 1 0
github.com/selectel/mks-go/pkg/v2/mksclient/mocks/mock_ClientWithResponsesInterface.go:1154.2,1159.19 5 0
github.com/selectel/mks-go/pkg/v2/mksclient/mocks/mock_ClientWithResponsesInterface.go:1159.19,1160.63 1 0
github.com/selectel/mks-go/pkg/v2/mksclient/mocks/mock_ClientWithResponsesInterface.go:1163.2,1165.184 3 0
github.com/selectel/mks-go/pkg/v2/mksclient/mocks/mock_ClientWithResponsesInterface.go:1165.184,1167.3 1 0
github.com/selectel/mks-go/pkg/v2/mksclient/mocks/mock_ClientWithResponsesInterface.go:1168.2,1168.175 1 0
github.com/selectel/mks-go/pkg/v2/mksclient/mocks/mock_ClientWithResponsesInterface.go:1168.175,1170.3 1 0
github.com/selectel/mks-go/pkg/v2/mksclient/mocks/mock_ClientWithResponsesInterface.go:1170.8,1171.24 1 0
github.com/selectel/mks-go/pkg/v2/mksclient/mocks/mock_ClientWithResponsesInterface.go:1171.24,1173.4 1 0
github.com/selectel/mks-go/pkg/v2/mksclient/mocks/mock_ClientWithResponsesInterface.go:1176.2,1176.152 1 0
github.com/selectel/mks-go/pkg/v2/mksclient/mocks/mock_ClientWithResponsesInterface.go:1176.152,1178.3 1 0
github.com/selectel/mks-go/pkg/v2/mksclient/mocks/mock_ClientWithResponsesInterface.go:1178.8,1180.3 1 0
github.com/selectel/mks-go/pkg/v2/mksclient/mocks/mock_ClientWithResponsesInterface.go:1182.2,1182.15 1 0
github.com/selectel/mks-go/pkg/v2/mksclient/mocks/mock_ClientWithResponsesInterface.go:1196.249,1199.2 1 0
github.com/selectel/mks-go/pkg/v2/mksclient/mocks/mock_ClientWithResponsesInterface.go:1201.300,1202.40 1 0
github.com/selectel/mks-go/pkg/v2/mksclient/mocks/mock_ClientWithResponsesInterface.go:1202.40,1204.30 2 0
github.com/selectel/mks-go/pkg/v2/mksclient/mocks/mock_ClientWithResponsesInterface.go:1204.30,1205.16 1 0
github.com/selectel/mks-go/pkg/v2/mksclient/mocks/mock_ClientWithResponsesInterface.go:1205.16,1207.5 1 0
github.com/selectel/mks-go/pkg/v2/mksclient/mocks/mock_ClientWithResponsesInterface.go:1209.3,1209.142 1 0
github.com/selectel/mks-go/pkg/v2/mksclient/mocks/mock_ClientWithResponsesInterface.go:1211.2,1211.11 1 0
github.com/selectel/mks-go/pkg/v2/mksclient/mocks/mock_ClientWithResponsesInterface.go:1214.185,1217.2 2 0
github.com/selectel/mks-go/pkg/v2/mksclient/mocks/mock_ClientWithResponsesInterface.go:1219.303,1222.2 2 0
github.com/selectel/mks-go/pkg/v2/mksclient/mocks/mock_ClientWithResponsesInterface.go:1225.304,1227.29 2 0
github.com/selectel/mks-go/pkg/v2/mksclient/mocks/mock_ClientWithResponsesInterface.go:1227.29,1229.3 1 0
github.com/selectel/mks-go/pkg/v2/mksclient/mocks/mock_ClientWithResponsesInterface.go:1230.2,1235.19 5 0
github.com/selectel/mks-go/pkg/v2/mksclient/mocks/mock_ClientWithResponsesInterface.go:1235.19,1236.75 1 0
github.com/selectel/mks-go/pkg/v2/mksclient/mocks/mock_ClientWithResponsesInterface.go:1239.2,1241.218 3 0
github.com/selectel/mks-go/pkg/v2/mksclient/mocks/mock_ClientWithResponsesInterface.go:1241.218,1243.3 1 0
github.com/selectel/mks-go/pkg/v2/mksclient/mocks/mock_ClientWithResponsesInterface.go:1244.2,1244.209 1 0
github.com/selectel/mks-go/pkg/v2/mksclient/mocks/mock_ClientWithResponsesInterface.go:1244.209,1246.3 1 0
github.com/selectel/mks-go/pkg/v2/mksclient/mocks/mock_ClientWithResponsesInterface.go:1246.8,1247.24 1 0
github.com/selectel/mks-go/pkg/v2/mksclient/mocks/mock_ClientWithResponsesInterface.go:1247.24,1249.4 1 0
github.com/selectel/mks-go/pkg/v2/mksclient/mocks/mock_ClientWithResponsesInterface.go:1252.2,1252.174 1 0
github.com/selectel/mks-go/pkg/v2/mksclient/mocks/mock_ClientWithResponsesInterface.go:1252.174,1254.3 1 0
github.com/selectel/mks-go/pkg/v2/mksclient/mocks/mock_ClientWithResponsesInterface.go:1254.8,1256.3 1 0
github.com/selectel/mks-go/pkg/v2/mksclient/mocks/mock_ClientWithResponsesInterface.go:1258.2,1258.15 1 0
github.com/selectel/mks-go/pkg/v2/mksclient/mocks/mock_ClientWithResponsesInterface.go:1272.273,1275.2 1 0
github.com/selectel/mks-go/pkg/v2/mksclient/mocks/mock_ClientWithResponsesInterface.go:1277.346,1278.40 1 0
github.com/selectel/mks-go/pkg/v2/mksclient/mocks/mock_ClientWithResponsesInterface.go:1278.40,1280.30 2 0
github.com/selectel/mks-go/pkg/v2/mksclient/mocks/mock_ClientWithResponsesInterface.go:1280.30,1281.16 1 0
github.com/selectel/mks-go/pkg/v2/mksclient/mocks/mock_ClientWithResponsesInterface.go:1281.16,1283.5 1 0
github.com/selectel/mks-go/pkg/v2/mksclient/mocks/mock_ClientWithResponsesInterface.go:1285.3,1285.164 1 0
github.com/selectel/mks-go/pkg/v2/mksclient/mocks/mock_ClientWithResponsesInterface.go:1287.2,1287.11 1 0
github.com/selectel/mks-go/pkg/v2/mksclient/mocks/mock_ClientWithResponsesInterface.go:1290.221,1293.2 2 0
github.com/selectel/mks-go/pkg/v2/mksclient/mocks/mock_ClientWithResponsesInterface.go:1295.361,1298.2 2 0
github.com/selectel/mks-go/pkg/v2/mksclient/mocks/mock_ClientWithResponsesInterface.go:1301.243,1303.29 2 0
github.com/selectel/mks-go/pkg/v2/mksclient/mocks/mock_ClientWithResponsesInterface.go:1303.29,1305.3 1 0
github.com/selectel/mks-go/pkg/v2/mksclient/mocks/mock_ClientWithResponsesInterface.go:1306.2,1311.19 5 0
github.com/selectel/mks-go/pkg/v2/mksclient/mocks/mock_ClientWithResponsesInterface.go:1311.19,1312.68 1 0
github.com/selectel/mks-go/pkg/v2/mksclient/mocks/mock_ClientWithResponsesInterface.go:1315.2,1317.171 3 0
github.com/selectel/mks-go/pkg/v2/mksclient/mocks/mock_ClientWithResponsesInterface.go:1317.171,1319.3 1 0
github.com/selectel/mks-go/pkg/v2/mksclient/mocks/mock_ClientWithResponsesInterface.go:1320.2,1320.162 1 0
github.com/selectel/mks-go/pkg/v2/mksclient/mocks/mock_ClientWithResponsesInterface.go:1320.162,1322.3 1 0
github.com/selectel/mks-go/pkg/v2/mksclient/mocks/mock_ClientWithResponsesInterface.go:1322.8,1323.24 1 0
github.com/selectel/mks-go/pkg/v2/mksclient/mocks/mock_ClientWithResponsesInterface.go:1323.24,1325.4 1 0
github.com/selectel/mks-go/pkg/v2/mksclient/mocks/mock_ClientWithResponsesInterface.go:1328.2,1328.134 1 0
github.com/selectel/mks-go/pkg/v2/mksclient/mocks/mock_ClientWithResponsesInterface.go:1328.134,1330.3 1 0
github.com/selectel/mks-go/pkg/v2/mksclient/mocks/mock_ClientWithResponsesInterface.go:1330.8,1332.3 1 0
github.com/selectel/mks-go/pkg/v2/mksclient/mocks/mock_ClientWithResponsesInterface.go:1334.2,1334.15 1 0
github.com/selectel/mks-go/pkg/v2/mksclient/mocks/mock_ClientWithResponsesInterface.go:1347.239,1350.2 1 0
github.com/selectel/mks-go/pkg/v2/mksclient/mocks/mock_ClientWithResponsesInterface.go:1352.285,1353.40 1 0
github.com/selectel/mks-go/pkg/v2/mksclient/mocks/mock_ClientWithResponsesInterface.go:1353.40,1355.30 2 0
github.com/selectel/mks-go/pkg/v2/mksclient/mocks/mock_ClientWithResponsesInterface.go:1355.30,1356.16 1 0
github.com/selectel/mks-go/pkg/v2/mksclient/mocks/mock_ClientWithResponsesInterface.go:1356.16,1358.5 1 0
github.com/selectel/mks-go/pkg/v2/mksclient/mocks/mock_ClientWithResponsesInterface.go:1360.3,1360.114 1 0
github.com/selectel/mks-go/pkg/v2/mksclient/mocks/mock_ClientWithResponsesInterface.go:1362.2,1362.11 1 0
github.com/selectel/mks-go/pkg/v2/mksclient/mocks/mock_ClientWithResponsesInterface.go:1365.200,1368.2 2 0
github.com/selectel/mks-go/pkg/v2/mksclient/mocks/mock_ClientWithResponsesInterface.go:1370.300,1373.2 2 0
github.com/selectel/mks-go/pkg/v2/mksclient/mocks/mock_ClientWithResponsesInterface.go:1376.210,1378.29 2 0
github.com/selectel/mks-go/pkg/v2/mksclient/mocks/mock_ClientWithResponsesInterface.go:1378.29,1380.3 1 0
github.com/selectel/mks-go/pkg/v2/mksclient/mocks/mock_ClientWithResponsesInterface.go:1381.2,1386.19 5 0
github.com/selectel/mks-go/pkg/v2/mksclient/mocks/mock_ClientWithResponsesInterface.go:1386.19,1387.69 1 0
github.com/selectel/mks-go/pkg/v2/mksclient/mocks/mock_ClientWithResponsesInterface.go:1390.2,1392.149 3 0
github.com/selectel/mks-go/pkg/v2/mksclient/mocks/mock_ClientWithResponsesInterface.go:1392.149,1394.3 1 0
github.com/selectel/mks-go/pkg/v2/mksclient/mocks/mock_ClientWithResponsesInterface.go:1395.2,1395.140 1 0
github.com/selectel/mks-go/pkg/v2/mksclient/mocks/mock_ClientWithResponsesInterface.go:1395.140,1397.3 1 0
github.com/selectel/mks-go/pkg/v2/mksclient/mocks/mock_ClientWithResponsesInterface.go:1397.8,1398.24 1 0
github.com/selectel/mks-go/pkg/v2/mksclient/mocks/mock_ClientWithResponsesInterface.go:1398.24,1400.4 1 0
github.com/selectel/mks-go/pkg/v2/mksclient/mocks/mock_ClientWithResponsesInterface.go:1403.2,1403.111 1 0
github.com/selectel/mks-go/pkg/v2/mksclient/mocks/mock_ClientWithResponsesInterface.go:1403.111,1405.3 1 0
github.com/selectel/mks-go/pkg/v2/mksclient/mocks/mock_ClientWithResponsesInterface.go:1405.8,1407.3 1 0
github.com/selectel/mks-go/pkg/v2/mksclient/mocks/mock_ClientWithResponsesInterface.go:1409.2,1409.15 1 0
github.com/selectel/mks-go/pkg/v2/mksclient/mocks/mock_ClientWithResponsesInterface.go:1421.216,1424.2 1 0
github.com/selectel/mks-go/pkg/v2/mksclient/mocks/mock_ClientWithResponsesInterface.go:1426.252,1427.40 1 0
github.com/selectel/mks-go/pkg/v2/mksclient/mocks/mock_ClientWithResponsesInterface.go:1427.40,1429.30 2 0
github.com/selectel/mks-go/pkg/v2/mksclient/mocks/mock_ClientWithResponsesInterface.go:1429.30,1430.16 1 0
github.com/selectel/mks-go/pkg/v2/mksclient/mocks/mock_ClientWithResponsesInterface.go:1430.16,1432.5 1 0
github.com/selectel/mks-go/pkg/v2/mksclient/mocks/mock_ClientWithResponsesInterface.go:1434.3,1434.81 1 0
github.com/selectel/mks-go/pkg/v2/mksclient/mocks/mock_ClientWithResponsesInterface.go:1436.2,1436.11 1 0
github.com/selectel/mks-go/pkg/v2/mksclient/mocks/mock_ClientWithResponsesInterface.go:1439.203,1442.2 2 0
github.com/selectel/mks-go/pkg/v2/mksclient/mocks/mock_ClientWithResponsesInterface.go:1444.280,1447.2 2 0
github.com/selectel/mks-go/pkg/v2/mksclient/mocks/mock_ClientWithResponsesInterface.go:1450.258,1452.29 2 0
github.com/selectel/mks-go/pkg/v2/mksclient/mocks/mock_ClientWithResponsesInterface.go:1452.29,1454.3 1 0
github.com/selectel/mks-go/pkg/v2/mksclient/mocks/mock_ClientWithResponsesInterface.go:1455.2,1460.19 5 0
github.com/selectel/mks-go/pkg/v2/mksclient/mocks/mock_ClientWithResponsesInterface.go:1460.19,1461.63 1 0
github.com/selectel/mks-go/pkg/v2/mksclient/mocks/mock_ClientWithResponsesInterface.go:1464.2,1466.189 3 0
github.com/selectel/mks-go/pkg/v2/mksclient/mocks/mock_ClientWithResponsesInterface.go:1466.189,1468.3 1 0
github.com/selectel/mks-go/pkg/v2/mksclient/mocks/mock_ClientWithResponsesInterface.go:1469.2,1469.180 1 0
github.com/selectel/mks-go/pkg/v2/mksclient/mocks/mock_ClientWithResponsesInterface.go:1469.180,1471.3 1 0
github.com/selectel/mks-go/pkg/v2/mksclient/mocks/mock_ClientWithResponsesInterface.go:1471.8,1472.24 1 0
github.com/selectel/mks-go/pkg/v2/mksclient/mocks/mock_ClientWithResponsesInterface.go:1472.24,1474.4 1 0
github.com/selectel/mks-go/pkg/v2/mksclient/mocks/mock_ClientWithResponsesInterface.go:1477.2,1477.157 1 0
github.com/selectel/mks-go/pkg/v2/mksclient/mocks/mock_ClientWithResponsesInterface.go:1477.157,1479.3 1 0
github.com/selectel/mks-go/pkg/v2/mksclient/mocks/mock_ClientWithResponsesInterface.go:1479.8,1481.3 1 0
github.com/selectel/mks-go/pkg/v2/mksclient/mocks/mock_ClientWithResponsesInterface.go:1483.2,1483.15 1 0
github.com/selectel/mks-go/pkg/v2/mksclient/mocks/mock_ClientWithResponsesInterface.go:1497.244,1500.2 1 0
github.com/selectel/mks-go/pkg/v2/mksclient/mocks/mock_ClientWithResponsesInterface.go:1502.300,1503.40 1 0
github.com/selectel/mks-go/pkg/v2/mksclient/mocks/mock_ClientWithResponsesInterface.go:1503.40,1505.30 2 0
github.com/selectel/mks-go/pkg/v2/mksclient/mocks/mock_ClientWithResponsesInterface.go:1505.30,1506.16 1 0
github.com/selectel/mks-go/pkg/v2/mksclient/mocks/mock_ClientWithResponsesInterface.go:1506.16,1508.5 1 0
github.com/selectel/mks-go/pkg/v2/mksclient/mocks/mock_ClientWithResponsesInterface.go:1510.3,1510.147 1 0
github.com/selectel/mks-go/pkg/v2/mksclient/mocks/mock_ClientWithResponsesInterface.go:1512.2,1512.11 1 0
github.com/selectel/mks-go/pkg/v2/mksclient/mocks/mock_ClientWithResponsesInterface.go:1515.185,1518.2 2 0
github.com/selectel/mks-go/pkg/v2/mksclient/mocks/mock_ClientWithResponsesInterface.go:1520.308,1523.2 2 0
github.com/selectel/mks-go/pkg/v2/mksclient/mocks/mock_ClientWithResponsesInterface.go:1526.169,1528.29 2 0
github.com/selectel/mks-go/pkg/v2/mksclient/mocks/mock_ClientWithResponsesInterface.go:1528.29,1530.3 1 0
github.com/selectel/mks-go/pkg/v2/mksclient/mocks/mock_ClientWithResponsesInterface.go:1531.2,1536.19 5 0
github.com/selectel/mks-go/pkg/v2/mksclient/mocks/mock_ClientWithResponsesInterface.go:1536.19,1537.64 1 0
github.com/selectel/mks-go/pkg/v2/mksclient/mocks/mock_ClientWithResponsesInterface.go:1540.2,1542.123 3 0
github.com/selectel/mks-go/pkg/v2/mksclient/mocks/mock_ClientWithResponsesInterface.go:1542.123,1544.3 1 0
github.com/selectel/mks-go/pkg/v2/mksclient/mocks/mock_ClientWithResponsesInterface.go:1545.2,1545.114 1 0
github.com/selectel/mks-go/pkg/v2/mksclient/mocks/mock_ClientWithResponsesInterface.go:1545.114,1547.3 1 0
github.com/selectel/mks-go/pkg/v2/mksclient/mocks/mock_ClientWithResponsesInterface.go:1547.8,1548.24 1 0
github.com/selectel/mks-go/pkg/v2/mksclient/mocks/mock_ClientWithResponsesInterface.go:1548.24,1550.4 1 0
github.com/selectel/mks-go/pkg/v2/mksclient/mocks/mock_ClientWithResponsesInterface.go:1553.2,1553.90 1 0
github.com/selectel/mks-go/pkg/v2/mksclient/mocks/mock_ClientWithResponsesInterface.go:1553.90,1555.3 1 0
github.com/selectel/mks-go/pkg/v2/mksclient/mocks/mock_ClientWithResponsesInterface.go:1555.8,1557.3 1 0
github.com/selectel/mks-go/pkg/v2/mksclient/mocks/mock_ClientWithResponsesInterface.go:1559.2,1559.15 1 0
github.com/selectel/mks-go/pkg/v2/mksclient/mocks/mock_ClientWithResponsesInterface.go:1570.183,1573.2 1 0
github.com/selectel/mks-go/pkg/v2/mksclient/mocks/mock_ClientWithResponsesInterface.go:1575.211,1576.40 1 0
github.com/selectel/mks-go/pkg/v2/mksclient/mocks/mock_ClientWithResponsesInterface.go:1576.40,1578.30 2 0
github.com/selectel/mks-go/pkg/v2/mksclient/mocks/mock_ClientWithResponsesInterface.go:1578.30,1579.16 1 0
github.com/selectel/mks-go/pkg/v2/mksclient/mocks/mock_ClientWithResponsesInterface.go:1579.16,1581.5 1 0
github.com/selectel/mks-go/pkg/v2/mksclient/mocks/mock_ClientWithResponsesInterface.go:1583.3,1583.50 1 0
github.com/selectel/mks-go/pkg/v2/mksclient/mocks/mock_ClientWithResponsesInterface.go:1585.2,1585.11 1 0
github.com/selectel/mks-go/pkg/v2/mksclient/mocks/mock_ClientWithResponsesInterface.go:1588.188,1591.2 2 0
github.com/selectel/mks-go/pkg/v2/mksclient/mocks/mock_ClientWithResponsesInterface.go:1593.244,1596.2 2 0
github.com/selectel/mks-go/pkg/v2/mksclient/mocks/mock_ClientWithResponsesInterface.go:1599.201,1601.29 2 0
github.com/selectel/mks-go/pkg/v2/mksclient/mocks/mock_ClientWithResponsesInterface.go:1601.29,1603.3 1 0
github.com/selectel/mks-go/pkg/v2/mksclient/mocks/mock_ClientWithResponsesInterface.go:1604.2,1609.19 5 0
github.com/selectel/mks-go/pkg/v2/mksclient/mocks/mock_ClientWithResponsesInterface.go:1609.19,1610.80 1 0
github.com/selectel/mks-go/pkg/v2/mksclient/mocks/mock_ClientWithResponsesInterface.go:1613.2,1615.139 3 0
github.com/selectel/mks-go/pkg/v2/mksclient/mocks/mock_ClientWithResponsesInterface.go:1615.139,1617.3 1 0
github.com/selectel/mks-go/pkg/v2/mksclient/mocks/mock_ClientWithResponsesInterface.go:1618.2,1618.130 1 0
github.com/selectel/mks-go/pkg/v2/mksclient/mocks/mock_ClientWithResponsesInterface.go:1618.130,1620.3 1 0
github.com/selectel/mks-go/pkg/v2/mksclient/mocks/mock_ClientWithResponsesInterface.go:1620.8,1621.24 1 0
github.com/selectel/mks-go/pkg/v2/mksclient/mocks/mock_ClientWithResponsesInterface.go:1621.24,1623.4 1 0
github.com/selectel/mks-go/pkg/v2/mksclient/mocks/mock_ClientWithResponsesInterface.go:1626.2,1626.90 1 0
github.com/selectel/mks-go/pkg/v2/mksclient/mocks/mock_ClientWithResponsesInterface.go:1626.90,1628.3 1 0
github.com/selectel/mks-go/pkg/v2/mksclient/mocks/mock_ClientWithResponsesInterface.go:1628.8,1630.3 1 0
github.com/selectel/mks-go/pkg/v2/mksclient/mocks/mock_ClientWithResponsesInterface.go:1632.2,1632.15 1 0
github.com/selectel/mks-go/pkg/v2/mksclient/mocks/mock_ClientWithResponsesInterface.go:1643.215,1646.2 1 0
github.com/selectel/mks-go/pkg/v2/mksclient/mocks/mock_ClientWithResponsesInterface.go:1648.243,1649.40 1 0
github.com/selectel/mks-go/pkg/v2/mksclient/mocks/mock_ClientWithResponsesInterface.go:1649.40,1651.30 2 0
github.com/selectel/mks-go/pkg/v2/mksclient/mocks/mock_ClientWithResponsesInterface.go:1651.30,1652.16 1 0
github.com/selectel/mks-go/pkg/v2/mksclient/mocks/mock_ClientWithResponsesInterface.go:1652.16,1654.5 1 0
github.com/selectel/mks-go/pkg/v2/mksclient/mocks/mock_ClientWithResponsesInterface.go:1656.3,1656.50 1 0
github.com/selectel/mks-go/pkg/v2/mksclient/mocks/mock_ClientWithResponsesInterface.go:1658.2,1658.11 1 0
github.com/selectel/mks-go/pkg/v2/mksclient/mocks/mock_ClientWithResponsesInterface.go:1661.236,1664.2 2 0
github.com/selectel/mks-go/pkg/v2/mksclient/mocks/mock_ClientWithResponsesInterface.go:1666.292,1669.2 2 0
github.com/selectel/mks-go/pkg/v2/mksclient/mocks/mock_ClientWithResponsesInterface.go:1672.177,1674.29 2 0
github.com/selectel/mks-go/pkg/v2/mksclient/mocks/mock_ClientWithResponsesInterface.go:1674.29,1676.3 1 0
github.com/selectel/mks-go/pkg/v2/mksclient/mocks/mock_ClientWithResponsesInterface.go:1677.2,1682.19 5 0
github.com/selectel/mks-go/pkg/v2/mksclient/mocks/mock_ClientWithResponsesInterface.go:1682.19,1683.68 1 0
github.com/selectel/mks-go/pkg/v2/mksclient/mocks/mock_ClientWithResponsesInterface.go:1686.2,1688.127 3 0
github.com/selectel/mks-go/pkg/v2/mksclient/mocks/mock_ClientWithResponsesInterface.go:1688.127,1690.3 1 0
github.com/selectel/mks-go/pkg/v2/mksclient/mocks/mock_ClientWithResponsesInterface.go:1691.2,1691.118 1 0
github.com/selectel/mks-go/pkg/v2/mksclient/mocks/mock_ClientWithResponsesInterface.go:1691.118,1693.3 1 0
github.com/selectel/mks-go/pkg/v2/mksclient/mocks/mock_ClientWithResponsesInterface.go:1693.8,1694.24 1 0
github.com/selectel/mks-go/pkg/v2/mksclient/mocks/mock_ClientWithResponsesInterface.go:1694.24,1696.4 1 0
github.com/selectel/mks-go/pkg/v2/mksclient/mocks/mock_ClientWithResponsesInterface.go:1699.2,1699.90 1 0
github.com/selectel/mks-go/pkg/v2/mksclient/mocks/mock_ClientWithResponsesInterface.go:1699.90,1701.3 1 0
github.com/selectel/mks-go/pkg/v2/mksclient/mocks/mock_ClientWithResponsesInterface.go:1701.8,1703.3 1 0
github.com/selectel/mks-go/pkg/v2/mksclient/mocks/mock_ClientWithResponsesInterface.go:1705.2,1705.15 1 0
github.com/selectel/mks-go/pkg/v2/mksclient/mocks/mock_ClientWithResponsesInterface.go:1716.191,1719.2 1 0
github.com/selectel/mks-go/pkg/v2/mksclient/mocks/mock_ClientWithResponsesInterface.go:1721.219,1722.40 1 0
github.com/selectel/mks-go/pkg/v2/mksclient/mocks/mock_ClientWithResponsesInterface.go:1722.40,1724.30 2 0
github.com/selectel/mks-go/pkg/v2/mksclient/mocks/mock_ClientWithResponsesInterface.go:1724.30,1725.16 1 0
github.com/selectel/mks-go/pkg/v2/mksclient/mocks/mock_ClientWithResponsesInterface.go:1725.16,1727.5 1 0
github.com/selectel/mks-go/pkg/v2/mksclient/mocks/mock_ClientWithResponsesInterface.go:1729.3,1729.50 1 0
github.com/selectel/mks-go/pkg/v2/mksclient/mocks/mock_ClientWithResponsesInterface.go:1731.2,1731.11 1 0
github.com/selectel/mks-go/pkg/v2/mksclient/mocks/mock_ClientWithResponsesInterface.go:1734.200,1737.2 2 0
github.com/selectel/mks-go/pkg/v2/mksclient/mocks/mock_ClientWithResponsesInterface.go:1739.256,1742.2 2 0
github.com/selectel/mks-go/pkg/v2/mksclient/mocks/mock_ClientWithResponsesInterface.go:1745.185,1747.29 2 0
github.com/selectel/mks-go/pkg/v2/mksclient/mocks/mock_ClientWithResponsesInterface.go:1747.29,1749.3 1 0
github.com/selectel/mks-go/pkg/v2/mksclient/mocks/mock_ClientWithResponsesInterface.go:1750.2,1755.19 5 0
github.com/selectel/mks-go/pkg/v2/mksclient/mocks/mock_ClientWithResponsesInterface.go:1755.19,1756.72 1 0
github.com/selectel/mks-go/pkg/v2/mksclient/mocks/mock_ClientWithResponsesInterface.go:1759.2,1761.131 3 0
github.com/selectel/mks-go/pkg/v2/mksclient/mocks/mock_ClientWithResponsesInterface.go:1761.131,1763.3 1 0
github.com/selectel/mks-go/pkg/v2/mksclient/mocks/mock_ClientWithResponsesInterface.go:1764.2,1764.122 1 0
github.com/selectel/mks-go/pkg/v2/mksclient/mocks/mock_ClientWithResponsesInterface.go:1764.122,1766.3 1 0
github.com/selectel/mks-go/pkg/v2/mksclient/mocks/mock_ClientWithResponsesInterface.go:1766.8,1767.24 1 0
github.com/selectel/mks-go/pkg/v2/mksclient/mocks/mock_ClientWithResponsesInterface.go:1767.24,1769.4 1 0
github.com/selectel/mks-go/pkg/v2/mksclient/mocks/mock_ClientWithResponsesInterface.go:1772.2,1772.90 1 0
github.com/selectel/mks-go/pkg/v2/mksclient/mocks/mock_ClientWithResponsesInterface.go:1772.90,1774.3 1 0
github.com/selectel/mks-go/pkg/v2/mksclient/mocks/mock_ClientWithResponsesInterface.go:1774.8,1776.3 1 0
github.com/selectel/mks-go/pkg/v2/mksclient/mocks/mock_ClientWithResponsesInterface.go:1778.2,1778.15 1 0
github.com/selectel/mks-go/pkg/v2/mksclient/mocks/mock_ClientWithResponsesInterface.go:1789.199,1792.2 1 0
github.com/selectel/mks-go/pkg/v2/mksclient/mocks/mock_ClientWithResponsesInterface.go:1794.227,1795.40 1 0
github.com/selectel/mks-go/pkg/v2/mksclient/mocks/mock_ClientWithResponsesInterface.go:1795.40,1797.30 2 0
github.com/selectel/mks-go/pkg/v2/mksclient/mocks/mock_ClientWithResponsesInterface.go:1797.30,1798.16 1 0
github.com/selectel/mks-go/pkg/v2/mksclient/mocks/mock_ClientWithResponsesInterface.go:1798.16,1800.5 1 0
github.com/selectel/mks-go/pkg/v2/mksclient/mocks/mock_ClientWithResponsesInterface.go:1802.3,1802.50 1 0
github.com/selectel/mks-go/pkg/v2/mksclient/mocks/mock_ClientWithResponsesInterface.go:1804.2,1804.11 1 0
github.com/selectel/mks-go/pkg/v2/mksclient/mocks/mock_ClientWithResponsesInterface.go:1807.212,1810.2 2 0
github.com/selectel/mks-go/pkg/v2/mksclient/mocks/mock_ClientWithResponsesInterface.go:1812.268,1815.2 2 0
github.com/selectel/mks-go/pkg/v2/mksclient/mocks/mock_ClientWithResponsesInterface.go:1818.185,1820.29 2 0
github.com/selectel/mks-go/pkg/v2/mksclient/mocks/mock_ClientWithResponsesInterface.go:1820.29,1822.3 1 0
github.com/selectel/mks-go/pkg/v2/mksclient/mocks/mock_ClientWithResponsesInterface.go:1823.2,1828.19 5 0
github.com/selectel/mks-go/pkg/v2/mksclient/mocks/mock_ClientWithResponsesInterface.go:1828.19,1829.72 1 0
github.com/selectel/mks-go/pkg/v2/mksclient/mocks/mock_ClientWithResponsesInterface.go:1832.2,1834.131 3 0
github.com/selectel/mks-go/pkg/v2/mksclient/mocks/mock_ClientWithResponsesInterface.go:1834.131,1836.3 1 0
github.com/selectel/mks-go/pkg/v2/mksclient/mocks/mock_ClientWithResponsesInterface.go:1837.2,1837.122 1 0
github.com/selectel/mks-go/pkg/v2/mksclient/mocks/mock_ClientWithResponsesInterface.go:1837.122,1839.3 1 0
github.com/selectel/mks-go/pkg/v2/mksclient/mocks/mock_ClientWithResponsesInterface.go:1839.8,1840.24 1 0
github.com/selectel/mks-go/pkg/v2/mksclient/mocks/mock_ClientWithResponsesInterface.go:1840.24,1842.4 1 0
github.com/selectel/mks-go/pkg/v2/mksclient/mocks/mock_ClientWithResponsesInterface.go:1845.2,1845.90 1 0
github.com/selectel/mks-go/pkg/v2/mksclient/mocks/mock_ClientWithResponsesInterface.go:1845.90,1847.3 1 0
github.com/selectel/mks-go/pkg/v2/mksclient/mocks/mock_ClientWithResponsesInterface.go:1847.8,1849.3 1 0
github.com/selectel/mks-go/pkg/v2/mksclient/mocks/mock_ClientWithResponsesInterface.go:1851.2,1851.15 1 0
github.com/selectel/mks-go/pkg/v2/mksclient/mocks/mock_ClientWithResponsesInterface.go:1862.199,1865.2 1 0
github.com/selectel/mks-go/pkg/v2/mksclient/mocks/mock_ClientWithResponsesInterface.go:1867.227,1868.40 1 0
github.com/selectel/mks-go/pkg/v2/mksclient/mocks/mock_ClientWithResponsesInterface.go:1868.40,1870.30 2 0
github.com/selectel/mks-go/pkg/v2/mksclient/mocks/mock_ClientWithResponsesInterface.go:1870.30,1871.16 1 0
github.com/selectel/mks-go/pkg/v2/mksclient/mocks/mock_ClientWithResponsesInterface.go:1871.16,1873.5 1 0
github.com/selectel/mks-go/pkg/v2/mksclient/mocks/mock_ClientWithResponsesInterface.go:1875.3,1875.50 1 0
github.com/selectel/mks-go/pkg/v2/mksclient/mocks/mock_ClientWithResponsesInterface.go:1877.2,1877.11 1 0
github.com/selectel/mks-go/pkg/v2/mksclient/mocks/mock_ClientWithResponsesInterface.go:1880.212,1883.2 2 0
github.com/selectel/mks-go/pkg/v2/mksclient/mocks/mock_ClientWithResponsesInterface.go:1885.268,1888.2 2 0
github.com/selectel/mks-go/pkg/v2/mksclient/mocks/mock_ClientWithResponsesInterface.go:1891.212,1893.29 2 0
github.com/selectel/mks-go/pkg/v2/mksclient/mocks/mock_ClientWithResponsesInterface.go:1893.29,1895.3 1 0
github.com/selectel/mks-go/pkg/v2/mksclient/mocks/mock_ClientWithResponsesInterface.go:1896.2,1901.19 5 0
github.com/selectel/mks-go/pkg/v2/mksclient/mocks/mock_ClientWithResponsesInterface.go:1901.19,1902.70 1 0
github.com/selectel/mks-go/pkg/v2/mksclient/mocks/mock_ClientWithResponsesInterface.go:1905.2,1907.150 3 0
github.com/selectel/mks-go/pkg/v2/mksclient/mocks/mock_ClientWithResponsesInterface.go:1907.150,1909.3 1 0
github.com/selectel/mks-go/pkg/v2/mksclient/mocks/mock_ClientWithResponsesInterface.go:1910.2,1910.141 1 0
github.com/selectel/mks-go/pkg/v2/mksclient/mocks/mock_ClientWithResponsesInterface.go:1910.141,1912.3 1 0
github.com/selectel/mks-go/pkg/v2/mksclient/mocks/mock_ClientWithResponsesInterface.go:1912.8,1913.24 1 0
github.com/selectel/mks-go/pkg/v2/mksclient/mocks/mock_ClientWithResponsesInterface.go:1913.24,1915.4 1 0
github.com/selectel/mks-go/pkg/v2/mksclient/mocks/mock_ClientWithResponsesInterface.go:1918.2,1918.111 1 0
github.com/selectel/mks-go/pkg/v2/mksclient/mocks/mock_ClientWithResponsesInterface.go:1918.111,1920.3 1 0
github.com/selectel/mks-go/pkg/v2/mksclient/mocks/mock_ClientWithResponsesInterface.go:1920.8,1922.3 1 0
github.com/selectel/mks-go/pkg/v2/mksclient/mocks/mock_ClientWithResponsesInterface.go:1924.2,1924.15 1 0
github.com/selectel/mks-go/pkg/v2/mksclient/mocks/mock_ClientWithResponsesInterface.go:1936.218,1939.2 1 0
github.com/selectel/mks-go/pkg/v2/mksclient/mocks/mock_ClientWithResponsesInterface.go:1941.254,1942.40 1 0
github.com/selectel/mks-go/pkg/v2/mksclient/mocks/mock_ClientWithResponsesInterface.go:1942.40,1944.30 2 0
github.com/selectel/mks-go/pkg/v2/mksclient/mocks/mock_ClientWithResponsesInterface.go:1944.30,1945.16 1 0
github.com/selectel/mks-go/pkg/v2/mksclient/mocks/mock_ClientWithResponsesInterface.go:1945.16,1947.5 1 0
github.com/selectel/mks-go/pkg/v2/mksclient/mocks/mock_ClientWithResponsesInterface.go:1949.3,1949.81 1 0
github.com/selectel/mks-go/pkg/v2/mksclient/mocks/mock_ClientWithResponsesInterface.go:1951.2,1951.11 1 0
github.com/selectel/mks-go/pkg/v2/mksclient/mocks/mock_ClientWithResponsesInterface.go:1954.206,1957.2 2 0
github.com/selectel/mks-go/pkg/v2/mksclient/mocks/mock_ClientWithResponsesInterface.go:1959.283,1962.2 2 0
github.com/selectel/mks-go/pkg/v2/mksclient/mocks/mock_ClientWithResponsesInterface.go:1965.239,1967.29 2 0
github.com/selectel/mks-go/pkg/v2/mksclient/mocks/mock_ClientWithResponsesInterface.go:1967.29,1969.3 1 0
github.com/selectel/mks-go/pkg/v2/mksclient/mocks/mock_ClientWithResponsesInterface.go:1970.2,1975.19 5 0
github.com/selectel/mks-go/pkg/v2/mksclient/mocks/mock_ClientWithResponsesInterface.go:1975.19,1976.65 1 0
github.com/selectel/mks-go/pkg/v2/mksclient/mocks/mock_ClientWithResponsesInterface.go:1979.2,1981.175 3 0
github.com/selectel/mks-go/pkg/v2/mksclient/mocks/mock_ClientWithResponsesInterface.go:1981.175,1983.3 1 0
github.com/selectel/mks-go/pkg/v2/mksclient/mocks/mock_ClientWithResponsesInterface.go:1984.2,1984.166 1 0
github.com/selectel/mks-go/pkg/v2/mksclient/mocks/mock_ClientWithResponsesInterface.go:1984.166,1986.3 1 0
github.com/selectel/mks-go/pkg/v2/mksclient/mocks/mock_ClientWithResponsesInterface.go:1986.8,1987.24 1 0
github.com/selectel/mks-go/pkg/v2/mksclient/mocks/mock_ClientWithResponsesInterface.go:1987.24,1989.4 1 0
github.com/selectel/mks-go/pkg/v2/mksclient/mocks/mock_ClientWithResponsesInterface.go:1992.2,1992.141 1 0
github.com/selectel/mks-go/pkg/v2/mksclient/mocks/mock_ClientWithResponsesInterface.go:1992.141,1994.3 1 0
github.com/selectel/mks-go/pkg/v2/mksclient/mocks/mock_ClientWithResponsesInterface.go:1994.8,1996.3 1 0
github.com/selectel/mks-go/pkg/v2/mksclient/mocks/mock_ClientWithResponsesInterface.go:1998.2,1998.15 1 0
github.com/selectel/mks-go/pkg/v2/mksclient/mocks/mock_ClientWithResponsesInterface.go:2011.228,2014.2 1 0
github.com/selectel/mks-go/pkg/v2/mksclient/mocks/mock_ClientWithResponsesInterface.go:2016.281,2017.40 1 0
github.com/selectel/mks-go/pkg/v2/mksclient/mocks/mock_ClientWithResponsesInterface.go:2017.40,2019.30 2 0
github.com/selectel/mks-go/pkg/v2/mksclient/mocks/mock_ClientWithResponsesInterface.go:2019.30,2020.16 1 0
github.com/selectel/mks-go/pkg/v2/mksclient/mocks/mock_ClientWithResponsesInterface.go:2020.16,2022.5 1 0
github.com/selectel/mks-go/pkg/v2/mksclient/mocks/mock_ClientWithResponsesInterface.go:2024.3,2024.121 1 0
github.com/selectel/mks-go/pkg/v2/mksclient/mocks/mock_ClientWithResponsesInterface.go:2026.2,2026.11 1 0
github.com/selectel/mks-go/pkg/v2/mksclient/mocks/mock_ClientWithResponsesInterface.go:2029.191,2032.2 2 0
github.com/selectel/mks-go/pkg/v2/mksclient/mocks/mock_ClientWithResponsesInterface.go:2034.298,2037.2 2 0
github.com/selectel/mks-go/pkg/v2/mksclient/mocks/mock_ClientWithResponsesInterface.go:2040.270,2042.29 2 0
github.com/selectel/mks-go/pkg/v2/mksclient/mocks/mock_ClientWithResponsesInterface.go:2042.29,2044.3 1 0
github.com/selectel/mks-go/pkg/v2/mksclient/mocks/mock_ClientWithResponsesInterface.go:2045.2,2050.19 5 0
github.com/selectel/mks-go/pkg/v2/mksclient/mocks/mock_ClientWithResponsesInterface.go:2050.19,2051.69 1 0
github.com/selectel/mks-go/pkg/v2/mksclient/mocks/mock_ClientWithResponsesInterface.go:2054.2,2056.190 3 0
github.com/selectel/mks-go/pkg/v2/mksclient/mocks/mock_ClientWithResponsesInterface.go:2056.190,2058.3 1 0
github.com/selectel/mks-go/pkg/v2/mksclient/mocks/mock_ClientWithResponsesInterface.go:2059.2,2059.181 1 0
github.com/selectel/mks-go/pkg/v2/mksclient/mocks/mock_ClientWithResponsesInterface.go:2059.181,2061.3 1 0
github.com/selectel/mks-go/pkg/v2/mksclient/mocks/mock_ClientWithResponsesInterface.go:2061.8,2062.24 1 0
github.com/selectel/mks-go/pkg/v2/mksclient/mocks/mock_ClientWithResponsesInterface.go:2062.24,2064.4 1 0
github.com/selectel/mks-go/pkg/v2/mksclient/mocks/mock_ClientWithResponsesInterface.go:2067.2,2067.152 1 0
github.com/selectel/mks-go/pkg/v2/mksclient/mocks/mock_ClientWithResponsesInterface.go:2067.152,2069.3 1 0
github.com/selectel/mks-go/pkg/v2/mksclient/mocks/mock_ClientWithResponsesInterface.go:2069.8,2071.3 1 0
github.com/selectel/mks-go/pkg/v2/mksclient/mocks/mock_ClientWithResponsesInterface.go:2073.2,2073.15 1 0
github.com/selectel/mks-go/pkg/v2/mksclient/mocks/mock_ClientWithResponsesInterface.go:2087.261,2090.2 1 0
github.com/selectel/mks-go/pkg/v2/mksclient/mocks/mock_ClientWithResponsesInterface.go:2092.312,2093.40 1 0
github.com/selectel/mks-go/pkg/v2/mksclient/mocks/mock_ClientWithResponsesInterface.go:2093.40,2095.30 2 0
github.com/selectel/mks-go/pkg/v2/mksclient/mocks/mock_ClientWithResponsesInterface.go:2095.30,2096.16 1 0
github.com/selectel/mks-go/pkg/v2/mksclient/mocks/mock_ClientWithResponsesInterface.go:2096.16,2098.5 1 0
github.com/selectel/mks-go/pkg/v2/mksclient/mocks/mock_ClientWithResponsesInterface.go:2100.3,2100.142 1 0
github.com/selectel/mks-go/pkg/v2/mksclient/mocks/mock_ClientWithResponsesInterface.go:2102.2,2102.11 1 0
github.com/selectel/mks-go/pkg/v2/mksclient/mocks/mock_ClientWithResponsesInterface.go:2105.203,2108.2 2 0
github.com/selectel/mks-go/pkg/v2/mksclient/mocks/mock_ClientWithResponsesInterface.go:2110.321,2113.2 2 0
github.com/selectel/mks-go/pkg/v2/mksclient/mocks/mock_ClientWithResponsesInterface.go:2116.293,2118.29 2 0
github.com/selectel/mks-go/pkg/v2/mksclient/mocks/mock_ClientWithResponsesInterface.go:2118.29,2120.3 1 0
github.com/selectel/mks-go/pkg/v2/mksclient/mocks/mock_ClientWithResponsesInterface.go:2121.2,2126.19 5 0
github.com/selectel/mks-go/pkg/v2/mksclient/mocks/mock_ClientWithResponsesInterface.go:2126.19,2127.79 1 0
github.com/selectel/mks-go/pkg/v2/mksclient/mocks/mock_ClientWithResponsesInterface.go:2130.2,2132.193 3 0
github.com/selectel/mks-go/pkg/v2/mksclient/mocks/mock_ClientWithResponsesInterface.go:2132.193,2134.3 1 0
github.com/selectel/mks-go/pkg/v2/mksclient/mocks/mock_ClientWithResponsesInterface.go:2135.2,2135.184 1 0
github.com/selectel/mks-go/pkg/v2/mksclient/mocks/mock_ClientWithResponsesInterface.go:2135.184,2137.3 1 0
github.com/selectel/mks-go/pkg/v2/mksclient/mocks/mock_ClientWithResponsesInterface.go:2137.8,2138.24 1 0
github.com/selectel/mks-go/pkg/v2/mksclient/mocks/mock_ClientWithResponsesInterface.go:2138.24,2140.4 1 0
github.com/selectel/mks-go/pkg/v2/mksclient/mocks/mock_ClientWithResponsesInterface.go:2143.2,2143.153 1 0
github.com/selectel/mks-go/pkg/v2/mksclient/mocks/mock_ClientWithResponsesInterface.go:2143.153,2145.3 1 0
github.com/selectel/mks-go/pkg/v2/mksclient/mocks/mock_ClientWithResponsesInterface.go:2145.8,2147.3 1 0
github.com/selectel/mks-go/pkg/v2/mksclient/mocks/mock_ClientWithResponsesInterface.go:2149.2,2149.15 1 0
github.com/selectel/mks-go/pkg/v2/mksclient/mocks/mock_ClientWithResponsesInterface.go:2164.304,2167.2 1 0
github.com/selectel/mks-go/pkg/v2/mksclient/mocks/mock_ClientWithResponsesInterface.go:2169.343,2170.40 1 0
github.com/selectel/mks-go/pkg/v2/mksclient/mocks/mock_ClientWithResponsesInterface.go:2170.40,2172.30 2 0
github.com/selectel/mks-go/pkg/v2/mksclient/mocks/mock_ClientWithResponsesInterface.go:2172.30,2173.16 1 0
github.com/selectel/mks-go/pkg/v2/mksclient/mocks/mock_ClientWithResponsesInterface.go:2173.16,2175.5 1 0
github.com/selectel/mks-go/pkg/v2/mksclient/mocks/mock_ClientWithResponsesInterface.go:2177.3,2177.153 1 0
github.com/selectel/mks-go/pkg/v2/mksclient/mocks/mock_ClientWithResponsesInterface.go:2179.2,2179.11 1 0
github.com/selectel/mks-go/pkg/v2/mksclient/mocks/mock_ClientWithResponsesInterface.go:2182.225,2185.2 2 0
github.com/selectel/mks-go/pkg/v2/mksclient/mocks/mock_ClientWithResponsesInterface.go:2187.344,2190.2 2 0
github.com/selectel/mks-go/pkg/v2/mksclient/mocks/mock_ClientWithResponsesInterface.go:2193.298,2195.29 2 0
github.com/selectel/mks-go/pkg/v2/mksclient/mocks/mock_ClientWithResponsesInterface.go:2195.29,2197.3 1 0
github.com/selectel/mks-go/pkg/v2/mksclient/mocks/mock_ClientWithResponsesInterface.go:2198.2,2203.19 5 0
github.com/selectel/mks-go/pkg/v2/mksclient/mocks/mock_ClientWithResponsesInterface.go:2203.19,2204.71 1 0
github.com/selectel/mks-go/pkg/v2/mksclient/mocks/mock_ClientWithResponsesInterface.go:2207.2,2209.218 3 0
github.com/selectel/mks-go/pkg/v2/mksclient/mocks/mock_ClientWithResponsesInterface.go:2209.218,2211.3 1 0
github.com/selectel/mks-go/pkg/v2/mksclient/mocks/mock_ClientWithResponsesInterface.go:2212.2,2212.209 1 0
github.com/selectel/mks-go/pkg/v2/mksclient/mocks/mock_ClientWithResponsesInterface.go:2212.209,2214.3 1 0
github.com/selectel/mks-go/pkg/v2/mksclient/mocks/mock_ClientWithResponsesInterface.go:2214.8,2215.24 1 0
github.com/selectel/mks-go/pkg/v2/mksclient/mocks/mock_ClientWithResponsesInterface.go:2215.24,2217.4 1 0
github.com/selectel/mks-go/pkg/v2/mksclient/mocks/mock_ClientWithResponsesInterface.go:2220.2,2220.178 1 0
github.com/selectel/mks-go/pkg/v2/mksclient/mocks/mock_ClientWithResponsesInterface.go:2220.178,2222.3 1 0
github.com/selectel/mks-go/pkg/v2/mksclient/mocks/mock_ClientWithResponsesInterface.go:2222.8,2224.3 1 0
github.com/selectel/mks-go/pkg/v2/mksclient/mocks/mock_ClientWithResponsesInterface.go:2226.2,2226.15 1 0
github.com/selectel/mks-go/pkg/v2/mksclient/mocks/mock_ClientWithResponsesInterface.go:2240.263,2243.2 1 0
github.com/selectel/mks-go/pkg/v2/mksclient/mocks/mock_ClientWithResponsesInterface.go:2245.340,2246.40 1 0
github.com/selectel/mks-go/pkg/v2/mksclient/mocks/mock_ClientWithResponsesInterface.go:2246.40,2248.30 2 0
github.com/selectel/mks-go/pkg/v2/mksclient/mocks/mock_ClientWithResponsesInterface.go:2248.30,2249.16 1 0
github.com/selectel/mks-go/pkg/v2/mksclient/mocks/mock_ClientWithResponsesInterface.go:2249.16,2251.5 1 0
github.com/selectel/mks-go/pkg/v2/mksclient/mocks/mock_ClientWithResponsesInterface.go:2253.3,2253.168 1 0
github.com/selectel/mks-go/pkg/v2/mksclient/mocks/mock_ClientWithResponsesInterface.go:2255.2,2255.11 1 0
github.com/selectel/mks-go/pkg/v2/mksclient/mocks/mock_ClientWithResponsesInterface.go:2258.209,2261.2 2 0
github.com/selectel/mks-go/pkg/v2/mksclient/mocks/mock_ClientWithResponsesInterface.go:2263.353,2266.2 2 0
github.com/selectel/mks-go/pkg/v2/mksclient/mocks/mock_ClientWithResponsesInterface.go:2269.220,2271.29 2 0
github.com/selectel/mks-go/pkg/v2/mksclient/mocks/mock_ClientWithResponsesInterface.go:2271.29,2273.3 1 0
github.com/selectel/mks-go/pkg/v2/mksclient/mocks/mock_ClientWithResponsesInterface.go:2274.2,2279.19 5 0
github.com/selectel/mks-go/pkg/v2/mksclient/mocks/mock_ClientWithResponsesInterface.go:2279.19,2280.74 1 0
github.com/selectel/mks-go/pkg/v2/mksclient/mocks/mock_ClientWithResponsesInterface.go:2283.2,2285.154 3 0
github.com/selectel/mks-go/pkg/v2/mksclient/mocks/mock_ClientWithResponsesInterface.go:2285.154,2287.3 1 0
github.com/selectel/mks-go/pkg/v2/mksclient/mocks/mock_ClientWithResponsesInterface.go:2288.2,2288.145 1 0
github.com/selectel/mks-go/pkg/v2/mksclient/mocks/mock_ClientWithResponsesInterface.go:2288.145,2290.3 1 0
github.com/selectel/mks-go/pkg/v2/mksclient/mocks/mock_ClientWithResponsesInterface.go:2290.8,2291.24 1 0
github.com/selectel/mks-go/pkg/v2/mksclient/mocks/mock_ClientWithResponsesInterface.go:2291.24,2293.4 1 0
github.com/selectel/mks-go/pkg/v2/mksclient/mocks/mock_ClientWithResponsesInterface.go:2296.2,2296.111 1 0
github.com/selectel/mks-go/pkg/v2/mksclient/mocks/mock_ClientWithResponsesInterface.go:2296.111,2298.3 1 0
github.com/selectel/mks-go/pkg/v2/mksclient/mocks/mock_ClientWithResponsesInterface.go:2298.8,2300.3 1 0
github.com/selectel/mks-go/pkg/v2/mksclient/mocks/mock_ClientWithResponsesInterface.go:2302.2,2302.15 1 0
github.com/selectel/mks-go/pkg/v2/mksclient/mocks/mock_ClientWithResponsesInterface.go:2314.226,2317.2 1 0
github.com/selectel/mks-go/pkg/v2/mksclient/mocks/mock_ClientWithResponsesInterface.go:2319.262,2320.40 1 0
github.com/selectel/mks-go/pkg/v2/mksclient/mocks/mock_ClientWithResponsesInterface.go:2320.40,2322.30 2 0
github.com/selectel/mks-go/pkg/v2/mksclient/mocks/mock_ClientWithResponsesInterface.go:2322.30,2323.16 1 0
github.com/selectel/mks-go/pkg/v2/mksclient/mocks/mock_ClientWithResponsesInterface.go:2323.16,2325.5 1 0
github.com/selectel/mks-go/pkg/v2/mksclient/mocks/mock_ClientWithResponsesInterface.go:2327.3,2327.81 1 0
github.com/selectel/mks-go/pkg/v2/mksclient/mocks/mock_ClientWithResponsesInterface.go:2329.2,2329.11 1 0
github.com/selectel/mks-go/pkg/v2/mksclient/mocks/mock_ClientWithResponsesInterface.go:2332.218,2335.2 2 0
github.com/selectel/mks-go/pkg/v2/mksclient/mocks/mock_ClientWithResponsesInterface.go:2337.295,2340.2 2 0
github.com/selectel/mks-go/pkg/v2/mksclient/mocks/mock_ClientWithResponsesInterface.go:2343.254,2345.29 2 0
github.com/selectel/mks-go/pkg/v2/mksclient/mocks/mock_ClientWithResponsesInterface.go:2345.29,2347.3 1 0
github.com/selectel/mks-go/pkg/v2/mksclient/mocks/mock_ClientWithResponsesInterface.go:2348.2,2353.19 5 0
github.com/selectel/mks-go/pkg/v2/mksclient/mocks/mock_ClientWithResponsesInterface.go:2353.19,2354.77 1 0
github.com/selectel/mks-go/pkg/v2/mksclient/mocks/mock_ClientWithResponsesInterface.go:2357.2,2359.168 3 0
github.com/selectel/mks-go/pkg/v2/mksclient/mocks/mock_ClientWithResponsesInterface.go:2359.168,2361.3 1 0
github.com/selectel/mks-go/pkg/v2/mksclient/mocks/mock_ClientWithResponsesInterface.go:2362.2,2362.159 1 0
github.com/selectel/mks-go/pkg/v2/mksclient/mocks/mock_ClientWithResponsesInterface.go:2362.159,2364.3 1 0
github.com/selectel/mks-go/pkg/v2/mksclient/mocks/mock_ClientWithResponsesInterface.go:2364.8,2365.24 1 0
github.com/selectel/mks-go/pkg/v2/mksclient/mocks/mock_ClientWithResponsesInterface.go:2365.24,2367.4 1 0
github.com/selectel/mks-go/pkg/v2/mksclient/mocks/mock_ClientWithResponsesInterface.go:2370.2,2370.130 1 0
github.com/selectel/mks-go/pkg/v2/mksclient/mocks/mock_ClientWithResponsesInterface.go:2370.130,2372.3 1 0
github.com/selectel/mks-go/pkg/v2/mksclient/mocks/mock_ClientWithResponsesInterface.go:2372.8,2374.3 1 0
github.com/selectel/mks-go/pkg/v2/mksclient/mocks/mock_ClientWithResponsesInterface.go:2376.2,2376.15 1 0
github.com/selectel/mks-go/pkg/v2/mksclient/mocks/mock_ClientWithResponsesInterface.go:2390.275,2393.2 1 0
github.com/selectel/mks-go/pkg/v2/mksclient/mocks/mock_ClientWithResponsesInterface.go:2395.304,2396.40 1 0
github.com/selectel/mks-go/pkg/v2/mksclient/mocks/mock_ClientWithResponsesInterface.go:2396.40,2398.30 2 0
github.com/selectel/mks-go/pkg/v2/mksclient/mocks/mock_ClientWithResponsesInterface.go:2398.30,2399.16 1 0
github.com/selectel/mks-go/pkg/v2/mksclient/mocks/mock_ClientWithResponsesInterface.go:2399.16,2401.5 1 0
github.com/selectel/mks-go/pkg/v2/mksclient/mocks/mock_ClientWithResponsesInterface.go:2403.3,2403.120 1 0
github.com/selectel/mks-go/pkg/v2/mksclient/mocks/mock_ClientWithResponsesInterface.go:2405.2,2405.11 1 0
github.com/selectel/mks-go/pkg/v2/mksclient/mocks/mock_ClientWithResponsesInterface.go:2408.219,2411.2 2 0
github.com/selectel/mks-go/pkg/v2/mksclient/mocks/mock_ClientWithResponsesInterface.go:2413.315,2416.2 2 0
github.com/selectel/mks-go/pkg/v2/mksclient/mocks/mock_ClientWithResponsesInterface.go:2419.257,2421.29 2 0
github.com/selectel/mks-go/pkg/v2/mksclient/mocks/mock_ClientWithResponsesInterface.go:2421.29,2423.3 1 0
github.com/selectel/mks-go/pkg/v2/mksclient/mocks/mock_ClientWithResponsesInterface.go:2424.2,2429.19 5 0
github.com/selectel/mks-go/pkg/v2/mksclient/mocks/mock_ClientWithResponsesInterface.go:2429.19,2430.69 1 0
github.com/selectel/mks-go/pkg/v2/mksclient/mocks/mock_ClientWithResponsesInterface.go:2433.2,2435.191 3 0
github.com/selectel/mks-go/pkg/v2/mksclient/mocks/mock_ClientWithResponsesInterface.go:2435.191,2437.3 1 0
github.com/selectel/mks-go/pkg/v2/mksclient/mocks/mock_ClientWithResponsesInterface.go:2438.2,2438.182 1 0
github.com/selectel/mks-go/pkg/v2/mksclient/mocks/mock_ClientWithResponsesInterface.go:2438.182,2440.3 1 0
github.com/selectel/mks-go/pkg/v2/mksclient/mocks/mock_ClientWithResponsesInterface.go:2440.8,2441.24 1 0
github.com/selectel/mks-go/pkg/v2/mksclient/mocks/mock_ClientWithResponsesInterface.go:2441.24,2443.4 1 0
github.com/selectel/mks-go/pkg/v2/mksclient/mocks/mock_ClientWithResponsesInterface.go:2446.2,2446.153 1 0
github.com/selectel/mks-go/pkg/v2/mksclient/mocks/mock_ClientWithResponsesInterface.go:2446.153,2448.3 1 0
github.com/selectel/mks-go/pkg/v2/mksclient/mocks/mock_ClientWithResponsesInterface.go:2448.8,2450.3 1 0
github.com/selectel/mks-go/pkg/v2/mksclient/mocks/mock_ClientWithResponsesInterface.go:2452.2,2452.15 1 0
github.com/selectel/mks-go/pkg/v2/mksclient/mocks/mock_ClientWithResponsesInterface.go:2465.234,2468.2 1 0
github.com/selectel/mks-go/pkg/v2/mksclient/mocks/mock_ClientWithResponsesInterface.go:2470.299,2471.40 1 0
github.com/selectel/mks-go/pkg/v2/mksclient/mocks/mock_ClientWithResponsesInterface.go:2471.40,2473.30 2 0
github.com/selectel/mks-go/pkg/v2/mksclient/mocks/mock_ClientWithResponsesInterface.go:2473.30,2474.16 1 0
github.com/selectel/mks-go/pkg/v2/mksclient/mocks/mock_ClientWithResponsesInterface.go:2474.16,2476.5 1 0
github.com/selectel/mks-go/pkg/v2/mksclient/mocks/mock_ClientWithResponsesInterface.go:2478.3,2478.133 1 0
github.com/selectel/mks-go/pkg/v2/mksclient/mocks/mock_ClientWithResponsesInterface.go:2480.2,2480.11 1 0
github.com/selectel/mks-go/pkg/v2/mksclient/mocks/mock_ClientWithResponsesInterface.go:2483.203,2486.2 2 0
github.com/selectel/mks-go/pkg/v2/mksclient/mocks/mock_ClientWithResponsesInterface.go:2488.322,2491.2 2 0
github.com/selectel/mks-go/pkg/v2/mksclient/mocks/mock_ClientWithResponsesInterface.go:2494.293,2496.29 2 0
github.com/selectel/mks-go/pkg/v2/mksclient/mocks/mock_ClientWithResponsesInterface.go:2496.29,2498.3 1 0
github.com/selectel/mks-go/pkg/v2/mksclient/mocks/mock_ClientWithResponsesInterface.go:2499.2,2504.19 5 0
github.com/selectel/mks-go/pkg/v2/mksclient/mocks/mock_ClientWithResponsesInterface.go:2504.19,2505.79 1 0
github.com/selectel/mks-go/pkg/v2/mksclient/mocks/mock_ClientWithResponsesInterface.go:2508.2,2510.193 3 0
github.com/selectel/mks-go/pkg/v2/mksclient/mocks/mock_ClientWithResponsesInterface.go:2510.193,2512.3 1 0
github.com/selectel/mks-go/pkg/v2/mksclient/mocks/mock_ClientWithResponsesInterface.go:2513.2,2513.184 1 0
github.com/selectel/mks-go/pkg/v2/mksclient/mocks/mock_ClientWithResponsesInterface.go:2513.184,2515.3 1 0
github.com/selectel/mks-go/pkg/v2/mksclient/mocks/mock_ClientWithResponsesInterface.go:2515.8,2516.24 1 0
github.com/selectel/mks-go/pkg/v2/mksclient/mocks/mock_ClientWithResponsesInterface.go:2516.24,2518.4 1 0
github.com/selectel/mks-go/pkg/v2/mksclient/mocks/mock_ClientWithResponsesInterface.go:2521.2,2521.153 1 0
github.com/selectel/mks-go/pkg/v2/mksclient/mocks/mock_ClientWithResponsesInterface.go:2521.153,2523.3 1 0
github.com/selectel/mks-go/pkg/v2/mksclient/mocks/mock_ClientWithResponsesInterface.go:2523.8,2525.3 1 0
github.com/selectel/mks-go/pkg/v2/mksclient/mocks/mock_ClientWithResponsesInterface.go:2527.2,2527.15 1 0
github.com/selectel/mks-go/pkg/v2/mksclient/mocks/mock_ClientWithResponsesInterface.go:2542.304,2545.2 1 0
github.com/selectel/mks-go/pkg/v2/mksclient/mocks/mock_ClientWithResponsesInterface.go:2547.343,2548.40 1 0
github.com/selectel/mks-go/pkg/v2/mksclient/mocks/mock_ClientWithResponsesInterface.go:2548.40,2550.30 2 0
github.com/selectel/mks-go/pkg/v2/mksclient/mocks/mock_ClientWithResponsesInterface.go:2550.30,2551.16 1 0
github.com/selectel/mks-go/pkg/v2/mksclient/mocks/mock_ClientWithResponsesInterface.go:2551.16,2553.5 1 0
github.com/selectel/mks-go/pkg/v2/mksclient/mocks/mock_ClientWithResponsesInterface.go:2555.3,2555.153 1 0
github.com/selectel/mks-go/pkg/v2/mksclient/mocks/mock_ClientWithResponsesInterface.go:2557.2,2557.11 1 0
github.com/selectel/mks-go/pkg/v2/mksclient/mocks/mock_ClientWithResponsesInterface.go:2560.225,2563.2 2 0
github.com/selectel/mks-go/pkg/v2/mksclient/mocks/mock_ClientWithResponsesInterface.go:2565.344,2568.2 2 0
github.com/selectel/mks-go/pkg/v2/mksclient/mocks/mock_ClientWithResponsesInterface.go:2571.298,2573.29 2 0
github.com/selectel/mks-go/pkg/v2/mksclient/mocks/mock_ClientWithResponsesInterface.go:2573.29,2575.3 1 0
github.com/selectel/mks-go/pkg/v2/mksclient/mocks/mock_ClientWithResponsesInterface.go:2576.2,2581.19 5 0
github.com/selectel/mks-go/pkg/v2/mksclient/mocks/mock_ClientWithResponsesInterface.go:2581.19,2582.71 1 0
github.com/selectel/mks-go/pkg/v2/mksclient/mocks/mock_ClientWithResponsesInterface.go:2585.2,2587.218 3 0
github.com/selectel/mks-go/pkg/v2/mksclient/mocks/mock_ClientWithResponsesInterface.go:2587.218,2589.3 1 0
github.com/selectel/mks-go/pkg/v2/mksclient/mocks/mock_ClientWithResponsesInterface.go:2590.2,2590.209 1 0
github.com/selectel/mks-go/pkg/v2/mksclient/mocks/mock_ClientWithResponsesInterface.go:2590.209,2592.3 1 0
github.com/selectel/mks-go/pkg/v2/mksclient/mocks/mock_ClientWithResponsesInterface.go:2592.8,2593.24 1 0
github.com/selectel/mks-go/pkg/v2/mksclient/mocks/mock_ClientWithResponsesInterface.go:2593.24,2595.4 1 0
github.com/selectel/mks-go/pkg/v2/mksclient/mocks/mock_ClientWithResponsesInterface.go:2598.2,2598.178 1 0
github.com/selectel/mks-go/pkg/v2/mksclient/mocks/mock_ClientWithResponsesInterface.go:2598.178,2600.3 1 0
github.com/selectel/mks-go/pkg/v2/mksclient/mocks/mock_ClientWithResponsesInterface.go:2600.8,2602.3 1 0
github.com/selectel/mks-go/pkg/v2/mksclient/mocks/mock_ClientWithResponsesInterface.go:2604.2,2604.15 1 0
github.com/selectel/mks-go/pkg/v2/mksclient/mocks/mock_ClientWithResponsesInterface.go:2618.263,2621.2 1 0
github.com/selectel/mks-go/pkg/v2/mksclient/mocks/mock_ClientWithResponsesInterface.go:2623.340,2624.40 1 0
github.com/selectel/mks-go/pkg/v2/mksclient/mocks/mock_ClientWithResponsesInterface.go:2624.40,2626.30 2 0
github.com/selectel/mks-go/pkg/v2/mksclient/mocks/mock_ClientWithResponsesInterface.go:2626.30,2627.16 1 0
github.com/selectel/mks-go/pkg/v2/mksclient/mocks/mock_ClientWithResponsesInterface.go:2627.16,2629.5 1 0
github.com/selectel/mks-go/pkg/v2/mksclient/mocks/mock_ClientWithResponsesInterface.go:2631.3,2631.168 1 0
github.com/selectel/mks-go/pkg/v2/mksclient/mocks/mock_ClientWithResponsesInterface.go:2633.2,2633.11 1 0
github.com/selectel/mks-go/pkg/v2/mksclient/mocks/mock_ClientWithResponsesInterface.go:2636.209,2639.2 2 0
github.com/selectel/mks-go/pkg/v2/mksclient/mocks/mock_ClientWithResponsesInterface.go:2641.353,2644.2 2 0
github.com/selectel/mks-go/pkg/v2/mksclient/mocks/mock_ClientWithResponsesInterface.go:2647.260,2649.29 2 0
github.com/selectel/mks-go/pkg/v2/mksclient/mocks/mock_ClientWithResponsesInterface.go:2649.29,2651.3 1 0
github.com/selectel/mks-go/pkg/v2/mksclient/mocks/mock_ClientWithResponsesInterface.go:2652.2,2657.19 5 0
github.com/selectel/mks-go/pkg/v2/mksclient/mocks/mock_ClientWithResponsesInterface.go:2657.19,2658.80 1 0
github.com/selectel/mks-go/pkg/v2/mksclient/mocks/mock_ClientWithResponsesInterface.go:2661.2,2663.171 3 0
github.com/selectel/mks-go/pkg/v2/mksclient/mocks/mock_ClientWithResponsesInterface.go:2663.171,2665.3 1 0
github.com/selectel/mks-go/pkg/v2/mksclient/mocks/mock_ClientWithResponsesInterface.go:2666.2,2666.162 1 0
github.com/selectel/mks-go/pkg/v2/mksclient/mocks/mock_ClientWithResponsesInterface.go:2666.162,2668.3 1 0
github.com/selectel/mks-go/pkg/v2/mksclient/mocks/mock_ClientWithResponsesInterface.go:2668.8,2669.24 1 0
github.com/selectel/mks-go/pkg/v2/mksclient/mocks/mock_ClientWithResponsesInterface.go:2669.24,2671.4 1 0
github.com/selectel/mks-go/pkg/v2/mksclient/mocks/mock_ClientWithResponsesInterface.go:2674.2,2674.130 1 0
github.com/selectel/mks-go/pkg/v2/mksclient/mocks/mock_ClientWithResponsesInterface.go:2674.130,2676.3 1 0
github.com/selectel/mks-go/pkg/v2/mksclient/mocks/mock_ClientWithResponsesInterface.go:2676.8,2678.3 1 0
github.com/selectel/mks-go/pkg/v2/mksclient/mocks/mock_ClientWithResponsesInterface.go:2680.2,2680.15 1 0
github.com/selectel/mks-go/pkg/v2/mksclient/mocks/mock_ClientWithResponsesInterface.go:2694.281,2697.2 1 0
github.com/selectel/mks-go/pkg/v2/mksclient/mocks/mock_ClientWithResponsesInterface.go:2699.310,2700.40 1 0
github.com/selectel/mks-go/pkg/v2/mksclient/mocks/mock_ClientWithResponsesInterface.go:2700.40,2702.30 2 0
github.com/selectel/mks-go/pkg/v2/mksclient/mocks/mock_ClientWithResponsesInterface.go:2702.30,2703.16 1 0
github.com/selectel/mks-go/pkg/v2/mksclient/mocks/mock_ClientWithResponsesInterface.go:2703.16,2705.5 1 0
github.com/selectel/mks-go/pkg/v2/mksclient/mocks/mock_ClientWithResponsesInterface.go:2707.3,2707.120 1 0
github.com/selectel/mks-go/pkg/v2/mksclient/mocks/mock_ClientWithResponsesInterface.go:2709.2,2709.11 1 0
github.com/selectel/mks-go/pkg/v2/mksclient/mocks/mock_ClientWithResponsesInterface.go:2712.228,2715.2 2 0
github.com/selectel/mks-go/pkg/v2/mksclient/mocks/mock_ClientWithResponsesInterface.go:2717.324,2720.2 2 0
github.com/selectel/mks-go/pkg/v2/mksclient/mocks/mock_ClientWithResponsesInterface.go:2723.266,2725.29 2 0
github.com/selectel/mks-go/pkg/v2/mksclient/mocks/mock_ClientWithResponsesInterface.go:2725.29,2727.3 1 0
github.com/selectel/mks-go/pkg/v2/mksclient/mocks/mock_ClientWithResponsesInterface.go:2728.2,2733.19 5 0
github.com/selectel/mks-go/pkg/v2/mksclient/mocks/mock_ClientWithResponsesInterface.go:2733.19,2734.72 1 0
github.com/selectel/mks-go/pkg/v2/mksclient/mocks/mock_ClientWithResponsesInterface.go:2737.2,2739.197 3 0
github.com/selectel/mks-go/pkg/v2/mksclient/mocks/mock_ClientWithResponsesInterface.go:2739.197,2741.3 1 0
github.com/selectel/mks-go/pkg/v2/mksclient/mocks/mock_ClientWithResponsesInterface.go:2742.2,2742.188 1 0
github.com/selectel/mks-go/pkg/v2/mksclient/mocks/mock_ClientWithResponsesInterface.go:2742.188,2744.3 1 0
github.com/selectel/mks-go/pkg/v2/mksclient/mocks/mock_ClientWithResponsesInterface.go:2744.8,2745.24 1 0
github.com/selectel/mks-go/pkg/v2/mksclient/mocks/mock_ClientWithResponsesInterface.go:2745.24,2747.4 1 0
github.com/selectel/mks-go/pkg/v2/mksclient/mocks/mock_ClientWithResponsesInterface.go:2750.2,2750.156 1 0
github.com/selectel/mks-go/pkg/v2/mksclient/mocks/mock_ClientWithResponsesInterface.go:2750.156,2752.3 1 0
github.com/selectel/mks-go/pkg/v2/mksclient/mocks/mock_ClientWithResponsesInterface.go:2752.8,2754.3 1 0
github.com/selectel/mks-go/pkg/v2/mksclient/mocks/mock_ClientWithResponsesInterface.go:2756.2,2756.15 1 0
github.com/selectel/mks-go/pkg/v2/mksclient/mocks/mock_ClientWithResponsesInterface.go:2769.240,2772.2 1 0
github.com/selectel/mks-go/pkg/v2/mksclient/mocks/mock_ClientWithResponsesInterface.go:2774.308,2775.40 1 0
github.com/selectel/mks-go/pkg/v2/mksclient/mocks/mock_ClientWithResponsesInterface.go:2775.40,2777.30 2 0
github.com/selectel/mks-go/pkg/v2/mksclient/mocks/mock_ClientWithResponsesInterface.go:2777.30,2778.16 1 0
github.com/selectel/mks-go/pkg/v2/mksclient/mocks/mock_ClientWithResponsesInterface.go:2778.16,2780.5 1 0
github.com/selectel/mks-go/pkg/v2/mksclient/mocks/mock_ClientWithResponsesInterface.go:2782.3,2782.136 1 0
github.com/selectel/mks-go/pkg/v2/mksclient/mocks/mock_ClientWithResponsesInterface.go:2784.2,2784.11 1 0
github.com/selectel/mks-go/pkg/v2/mksclient/mocks/mock_ClientWithResponsesInterface.go:2787.212,2790.2 2 0
github.com/selectel/mks-go/pkg/v2/mksclient/mocks/mock_ClientWithResponsesInterface.go:2792.334,2795.2 2 0
github.com/selectel/mks-go/pkg/v2/mksclient/mocks/mock_ClientWithResponsesInterface.go:2798.222,2800.29 2 0
github.com/selectel/mks-go/pkg/v2/mksclient/mocks/mock_ClientWithResponsesInterface.go:2800.29,2802.3 1 0
github.com/selectel/mks-go/pkg/v2/mksclient/mocks/mock_ClientWithResponsesInterface.go:2803.2,2808.19 5 0
github.com/selectel/mks-go/pkg/v2/mksclient/mocks/mock_ClientWithResponsesInterface.go:2808.19,2809.75 1 0
github.com/selectel/mks-go/pkg/v2/mksclient/mocks/mock_ClientWithResponsesInterface.go:2812.2,2814.155 3 0
github.com/selectel/mks-go/pkg/v2/mksclient/mocks/mock_ClientWithResponsesInterface.go:2814.155,2816.3 1 0
github.com/selectel/mks-go/pkg/v2/mksclient/mocks/mock_ClientWithResponsesInterface.go:2817.2,2817.146 1 0
github.com/selectel/mks-go/pkg/v2/mksclient/mocks/mock_ClientWithResponsesInterface.go:2817.146,2819.3 1 0
github.com/selectel/mks-go/pkg/v2/mksclient/mocks/mock_ClientWithResponsesInterface.go:2819.8,2820.24 1 0
github.com/selectel/mks-go/pkg/v2/mksclient/mocks/mock_ClientWithResponsesInterface.go:2820.24,2822.4 1 0
github.com/selectel/mks-go/pkg/v2/mksclient/mocks/mock_ClientWithResponsesInterface.go:2825.2,2825.111 1 0
github.com/selectel/mks-go/pkg/v2/mksclient/mocks/mock_ClientWithResponsesInterface.go:2825.111,2827.3 1 0
github.com/selectel/mks-go/pkg/v2/mksclient/mocks/mock_ClientWithResponsesInterface.go:2827.8,2829.3 1 0
github.com/selectel/mks-go/pkg/v2/mksclient/mocks/mock_ClientWithResponsesInterface.go:2831.2,2831.15 1 0
github.com/selectel/mks-go/pkg/v2/mksclient/mocks/mock_ClientWithResponsesInterface.go:2843.228,2846.2 1 0
github.com/selectel/mks-go/pkg/v2/mksclient/mocks/mock_ClientWithResponsesInterface.go:2848.264,2849.40 1 0
github.com/selectel/mks-go/pkg/v2/mksclient/mocks/mock_ClientWithResponsesInterface.go:2849.40,2851.30 2 0
github.com/selectel/mks-go/pkg/v2/mksclient/mocks/mock_ClientWithResponsesInterface.go:2851.30,2852.16 1 0
github.com/selectel/mks-go/pkg/v2/mksclient/mocks/mock_ClientWithResponsesInterface.go:2852.16,2854.5 1 0
github.com/selectel/mks-go/pkg/v2/mksclient/mocks/mock_ClientWithResponsesInterface.go:2856.3,2856.81 1 0
github.com/selectel/mks-go/pkg/v2/mksclient/mocks/mock_ClientWithResponsesInterface.go:2858.2,2858.11 1 0
github.com/selectel/mks-go/pkg/v2/mksclient/mocks/mock_ClientWithResponsesInterface.go:2861.221,2864.2 2 0
github.com/selectel/mks-go/pkg/v2/mksclient/mocks/mock_ClientWithResponsesInterface.go:2866.298,2869.2 2 0
github.com/selectel/mks-go/pkg/v2/mksclient/mocks/mock_ClientWithResponsesInterface.go:2872.222,2874.29 2 0
github.com/selectel/mks-go/pkg/v2/mksclient/mocks/mock_ClientWithResponsesInterface.go:2874.29,2876.3 1 0
github.com/selectel/mks-go/pkg/v2/mksclient/mocks/mock_ClientWithResponsesInterface.go:2877.2,2882.19 5 0
github.com/selectel/mks-go/pkg/v2/mksclient/mocks/mock_ClientWithResponsesInterface.go:2882.19,2883.75 1 0
github.com/selectel/mks-go/pkg/v2/mksclient/mocks/mock_ClientWithResponsesInterface.go:2886.2,2888.155 3 0
github.com/selectel/mks-go/pkg/v2/mksclient/mocks/mock_ClientWithResponsesInterface.go:2888.155,2890.3 1 0
github.com/selectel/mks-go/pkg/v2/mksclient/mocks/mock_ClientWithResponsesInterface.go:2891.2,2891.146 1 0
github.com/selectel/mks-go/pkg/v2/mksclient/mocks/mock_ClientWithResponsesInterface.go:2891.146,2893.3 1 0
github.com/selectel/mks-go/pkg/v2/mksclient/mocks/mock_ClientWithResponsesInterface.go:2893.8,2894.24 1 0
github.com/selectel/mks-go/pkg/v2/mksclient/mocks/mock_ClientWithResponsesInterface.go:2894.24,2896.4 1 0
github.com/selectel/mks-go/pkg/v2/mksclient/mocks/mock_ClientWithResponsesInterface.go:2899.2,2899.111 1 0
github.com/selectel/mks-go/pkg/v2/mksclient/mocks/mock_ClientWithResponsesInterface.go:2899.111,2901.3 1 0
github.com/selectel/mks-go/pkg/v2/mksclient/mocks/mock_ClientWithResponsesInterface.go:2901.8,2903.3 1 0
github.com/selectel/mks-go/pkg/v2/mksclient/mocks/mock_ClientWithResponsesInterface.go:2905.2,2905.15 1 0
github.com/selectel/mks-go/pkg/v2/mksclient/mocks/mock_ClientWithResponsesInterface.go:2917.228,2920.2 1 0
github.com/selectel/mks-go/pkg/v2/mksclient/mocks/mock_ClientWithResponsesInterface.go:2922.264,2923.40 1 0
github.com/selectel/mks-go/pkg/v2/mksclient/mocks/mock_ClientWithResponsesInterface.go:2923.40,2925.30 2 0
github.com/selectel/mks-go/pkg/v2/mksclient/mocks/mock_ClientWithResponsesInterface.go:2925.30,2926.16 1 0
github.com/selectel/mks-go/pkg/v2/mksclient/mocks/mock_ClientWithResponsesInterface.go:2926.16,2928.5 1 0
github.com/selectel/mks-go/pkg/v2/mksclient/mocks/mock_ClientWithResponsesInterface.go:2930.3,2930.81 1 0
github.com/selectel/mks-go/pkg/v2/mksclient/mocks/mock_ClientWithResponsesInterface.go:2932.2,2932.11 1 0
github.com/selectel/mks-go/pkg/v2/mksclient/mocks/mock_ClientWithResponsesInterface.go:2935.221,2938.2 2 0
github.com/selectel/mks-go/pkg/v2/mksclient/mocks/mock_ClientWithResponsesInterface.go:2940.298,2943.2 2 0
github.com/selectel/mks-go/pkg/v2/mksclient/mocks/mock_ClientWithResponsesInterface.go:2950.38,2954.19 3 0
github.com/selectel/mks-go/pkg/v2/mksclient/mocks/mock_ClientWithResponsesInterface.go:2954.19,2954.49 1 0
github.com/selectel/mks-go/pkg/v2/mksclient/mocks/mock_ClientWithResponsesInterface.go:2956.2,2956.13 1 0
github.com/selectel/mks-go/pkg/v2/mksclient/mocks/mock_HttpRequestDoer.go:20.71,22.2 1 0
github.com/selectel/mks-go/pkg/v2/mksclient/mocks/mock_HttpRequestDoer.go:25.78,28.19 2 0
github.com/selectel/mks-go/pkg/v2/mksclient/mocks/mock_HttpRequestDoer.go:28.19,29.44 1 0
github.com/selectel/mks-go/pkg/v2/mksclient/mocks/mock_HttpRequestDoer.go:32.2,34.76 3 0
github.com/selectel/mks-go/pkg/v2/mksclient/mocks/mock_HttpRequestDoer.go:34.76,36.3 1 0
github.com/selectel/mks-go/pkg/v2/mksclient/mocks/mock_HttpRequestDoer.go:37.2,37.67 1 0
github.com/selectel/mks-go/pkg/v2/mksclient/mocks/mock_HttpRequestDoer.go:37.67,39.3 1 0
github.com/selectel/mks-go/pkg/v2/mksclient/mocks/mock_HttpRequestDoer.go:39.8,40.24 1 0
github.com/selectel/mks-go/pkg/v2/mksclient/mocks/mock_HttpRequestDoer.go:40.24,42.4 1 0
github.com/selectel/mks-go/pkg/v2/mksclient/mocks/mock_HttpRequestDoer.go:45.2,45.58 1 0
github.com/selectel/mks-go/pkg/v2/mksclient/mocks/mock_HttpRequestDoer.go:45.58,47.3 1 0
github.com/selectel/mks-go/pkg/v2/mksclient/mocks/mock_HttpRequestDoer.go:47.8,49.3 1 0
github.com/selectel/mks-go/pkg/v2/mksclient/mocks/mock_HttpRequestDoer.go:51.2,51.15 1 0
github.com/selectel/mks-go/pkg/v2/mksclient/mocks/mock_HttpRequestDoer.go:61.90,63.2 1 0
github.com/selectel/mks-go/pkg/v2/mksclient/mocks/mock_HttpRequestDoer.go:65.102,66.40 1 0
github.com/selectel/mks-go/pkg/v2/mksclient/mocks/mock_HttpRequestDoer.go:66.40,68.3 1 0
github.com/selectel/mks-go/pkg/v2/mksclient/mocks/mock_HttpRequestDoer.go:69.2,69.11 1 0
github.com/selectel/mks-go/pkg/v2/mksclient/mocks/mock_HttpRequestDoer.go:72.107,75.2 2 0
github.com/selectel/mks-go/pkg/v2/mksclient/mocks/mock_HttpRequestDoer.go:77.131,80.2 2 0
github.com/selectel/mks-go/pkg/v2/mksclient/mocks/mock_HttpRequestDoer.go:87.25,91.19 3 0
github.com/selectel/mks-go/pkg/v2/mksclient/mocks/mock_HttpRequestDoer.go:91.19,91.49 1 0
github.com/selectel/mks-go/pkg/v2/mksclient/mocks/mock_HttpRequestDoer.go:93.2,93.13 1 0
github.com/selectel/mks-go/pkg/v2/mksclient/mocks/mock_RequestEditorFn.go:21.71,23.2 1 0
github.com/selectel/mks-go/pkg/v2/mksclient/mocks/mock_RequestEditorFn.go:26.86,29.19 2 0
github.com/selectel/mks-go/pkg/v2/mksclient/mocks/mock_RequestEditorFn.go:29.19,30.49 1 0
github.com/selectel/mks-go/pkg/v2/mksclient/mocks/mock_RequestEditorFn.go:33.2,34.75 2 0
github.com/selectel/mks-go/pkg/v2/mksclient/mocks/mock_RequestEditorFn.go:34.75,36.3 1 0
github.com/selectel/mks-go/pkg/v2/mksclient/mocks/mock_RequestEditorFn.go:36.8,38.3 1 0
github.com/selectel/mks-go/pkg/v2/mksclient/mocks/mock_RequestEditorFn.go:40.2,40.11 1 0
github.com/selectel/mks-go/pkg/v2/mksclient/mocks/mock_RequestEditorFn.go:51.117,53.2 1 0
github.com/selectel/mks-go/pkg/v2/mksclient/mocks/mock_RequestEditorFn.go:55.133,56.40 1 0
github.com/selectel/mks-go/pkg/v2/mksclient/mocks/mock_RequestEditorFn.go:56.40,58.3 1 0
github.com/selectel/mks-go/pkg/v2/mksclient/mocks/mock_RequestEditorFn.go:59.2,59.11 1 0
github.com/selectel/mks-go/pkg/v2/mksclient/mocks/mock_RequestEditorFn.go:62.97,65.2 2 0
github.com/selectel/mks-go/pkg/v2/mksclient/mocks/mock_RequestEditorFn.go:67.140,70.2 2 0
github.com/selectel/mks-go/pkg/v2/mksclient/mocks/mock_RequestEditorFn.go:77.25,81.19 3 0
github.com/selectel/mks-go/pkg/v2/mksclient/mocks/mock_RequestEditorFn.go:81.19,81.49 1 0
github.com/selectel/mks-go/pkg/v2/mksclient/mocks/mock_RequestEditorFn.go:83.2,83.13 1 0
github.com/selectel/mks-go/pkg/v2/task/requests.go:12.108,17.16 2 5
github.com/selectel/mks-go/pkg/v2/task/requests.go:17.16,19.3 1 1
github.com/selectel/mks-go/pkg/v2/task/requests.go:21.2,21.35 1 4
github.com/selectel/mks-go/pkg/v2/task/requests.go:21.35,23.3 1 1
github.com/selectel/mks-go/pkg/v2/task/requests.go:25.2,28.3 1 3
github.com/selectel/mks-go/pkg/v2/task/requests.go:32.124,39.16 2 5
github.com/selectel/mks-go/pkg/v2/task/requests.go:39.16,41.3 1 1
github.com/selectel/mks-go/pkg/v2/task/requests.go:43.2,43.35 1 4
github.com/selectel/mks-go/pkg/v2/task/requests.go:43.35,44.42 1 1
github.com/selectel/mks-go/pkg/v2/task/requests.go:44.42,46.4 1 0
github.com/selectel/mks-go/pkg/v2/task/requests.go:48.3,48.43 1 1
github.com/selectel/mks-go/pkg/v2/task/requests.go:51.2,54.3 1 3
